股票代码,日期,开盘,收盘,最高,最低,成交量,成交额,振幅,涨跌额,换手率,涨跌幅
000001,2026-07-10 00:00:00,10.5,10.45,10.51,10.4,95732035.0,999718250.0,0.493,-0.05,,-0.4762
000001,2026-07-13 00:00:00,10.42,10.54,10.55,10.38,92474624.0,971033140.0,0.477,0.09,,0.8612
000001,2026-07-14 00:00:00,10.53,10.69,10.7,10.48,119371535.0,1267511180.0,0.615,0.15,,1.4231
000001,2026-07-15 00:00:00,10.65,10.84,10.87,10.63,98142155.0,1059209090.0,0.506,0.15,,1.4032
000001,2026-07-16 00:00:00,10.85,10.77,10.93,10.72,80076623.0,864435900.0,0.413,-0.07,,-0.6458
000001,2026-07-17 00:00:00,10.75,10.78,10.88,10.72,107549901.0,1163189280.0,0.554,0.01,,0.0929
000001,2026-07-20 00:00:00,10.75,10.98,11.0,10.74,156730390.0,1713460200.0,0.808,0.2,,1.8553
000001,2026-07-21 00:00:00,10.99,10.84,11.13,10.83,175511290.0,1925298900.0,0.904,-0.14,,-1.275
000001,2026-07-22 00:00:00,10.81,10.98,10.98,10.77,102948394.0,1120150610.0,0.531,0.14,,1.2915
000001,2026-07-23 00:00:00,10.92,11.08,11.12,10.9,109574268.0,1210838020.0,0.565,0.1,,0.9107
000001,2026-07-24 00:00:00,11.09,11.1,11.18,11.09,114093292.0,1269361120.0,0.588,0.02,,0.1805
000002,2026-07-10 00:00:00,2.99,3.11,3.14,2.95,216014510.0,665318290.0,2.223,0.12,,4.0134
000002,2026-07-13 00:00:00,3.05,3.03,3.09,3.02,160654000.0,489579930.0,1.653,-0.08,,-2.5723
000002,2026-07-14 00:00:00,3.03,3.05,3.05,2.99,83858700.0,253676770.0,0.863,0.02,,0.6601
000002,2026-07-15 00:00:00,3.03,3.13,3.14,3.02,149764610.0,465493110.0,1.541,0.08,,2.623
000002,2026-07-16 00:00:00,3.11,3.23,3.24,3.09,203325860.0,645350060.0,2.093,0.1,,3.1949
000002,2026-07-17 00:00:00,3.2,3.1,3.26,3.08,192498550.0,606470470.0,1.981,-0.13,,-4.0248
000002,2026-07-20 00:00:00,3.09,3.15,3.17,3.07,161553610.0,505119120.0,1.663,0.05,,1.6129
000002,2026-07-21 00:00:00,3.12,3.13,3.17,3.1,138402990.0,432657760.0,1.424,-0.02,,-0.6349
000002,2026-07-22 00:00:00,3.11,3.19,3.22,3.09,163572260.0,517044810.0,1.683,0.06,,1.9169
000002,2026-07-23 00:00:00,3.16,3.17,3.17,3.1,112395903.0,352557750.0,1.157,-0.02,,-0.627
000002,2026-07-24 00:00:00,3.14,3.07,3.17,3.07,112405079.0,349079950.0,1.157,-0.1,,-3.1546
000063,2026-07-10 00:00:00,39.8,40.53,43.0,39.63,450271800.0,18634061000.0,11.18,0.73,,1.8342
000063,2026-07-13 00:00:00,41.0,40.04,42.5,39.58,332314430.0,13691866000.0,8.251,-0.49,,-1.209
000063,2026-07-14 00:00:00,41.0,39.91,41.58,37.61,307129590.0,11991109100.0,7.626,-0.13,,-0.3247
000063,2026-07-15 00:00:00,40.4,39.45,41.28,38.79,267769160.0,10679576700.0,6.648,-0.46,,-1.1526
000063,2026-07-16 00:00:00,40.0,40.0,41.41,39.3,361370010.0,14582857000.0,8.972,0.55,,1.3942
000063,2026-07-17 00:00:00,38.97,36.0,39.26,36.0,349713060.0,12871409000.0,8.683,-4.0,,-10.0
000063,2026-07-20 00:00:00,36.0,33.73,36.18,33.14,307859100.0,10650334800.0,7.644,-2.27,,-6.3056
000063,2026-07-21 00:00:00,33.85,34.88,34.94,32.39,235192030.0,7976105400.0,5.84,1.15,,3.4094
000063,2026-07-22 00:00:00,34.25,37.5,38.37,34.11,482599770.0,17989047000.0,11.982,2.62,,7.5115
000063,2026-07-23 00:00:00,37.01,35.92,37.55,35.81,283559670.0,10344885600.0,7.04,-1.58,,-4.2133
000063,2026-07-24 00:00:00,35.01,35.0,35.82,34.8,179141970.0,6307641500.0,4.448,-0.92,,-2.5612
000100,2026-07-10 00:00:00,5.37,5.12,5.49,5.12,1307688950.0,6951893700.0,6.5,-0.25,,-4.6555
000100,2026-07-13 00:00:00,5.07,4.81,5.11,4.76,1099352130.0,5389379100.0,5.464,-0.31,,-6.0547
000100,2026-07-14 00:00:00,4.99,5.13,5.16,4.91,1127272420.0,5680738300.0,5.603,0.32,,6.6528
000100,2026-07-15 00:00:00,5.23,5.02,5.24,4.95,828052210.0,4196648900.0,4.116,-0.11,,-2.1442
000100,2026-07-16 00:00:00,4.9,4.98,5.07,4.88,659625440.0,3287056600.0,3.279,-0.04,,-0.7968
000100,2026-07-17 00:00:00,4.96,5.0,5.06,4.85,915428410.0,4550229100.0,4.551,0.02,,0.4016
000100,2026-07-20 00:00:00,5.01,4.97,5.1,4.89,836572870.0,4192553900.0,4.159,-0.03,,-0.6
000100,2026-07-21 00:00:00,5.0,5.35,5.35,4.99,1204324370.0,6267947300.0,5.987,0.38,,7.6459
000100,2026-07-22 00:00:00,5.24,5.15,5.32,5.13,852378960.0,4440919800.0,4.238,-0.2,,-3.7383
000100,2026-07-23 00:00:00,5.15,5.16,5.19,5.06,602774820.0,3090182900.0,2.997,0.01,,0.1942
000100,2026-07-24 00:00:00,5.07,5.04,5.11,5.02,427524240.0,2163255500.0,2.125,-0.12,,-2.3256
000157,2026-07-10 00:00:00,6.9,7.06,7.13,6.85,71474344.0,516428260.0,1.011,0.16,,2.3188
000157,2026-07-13 00:00:00,7.03,6.79,7.04,6.77,64218566.0,452969680.0,0.908,-0.27,,-3.8244
000157,2026-07-14 00:00:00,6.79,6.93,6.93,6.74,50426753.0,354612600.0,0.713,0.14,,2.0619
000157,2026-07-15 00:00:00,6.91,7.16,7.22,6.9,79043887.0,578210920.0,1.118,0.23,,3.3189
000157,2026-07-16 00:00:00,7.14,7.08,7.19,7.05,39839812.0,290795190.0,0.564,-0.08,,-1.1173
000157,2026-07-17 00:00:00,7.07,6.99,7.11,6.95,51207498.0,370170150.0,0.724,-0.09,,-1.2712
000157,2026-07-20 00:00:00,7.02,7.18,7.2,6.93,67650458.0,493683090.0,0.957,0.19,,2.7182
000157,2026-07-21 00:00:00,7.19,7.27,7.33,7.16,70821196.0,527593710.0,1.002,0.09,,1.2535
000157,2026-07-22 00:00:00,7.27,7.32,7.32,7.21,49660654.0,360958960.0,0.702,0.05,,0.6878
000157,2026-07-23 00:00:00,7.3,7.49,7.52,7.24,57364902.0,425403110.0,0.811,0.17,,2.3224
000157,2026-07-24 00:00:00,7.45,7.39,7.48,7.35,43840964.0,324504100.0,0.62,-0.1,,-1.3351
000166,2026-07-10 00:00:00,4.57,4.51,4.57,4.46,121321219.0,546138460.0,0.538,-0.06,,-1.3129
000166,2026-07-13 00:00:00,4.49,4.51,4.53,4.47,90531966.0,406874100.0,0.402,0.0,,0.0
000166,2026-07-14 00:00:00,4.49,4.57,4.57,4.46,100616159.0,454777190.0,0.447,0.06,,1.3304
000166,2026-07-15 00:00:00,4.55,4.66,4.68,4.55,128874078.0,596455370.0,0.572,0.09,,1.9694
000166,2026-07-16 00:00:00,4.63,4.64,4.66,4.58,92730600.0,428355510.0,0.412,-0.02,,-0.4292
000166,2026-07-17 00:00:00,4.63,4.58,4.67,4.57,115455953.0,533989670.0,0.512,-0.06,,-1.2931
000166,2026-07-20 00:00:00,4.59,4.71,4.71,4.59,153464030.0,716817590.0,0.681,0.13,,2.8384
000166,2026-07-21 00:00:00,4.71,4.68,4.78,4.66,122248740.0,575586270.0,0.543,-0.03,,-0.6369
000166,2026-07-22 00:00:00,4.66,4.67,4.68,4.59,70645537.0,328198790.0,0.314,-0.01,,-0.2137
000166,2026-07-23 00:00:00,4.67,4.73,4.75,4.65,86894111.0,408540670.0,0.386,0.06,,1.2848
000166,2026-07-24 00:00:00,4.71,4.64,4.73,4.63,67984905.0,317459040.0,0.302,-0.09,,-1.9027
000301,2026-07-10 00:00:00,12.04,12.55,12.56,11.64,45395848.0,548075460.0,0.687,0.51,,4.2359
000301,2026-07-13 00:00:00,12.29,11.4,12.35,11.35,40318849.0,474362670.0,0.61,-1.15,,-9.1633
000301,2026-07-14 00:00:00,11.46,12.23,12.37,11.25,41828901.0,496567340.0,0.633,0.83,,7.2807
000301,2026-07-15 00:00:00,12.05,11.61,12.25,11.47,41090966.0,484636940.0,0.622,-0.62,,-5.0695
000301,2026-07-16 00:00:00,11.43,11.35,11.65,11.25,24238777.0,275853060.0,0.367,-0.26,,-2.2394
000301,2026-07-17 00:00:00,11.37,11.4,11.61,11.15,27110743.0,309127980.0,0.41,0.05,,0.4405
000301,2026-07-20 00:00:00,11.56,11.87,12.07,11.56,34598532.0,407691090.0,0.524,0.47,,4.1228
000301,2026-07-21 00:00:00,11.65,11.58,11.88,11.31,34530632.0,398661270.0,0.523,-0.29,,-2.4431
000301,2026-07-22 00:00:00,11.43,11.83,11.97,11.43,30747128.0,361419310.0,0.465,0.25,,2.1589
000301,2026-07-23 00:00:00,11.74,12.17,12.21,11.6,30504946.0,366119830.0,0.462,0.34,,2.874
000301,2026-07-24 00:00:00,12.16,11.6,12.3,11.57,24678721.0,292223210.0,0.373,-0.57,,-4.6836
000333,2026-07-10 00:00:00,79.14,78.99,79.3,77.86,27961858.0,2201420900.0,0.408,-0.15,,-0.1895
000333,2026-07-13 00:00:00,78.5,80.4,80.67,78.42,47041628.0,3769459400.0,0.685,1.41,,1.785
000333,2026-07-14 00:00:00,80.43,81.18,82.0,79.91,45750333.0,3706958300.0,0.666,0.78,,0.9701
000333,2026-07-15 00:00:00,81.17,82.67,82.76,80.58,33221104.0,2726356500.0,0.484,1.49,,1.8354
000333,2026-07-16 00:00:00,82.15,81.8,83.45,81.8,36238235.0,2982559400.0,0.527,-0.87,,-1.0524
000333,2026-07-17 00:00:00,82.31,82.71,83.45,81.34,46279515.0,3817607300.0,0.673,0.91,,1.1125
000333,2026-07-20 00:00:00,81.23,84.3,84.5,81.11,54704808.0,4571947500.0,0.795,1.59,,1.9224
000333,2026-07-21 00:00:00,84.15,84.27,85.75,83.61,45909911.0,3881820700.0,0.667,-0.03,,-0.0356
000333,2026-07-22 00:00:00,84.04,84.8,84.8,83.51,32691694.0,2751711200.0,0.475,0.53,,0.6289
000333,2026-07-23 00:00:00,84.67,84.77,85.18,84.27,19123849.0,1620700000.0,0.278,-0.03,,-0.0354
000333,2026-07-24 00:00:00,84.75,84.5,85.2,84.11,23791082.0,2014365100.0,0.346,-0.27,,-0.3185
000338,2026-07-10 00:00:00,28.03,27.57,28.52,27.4,87715460.0,2460998000.0,1.771,-0.46,,-1.6411
000338,2026-07-13 00:00:00,27.49,26.6,27.68,26.26,92510036.0,2475348900.0,1.868,-0.97,,-3.5183
000338,2026-07-14 00:00:00,26.23,27.65,27.65,25.53,104552524.0,2774738900.0,2.109,1.05,,3.9474
000338,2026-07-15 00:00:00,27.44,26.45,27.8,25.5,121572668.0,3215807500.0,2.453,-1.2,,-4.34
000338,2026-07-16 00:00:00,26.08,25.66,26.49,25.36,88929736.0,2295334500.0,1.794,-0.79,,-2.9868
000338,2026-07-17 00:00:00,25.33,24.6,25.48,24.03,122534575.0,3016508400.0,2.472,-1.06,,-4.1309
000338,2026-07-20 00:00:00,24.83,24.29,25.98,23.8,114295027.0,2828798500.0,2.306,-0.31,,-1.2602
000338,2026-07-21 00:00:00,24.6,26.55,26.65,24.42,138027230.0,3562503800.0,2.785,2.26,,9.3042
000338,2026-07-22 00:00:00,27.05,26.85,27.66,26.59,102390779.0,2780307800.0,2.066,0.3,,1.1299
000338,2026-07-23 00:00:00,27.1,27.99,28.08,27.03,106837417.0,2959623600.0,2.156,1.14,,4.2458
000338,2026-07-24 00:00:00,27.55,27.62,28.06,27.07,65364440.0,1804518500.0,1.319,-0.37,,-1.3219
000408,2026-07-10 00:00:00,69.41,69.3,72.05,68.26,18445198.0,1291695540.0,1.176,-0.11,,-0.1585
000408,2026-07-13 00:00:00,68.77,67.35,68.9,66.87,11674194.0,789552290.0,0.744,-1.95,,-2.8139
000408,2026-07-14 00:00:00,67.09,70.98,71.8,66.5,16522289.0,1146332600.0,1.053,3.63,,5.3898
000408,2026-07-15 00:00:00,73.02,71.5,74.0,71.03,15488128.0,1117248040.0,0.987,0.52,,0.7326
000408,2026-07-16 00:00:00,70.71,70.68,73.15,70.03,11551327.0,824237190.0,0.736,-0.82,,-1.1469
000408,2026-07-17 00:00:00,69.62,68.6,70.45,67.79,13001410.0,895765530.0,0.829,-2.08,,-2.9428
000408,2026-07-20 00:00:00,68.72,69.84,70.42,67.38,15098726.0,1045597320.0,0.962,1.24,,1.8076
000408,2026-07-21 00:00:00,70.75,72.31,72.63,70.6,18299208.0,1308581410.0,1.166,2.47,,3.5367
000408,2026-07-22 00:00:00,74.0,76.56,77.88,74.0,24078636.0,1844666400.0,1.535,4.25,,5.8775
000408,2026-07-23 00:00:00,77.7,79.46,80.59,76.62,20870723.0,1652514200.0,1.33,2.9,,3.7879
000408,2026-07-24 00:00:00,77.8,77.27,79.36,77.0,12246434.0,953073150.0,0.781,-2.19,,-2.7561
000425,2026-07-10 00:00:00,8.36,8.43,8.56,8.18,94021632.0,791749930.0,1.045,0.07,,0.8373
000425,2026-07-13 00:00:00,8.35,8.12,8.35,8.03,91724232.0,744876230.0,1.019,-0.31,,-3.6773
000425,2026-07-14 00:00:00,8.08,8.22,8.22,7.96,69394518.0,563150940.0,0.771,0.1,,1.2315
000425,2026-07-15 00:00:00,8.22,8.39,8.75,8.17,165154420.0,1398225700.0,1.835,0.17,,2.0681
000425,2026-07-16 00:00:00,8.3,8.47,8.66,8.25,125709583.0,1067130620.0,1.397,0.08,,0.9535
000425,2026-07-17 00:00:00,8.45,8.31,8.54,8.26,101667077.0,850040260.0,1.13,-0.16,,-1.889
000425,2026-07-20 00:00:00,8.36,8.69,8.75,8.21,164370760.0,1413079200.0,1.826,0.38,,4.5728
000425,2026-07-21 00:00:00,8.7,8.85,8.94,8.7,126451447.0,1114824410.0,1.405,0.16,,1.8412
000425,2026-07-22 00:00:00,8.85,8.78,8.97,8.69,95885298.0,843035630.0,1.065,-0.07,,-0.791
000425,2026-07-23 00:00:00,8.73,9.14,9.2,8.61,125316701.0,1120772650.0,1.392,0.36,,4.1002
000425,2026-07-24 00:00:00,9.04,8.89,9.09,8.83,80448229.0,716745330.0,0.894,-0.25,,-2.7352
000538,2026-07-10 00:00:00,48.36,48.82,49.0,47.8,9416241.0,457178340.0,0.531,0.46,,0.9512
000538,2026-07-13 00:00:00,48.83,49.75,50.03,48.78,14686289.0,728464410.0,0.828,0.93,,1.905
000538,2026-07-14 00:00:00,49.53,50.05,50.46,49.09,15958789.0,798252380.0,0.9,0.3,,0.603
000538,2026-07-15 00:00:00,49.89,50.8,51.0,49.66,15986163.0,810366520.0,0.902,0.75,,1.4985
000538,2026-07-16 00:00:00,50.82,52.11,52.26,50.43,22401510.0,1156119910.0,1.264,1.31,,2.5787
000538,2026-07-17 00:00:00,51.75,51.42,52.62,51.2,19885592.0,1029242860.0,1.122,-0.69,,-1.3241
000538,2026-07-20 00:00:00,51.08,52.04,52.08,50.65,16864793.0,870386430.0,0.951,0.62,,1.2058
000538,2026-07-21 00:00:00,51.65,51.2,52.82,51.0,20502956.0,1063159450.0,1.156,-0.84,,-1.6141
000538,2026-07-22 00:00:00,51.1,51.75,51.76,50.8,13547519.0,695888220.0,0.764,0.55,,1.0742
000538,2026-07-23 00:00:00,51.4,51.7,51.93,51.09,8902748.0,459482560.0,0.502,-0.05,,-0.0966
000538,2026-07-24 00:00:00,51.69,51.0,52.21,50.87,7637620.0,392295770.0,0.431,-0.7,,-1.354
000568,2026-07-10 00:00:00,75.0,78.18,78.21,74.03,19818522.0,1523502900.0,1.347,3.18,,4.24
000568,2026-07-13 00:00:00,77.18,76.75,77.48,76.06,11485515.0,880177410.0,0.781,-1.43,,-1.8291
000568,2026-07-14 00:00:00,76.8,77.65,77.98,76.35,10860609.0,837777560.0,0.738,0.9,,1.1726
000568,2026-07-15 00:00:00,76.81,83.12,83.61,76.11,26563633.0,2165934500.0,1.806,5.47,,7.0444
000568,2026-07-16 00:00:00,83.11,84.18,85.07,82.66,19022649.0,1598165600.0,1.293,1.06,,1.2753
000568,2026-07-17 00:00:00,84.16,82.46,85.62,81.95,19096481.0,1584338200.0,1.298,-1.72,,-2.0432
000568,2026-07-20 00:00:00,83.5,87.68,88.43,83.5,29396119.0,2550987300.0,1.998,5.22,,6.3303
000568,2026-07-21 00:00:00,86.6,85.22,88.46,84.45,29316388.0,2526692800.0,1.993,-2.46,,-2.8057
000568,2026-07-22 00:00:00,84.6,86.8,86.85,83.1,17887439.0,1522625900.0,1.216,1.58,,1.854
000568,2026-07-23 00:00:00,85.86,85.13,86.38,84.36,11186059.0,951328960.0,0.76,-1.67,,-1.924
000568,2026-07-24 00:00:00,84.58,83.01,85.66,83.0,9752307.0,818809360.0,0.663,-2.12,,-2.4903
000596,2026-07-10 00:00:00,72.8,76.39,77.25,71.8,5769352.0,454991490.0,1.412,3.59,,4.9313
000596,2026-07-13 00:00:00,75.48,75.57,76.31,74.28,3644738.0,286345660.0,0.892,-0.82,,-1.0734
000596,2026-07-14 00:00:00,75.53,77.08,77.6,74.97,4991759.0,397687650.0,1.222,1.51,,1.9981
000596,2026-07-15 00:00:00,76.48,85.13,85.13,75.9,7361604.0,630134700.0,1.802,8.05,,10.4437
000596,2026-07-16 00:00:00,84.53,87.22,88.67,84.21,11967544.0,1077522140.0,2.929,2.09,,2.4551
000596,2026-07-17 00:00:00,85.58,85.3,87.54,83.58,8664278.0,736201250.0,2.121,-1.92,,-2.2013
000596,2026-07-20 00:00:00,85.34,93.83,93.83,85.0,11388249.0,1044650860.0,2.787,8.53,,10.0
000596,2026-07-21 00:00:00,93.58,96.0,98.61,92.01,18438575.0,1760068500.0,4.513,2.17,,2.3127
000596,2026-07-22 00:00:00,93.05,97.55,97.57,90.5,13260953.0,1247419910.0,3.246,1.55,,1.6146
000596,2026-07-23 00:00:00,93.07,90.89,93.96,90.13,10777495.0,987782930.0,2.638,-6.66,,-6.8273
000596,2026-07-24 00:00:00,91.0,87.52,91.5,87.3,7088107.0,629702090.0,1.735,-3.37,,-3.7078
000617,2026-07-10 00:00:00,6.63,6.77,6.85,6.5,92016702.0,619195760.0,0.728,0.14,,2.1116
000617,2026-07-13 00:00:00,6.75,6.53,6.75,6.51,77080976.0,508215840.0,0.61,-0.24,,-3.5451
000617,2026-07-14 00:00:00,6.53,6.63,6.63,6.52,59159756.0,389122180.0,0.468,0.1,,1.5314
000617,2026-07-15 00:00:00,6.59,6.86,6.87,6.57,101160795.0,686444750.0,0.8,0.23,,3.4691
000617,2026-07-16 00:00:00,6.8,6.8,6.88,6.74,68320350.0,465176690.0,0.54,-0.06,,-0.8746
000617,2026-07-17 00:00:00,6.76,6.64,6.88,6.6,81362644.0,547340900.0,0.644,-0.16,,-2.3529
000617,2026-07-20 00:00:00,6.81,6.89,6.94,6.76,133331397.0,913523580.0,1.055,0.25,,3.7651
000617,2026-07-21 00:00:00,6.93,7.02,7.24,6.92,202324980.0,1430873600.0,1.6,0.13,,1.8868
000617,2026-07-22 00:00:00,6.96,7.02,7.14,6.86,129564019.0,908621740.0,1.025,0.0,,0.0
000617,2026-07-23 00:00:00,7.0,7.13,7.13,6.94,102939625.0,724734810.0,0.814,0.11,,1.567
000617,2026-07-24 00:00:00,7.11,6.83,7.19,6.83,121306278.0,845029020.0,0.96,-0.3,,-4.2076
000625,2026-07-10 00:00:00,6.81,6.99,7.06,6.75,94776820.0,669637240.0,1.146,0.18,,2.6432
000625,2026-07-13 00:00:00,6.93,6.77,6.94,6.76,81034191.0,562101580.0,0.98,-0.22,,-3.1474
000625,2026-07-14 00:00:00,6.76,6.82,6.83,6.73,43370282.0,299813190.0,0.525,0.05,,0.7386
000625,2026-07-15 00:00:00,6.78,7.03,7.06,6.78,99417452.0,706844870.0,1.203,0.21,,3.0792
000625,2026-07-16 00:00:00,7.03,7.19,7.24,7.01,97059222.0,694622960.0,1.174,0.16,,2.276
000625,2026-07-17 00:00:00,7.19,7.11,7.29,7.06,92781871.0,664919180.0,1.122,-0.08,,-1.1127
000625,2026-07-20 00:00:00,7.1,7.28,7.29,7.09,108451982.0,781131830.0,1.312,0.17,,2.391
000625,2026-07-21 00:00:00,7.26,7.2,7.48,7.18,143146850.0,1048974570.0,1.732,-0.08,,-1.0989
000625,2026-07-22 00:00:00,7.17,7.21,7.21,7.07,80465362.0,574906130.0,0.973,0.01,,0.1389
000625,2026-07-23 00:00:00,7.26,7.33,7.34,7.15,76274429.0,554626480.0,0.923,0.12,,1.6644
000625,2026-07-24 00:00:00,7.28,7.2,7.4,7.2,66697630.0,485597770.0,0.807,-0.13,,-1.7735
000630,2026-07-10 00:00:00,6.08,6.1,6.29,6.01,297022280.0,1821118500.0,2.666,0.02,,0.3289
000630,2026-07-13 00:00:00,5.98,5.86,5.99,5.85,214666230.0,1267742260.0,1.927,-0.24,,-3.9344
000630,2026-07-14 00:00:00,5.89,6.19,6.24,5.87,339516850.0,2046878300.0,3.047,0.33,,5.6314
000630,2026-07-15 00:00:00,6.19,6.06,6.22,6.03,242144290.0,1481094500.0,2.173,-0.13,,-2.1002
000630,2026-07-16 00:00:00,5.98,6.05,6.14,5.96,195860650.0,1188470630.0,1.758,-0.01,,-0.165
000630,2026-07-17 00:00:00,5.95,5.79,5.96,5.76,274454940.0,1603187600.0,2.463,-0.26,,-4.2975
000630,2026-07-20 00:00:00,5.81,5.75,5.87,5.69,241320700.0,1390136700.0,2.166,-0.04,,-0.6908
000630,2026-07-21 00:00:00,5.79,5.98,5.98,5.74,264597810.0,1550760200.0,2.375,0.23,,4.0
000630,2026-07-22 00:00:00,6.06,6.1,6.25,6.01,380267550.0,2337645900.0,3.413,0.12,,2.0067
000630,2026-07-23 00:00:00,6.1,6.3,6.35,6.06,393419810.0,2454442000.0,3.531,0.2,,3.2787
000630,2026-07-24 00:00:00,6.06,6.01,6.14,6.0,274147340.0,1659884200.0,2.46,-0.29,,-4.6032
000651,2026-07-10 00:00:00,38.18,38.25,38.48,37.75,38663225.0,1475262100.0,0.7,0.07,,0.1833
000651,2026-07-13 00:00:00,38.2,38.71,38.86,38.12,49507298.0,1913299400.0,0.897,0.46,,1.2026
000651,2026-07-14 00:00:00,38.63,39.18,39.19,38.63,49896226.0,1942817900.0,0.904,0.47,,1.2142
000651,2026-07-15 00:00:00,39.04,39.83,39.88,39.0,57960144.0,2294782200.0,1.05,0.65,,1.659
000651,2026-07-16 00:00:00,39.78,39.83,40.07,39.61,40854825.0,1627220100.0,0.74,0.0,,0.0
000651,2026-07-17 00:00:00,39.83,39.95,40.31,39.68,68310630.0,2733162500.0,1.237,0.12,,0.3013
000651,2026-07-20 00:00:00,39.8,40.58,40.8,39.73,76395219.0,3074303700.0,1.384,0.63,,1.577
000651,2026-07-21 00:00:00,40.55,40.59,41.09,40.11,77721451.0,3159029100.0,1.408,0.01,,0.0246
000651,2026-07-22 00:00:00,40.45,40.86,40.92,40.11,51975410.0,2108344300.0,0.941,0.27,,0.6652
000651,2026-07-23 00:00:00,40.65,40.57,40.95,40.48,39883709.0,1623492100.0,0.722,-0.29,,-0.7097
000651,2026-07-24 00:00:00,40.59,40.46,40.9,40.46,39494076.0,1606931700.0,0.715,-0.11,,-0.2711
000661,2026-07-10 00:00:00,65.54,69.5,71.17,64.5,14762440.0,1016176330.0,3.694,3.96,,6.0421
000661,2026-07-13 00:00:00,69.01,69.43,70.14,68.4,9050368.0,627609970.0,2.265,-0.07,,-0.1007
000661,2026-07-14 00:00:00,69.2,71.6,73.4,68.56,13664339.0,982689480.0,3.419,2.17,,3.1255
000661,2026-07-15 00:00:00,69.5,72.05,75.0,68.85,17538734.0,1277778630.0,4.389,0.45,,0.6285
000661,2026-07-16 00:00:00,71.43,75.94,76.88,71.03,18129245.0,1344834500.0,4.537,3.89,,5.399
000661,2026-07-17 00:00:00,75.1,72.48,76.45,72.18,14076881.0,1036477880.0,3.523,-3.46,,-4.5562
000661,2026-07-20 00:00:00,71.46,73.52,74.33,70.78,10596179.0,772663780.0,2.652,1.04,,1.4349
000661,2026-07-21 00:00:00,72.77,75.18,75.97,72.05,12027857.0,896550060.0,3.01,1.66,,2.2579
000661,2026-07-22 00:00:00,75.18,77.44,77.89,74.28,13759693.0,1047747160.0,3.443,2.26,,3.0061
000661,2026-07-23 00:00:00,77.43,78.36,82.97,77.0,18694136.0,1507134300.0,4.678,0.92,,1.188
000661,2026-07-24 00:00:00,77.9,75.41,78.99,75.28,10254732.0,788037030.0,2.566,-2.95,,-3.7647
000708,2026-07-10 00:00:00,12.69,12.8,12.94,12.54,11988944.0,152775090.0,0.238,0.11,,0.8668
000708,2026-07-13 00:00:00,12.81,12.94,13.05,12.7,14370317.0,185723190.0,0.285,0.14,,1.0937
000708,2026-07-14 00:00:00,12.99,13.28,13.33,12.86,14092661.0,184487860.0,0.279,0.34,,2.6275
000708,2026-07-15 00:00:00,13.3,13.73,13.85,13.21,16823434.0,230126430.0,0.333,0.45,,3.3886
000708,2026-07-16 00:00:00,13.7,13.56,13.82,13.38,15025654.0,203615480.0,0.298,-0.17,,-1.2382
000708,2026-07-17 00:00:00,13.56,13.39,13.67,13.38,14829264.0,200820690.0,0.294,-0.17,,-1.2537
000708,2026-07-20 00:00:00,13.42,13.86,13.9,13.42,20971802.0,287610000.0,0.416,0.47,,3.5101
000708,2026-07-21 00:00:00,13.86,13.78,14.09,13.7,19106260.0,265356250.0,0.379,-0.08,,-0.5772
000708,2026-07-22 00:00:00,13.8,13.93,13.95,13.6,13762600.0,189895370.0,0.273,0.15,,1.0885
000708,2026-07-23 00:00:00,13.89,14.33,14.38,13.8,15352705.0,217843170.0,0.304,0.4,,2.8715
000708,2026-07-24 00:00:00,14.34,14.26,14.44,14.21,11858219.0,169558190.0,0.235,-0.07,,-0.4885
000725,2026-07-10 00:00:00,8.16,7.59,8.34,7.59,3804619900.0,30277261000.0,10.758,-0.57,,-6.9853
000725,2026-07-13 00:00:00,7.35,6.83,7.41,6.83,3175870400.0,22395174000.0,8.98,-0.76,,-10.0132
000725,2026-07-14 00:00:00,6.9,7.02,7.17,6.66,2936732600.0,20295239000.0,8.304,0.19,,2.7818
000725,2026-07-15 00:00:00,6.97,6.38,6.97,6.35,3011272800.0,19757452000.0,8.514,-0.64,,-9.1168
000725,2026-07-16 00:00:00,6.25,6.05,6.39,5.99,2607655900.0,16097599000.0,7.373,-0.33,,-5.1724
000725,2026-07-17 00:00:00,6.09,6.07,6.22,5.88,2956818900.0,17950015000.0,8.36,0.02,,0.3306
000725,2026-07-20 00:00:00,6.15,5.79,6.2,5.62,2681321000.0,15825022000.0,7.581,-0.28,,-4.6129
000725,2026-07-21 00:00:00,5.83,6.31,6.36,5.62,3200397900.0,19269035000.0,9.049,0.52,,8.981
000725,2026-07-22 00:00:00,6.18,6.04,6.38,5.97,2480425200.0,15314134000.0,7.013,-0.27,,-4.2789
000725,2026-07-23 00:00:00,6.07,6.06,6.14,5.95,1575304500.0,9524266800.0,4.454,0.02,,0.3311
000725,2026-07-24 00:00:00,5.92,5.79,6.01,5.78,1553642500.0,9139868700.0,4.393,-0.27,,-4.4554
000768,2026-07-10 00:00:00,20.01,20.49,20.93,19.8,37800742.0,772592920.0,1.362,0.48,,2.3988
000768,2026-07-13 00:00:00,20.28,19.53,20.29,19.53,33530021.0,664006030.0,1.208,-0.96,,-4.6852
000768,2026-07-14 00:00:00,19.45,19.56,19.58,19.2,19250598.0,372671610.0,0.693,0.03,,0.1536
000768,2026-07-15 00:00:00,19.48,19.83,19.94,19.43,16823688.0,332724790.0,0.606,0.27,,1.3804
000768,2026-07-16 00:00:00,19.76,19.9,19.98,19.67,14653350.0,291317960.0,0.528,0.07,,0.353
000768,2026-07-17 00:00:00,19.88,19.77,20.04,19.58,22397266.0,444832260.0,0.807,-0.13,,-0.6533
000768,2026-07-20 00:00:00,19.93,20.4,20.43,19.9,33071073.0,670586130.0,1.191,0.63,,3.1866
000768,2026-07-21 00:00:00,20.39,20.39,20.91,20.3,30274224.0,623157320.0,1.09,-0.01,,-0.049
000768,2026-07-22 00:00:00,20.39,20.47,20.57,20.17,19120971.0,390285970.0,0.689,0.08,,0.3923
000768,2026-07-23 00:00:00,20.47,20.79,20.8,20.34,21467655.0,442846560.0,0.773,0.32,,1.5633
000768,2026-07-24 00:00:00,20.65,20.31,21.1,20.3,27925982.0,578606010.0,1.006,-0.48,,-2.3088
000776,2026-07-10 00:00:00,22.3,21.75,22.4,21.72,81342137.0,1790655400.0,1.378,-0.55,,-2.4664
000776,2026-07-13 00:00:00,21.7,21.24,21.81,21.1,68375104.0,1461827800.0,1.158,-0.51,,-2.3448
000776,2026-07-14 00:00:00,21.16,22.1,22.12,20.65,105336495.0,2260591500.0,1.784,0.86,,4.049
000776,2026-07-15 00:00:00,22.12,22.78,23.3,22.08,120284258.0,2722711700.0,2.037,0.68,,3.0769
000776,2026-07-16 00:00:00,22.5,22.2,22.7,21.98,84141124.0,1876908900.0,1.425,-0.58,,-2.5461
000776,2026-07-17 00:00:00,22.05,21.6,22.27,21.46,78684597.0,1721978300.0,1.333,-0.6,,-2.7027
000776,2026-07-20 00:00:00,21.92,22.72,22.93,21.8,123578509.0,2782967300.0,2.093,1.12,,5.1852
000776,2026-07-21 00:00:00,22.55,22.86,23.2,21.89,122704591.0,2755788600.0,2.078,0.14,,0.6162
000776,2026-07-22 00:00:00,22.5,22.55,22.86,22.14,74991220.0,1689156500.0,1.27,-0.31,,-1.3561
000776,2026-07-23 00:00:00,22.53,22.82,23.08,22.35,72408064.0,1642989500.0,1.226,0.27,,1.1973
000776,2026-07-24 00:00:00,22.53,21.7,22.58,21.65,91359640.0,2011570200.0,1.547,-1.12,,-4.908
000786,2026-07-10 00:00:00,16.75,17.27,17.36,16.53,37037970.0,632182840.0,2.192,0.52,,3.1045
000786,2026-07-13 00:00:00,17.12,17.47,17.55,17.08,30030953.0,520892150.0,1.778,0.2,,1.1581
000786,2026-07-14 00:00:00,17.36,17.22,17.7,16.98,19059749.0,327928090.0,1.128,-0.25,,-1.431
000786,2026-07-15 00:00:00,17.2,17.75,17.93,17.07,21688800.0,381239410.0,1.284,0.53,,3.0778
000786,2026-07-16 00:00:00,17.68,18.4,18.43,17.61,23705738.0,430534310.0,1.403,0.65,,3.662
000786,2026-07-17 00:00:00,18.39,18.53,19.02,18.12,27870138.0,519662940.0,1.65,0.13,,0.7065
000786,2026-07-20 00:00:00,18.57,19.07,19.2,18.37,22888301.0,432812040.0,1.355,0.54,,2.9142
000786,2026-07-21 00:00:00,19.01,19.05,20.18,18.97,34267222.0,670665710.0,2.028,-0.02,,-0.1049
000786,2026-07-22 00:00:00,18.92,19.3,19.32,18.71,22954037.0,437637020.0,1.359,0.25,,1.3123
000786,2026-07-23 00:00:00,19.02,19.51,19.61,18.98,14313405.0,277581600.0,0.847,0.21,,1.0881
000786,2026-07-24 00:00:00,19.51,19.0,19.78,18.95,20065038.0,385428400.0,1.188,-0.51,,-2.614
000792,2026-07-10 00:00:00,26.1,25.4,26.4,25.37,97237808.0,2511833800.0,1.838,-0.7,,-2.682
000792,2026-07-13 00:00:00,25.35,24.59,25.4,24.29,96506377.0,2382744700.0,1.824,-0.81,,-3.189
000792,2026-07-14 00:00:00,24.81,25.35,25.43,24.4,78914940.0,1966293600.0,1.491,0.76,,3.0907
000792,2026-07-15 00:00:00,25.56,25.27,25.78,25.02,62747926.0,1588281300.0,1.186,-0.08,,-0.3156
000792,2026-07-16 00:00:00,24.9,24.68,25.06,24.51,68864039.0,1707103400.0,1.301,-0.59,,-2.3348
000792,2026-07-17 00:00:00,24.78,24.93,25.5,24.73,106947396.0,2684800000.0,2.021,0.25,,1.013
000792,2026-07-20 00:00:00,25.03,24.48,25.1,24.07,87182128.0,2142377700.0,1.648,-0.45,,-1.8051
000792,2026-07-21 00:00:00,24.26,25.2,25.2,24.22,87238454.0,2170158400.0,1.649,0.72,,2.9412
000792,2026-07-22 00:00:00,25.06,26.28,26.46,24.95,102280940.0,2656019300.0,1.933,1.08,,4.2857
000792,2026-07-23 00:00:00,26.35,27.58,27.95,26.0,115345922.0,3143685100.0,2.18,1.3,,4.9467
000792,2026-07-24 00:00:00,27.23,26.85,27.67,26.78,64594920.0,1755982300.0,1.221,-0.73,,-2.6468
000807,2026-07-10 00:00:00,22.3,23.15,23.64,22.0,115827480.0,2658244100.0,3.34,0.85,,3.8117
000807,2026-07-13 00:00:00,22.75,23.06,23.27,22.55,92432132.0,2113814300.0,2.665,-0.09,,-0.3888
000807,2026-07-14 00:00:00,23.48,24.98,25.34,22.9,195745670.0,4720328600.0,5.645,1.92,,8.3261
000807,2026-07-15 00:00:00,25.1,26.1,26.53,24.65,160798560.0,4119220800.0,4.637,1.12,,4.4836
000807,2026-07-16 00:00:00,25.6,25.37,26.43,25.33,107606339.0,2766619300.0,3.103,-0.73,,-2.7969
000807,2026-07-17 00:00:00,25.37,25.12,25.46,24.68,92990299.0,2331548700.0,2.681,-0.25,,-0.9854
000807,2026-07-20 00:00:00,25.45,26.02,26.65,25.02,113525654.0,2940304300.0,3.274,0.9,,3.5828
000807,2026-07-21 00:00:00,25.76,25.18,25.88,24.48,123429856.0,3096564700.0,3.559,-0.84,,-3.2283
000807,2026-07-22 00:00:00,25.09,25.58,25.9,24.81,96178997.0,2451158600.0,2.773,0.4,,1.5886
000807,2026-07-23 00:00:00,25.88,26.87,27.61,25.33,128808483.0,3440699500.0,3.714,1.29,,5.043
000807,2026-07-24 00:00:00,26.16,25.4,26.41,25.28,93510778.0,2406491900.0,2.697,-1.47,,-5.4708
000858,2026-07-10 00:00:00,68.53,71.11,71.73,68.11,55965462.0,4085872500.0,1.442,2.58,,3.7648
000858,2026-07-13 00:00:00,70.48,70.24,70.87,69.57,30602266.0,2224717900.0,0.788,-0.87,,-1.2235
000858,2026-07-14 00:00:00,69.93,70.82,70.91,69.8,28356827.0,2068769800.0,0.731,0.58,,0.8257
000858,2026-07-15 00:00:00,69.86,73.82,73.89,69.43,63734909.0,4805702900.0,1.642,3.0,,4.2361
000858,2026-07-16 00:00:00,73.33,73.9,74.59,72.6,48892065.0,3599046000.0,1.26,0.08,,0.1084
000858,2026-07-17 00:00:00,74.6,72.76,75.06,72.35,42739876.0,3130971200.0,1.101,-1.14,,-1.5426
000858,2026-07-20 00:00:00,72.8,76.24,76.3,72.8,64758611.0,4885488100.0,1.668,3.48,,4.7828
000858,2026-07-21 00:00:00,76.0,74.38,76.76,74.14,63378265.0,4759421700.0,1.633,-1.86,,-2.4397
000858,2026-07-22 00:00:00,73.62,74.75,74.8,73.13,40782282.0,3020174400.0,1.051,0.37,,0.4974
000858,2026-07-23 00:00:00,74.0,74.84,74.95,73.32,37032085.0,2746777000.0,0.954,0.09,,0.1204
000858,2026-07-24 00:00:00,74.6,73.57,75.3,73.47,31139902.0,2315849400.0,0.802,-1.27,,-1.697
000876,2026-07-10 00:00:00,7.02,7.14,7.22,6.84,59896549.0,423041420.0,1.331,0.12,,1.7094
000876,2026-07-13 00:00:00,7.06,7.04,7.22,6.98,47638565.0,337692590.0,1.059,-0.1,,-1.4006
000876,2026-07-14 00:00:00,6.97,7.0,7.05,6.88,37237900.0,259128040.0,0.828,-0.04,,-0.5682
000876,2026-07-15 00:00:00,6.94,7.15,7.24,6.9,49065670.0,350406500.0,1.09,0.15,,2.1429
000876,2026-07-16 00:00:00,7.13,7.3,7.35,7.08,59809639.0,433692320.0,1.329,0.15,,2.0979
000876,2026-07-17 00:00:00,7.24,7.08,7.34,7.01,51231737.0,366147050.0,1.139,-0.22,,-3.0137
000876,2026-07-20 00:00:00,7.05,7.13,7.15,6.93,42531460.0,300888050.0,0.945,0.05,,0.7062
000876,2026-07-21 00:00:00,7.1,6.95,7.15,6.91,47620581.0,333936010.0,1.058,-0.18,,-2.5245
000876,2026-07-22 00:00:00,6.87,6.99,6.99,6.8,37205683.0,257270550.0,0.827,0.04,,0.5755
000876,2026-07-23 00:00:00,6.95,6.98,7.01,6.86,24143166.0,167420190.0,0.537,-0.01,,-0.1431
000876,2026-07-24 00:00:00,6.96,6.72,7.03,6.71,32156994.0,219227660.0,0.715,-0.26,,-3.7249
000895,2026-07-10 00:00:00,23.03,23.37,23.43,22.83,13700032.0,317681130.0,0.396,0.34,,1.4763
000895,2026-07-13 00:00:00,23.38,23.64,23.7,23.18,13849656.0,325746830.0,0.4,0.27,,1.1553
000895,2026-07-14 00:00:00,23.52,23.48,23.77,23.26,17051467.0,401220200.0,0.492,-0.16,,-0.6768
000895,2026-07-15 00:00:00,23.36,24.1,24.17,23.28,18236653.0,435483540.0,0.526,0.62,,2.6405
000895,2026-07-16 00:00:00,24.01,24.4,24.45,23.93,16011089.0,388346770.0,0.462,0.3,,1.2448
000895,2026-07-17 00:00:00,24.41,24.6,24.79,24.32,17572458.0,432279340.0,0.507,0.2,,0.8197
000895,2026-07-20 00:00:00,24.45,25.32,25.35,24.38,20682048.0,516435990.0,0.597,0.72,,2.9268
000895,2026-07-21 00:00:00,25.2,24.79,25.85,24.73,25191958.0,635199010.0,0.727,-0.53,,-2.0932
000895,2026-07-22 00:00:00,24.68,25.0,25.03,24.45,18550532.0,460036090.0,0.536,0.21,,0.8471
000895,2026-07-23 00:00:00,24.84,25.06,25.26,24.8,14147012.0,355185200.0,0.408,0.06,,0.24
000895,2026-07-24 00:00:00,25.15,24.93,25.35,24.91,10637369.0,267321760.0,0.307,-0.13,,-0.5188
000938,2026-07-10 00:00:00,36.2,38.41,39.25,36.2,482836140.0,18573421000.0,16.882,2.21,,6.105
000938,2026-07-13 00:00:00,38.43,38.4,40.28,36.5,493931760.0,19056673000.0,17.27,-0.01,,-0.026
000938,2026-07-14 00:00:00,38.4,36.98,39.2,34.56,463913930.0,16749070000.0,16.22,-1.42,,-3.6979
000938,2026-07-15 00:00:00,36.95,35.53,37.64,35.1,326889240.0,11807286500.0,11.429,-1.45,,-3.921
000938,2026-07-16 00:00:00,34.54,38.59,39.08,34.54,451960790.0,17116810000.0,15.802,3.06,,8.6124
000938,2026-07-17 00:00:00,37.49,35.13,38.97,34.74,402048070.0,14702421000.0,14.057,-3.46,,-8.9661
000938,2026-07-20 00:00:00,38.6,37.69,38.64,36.88,502747290.0,19188180000.0,17.578,2.56,,7.2872
000938,2026-07-21 00:00:00,37.7,41.46,41.46,34.96,502700130.0,19306042000.0,17.577,3.77,,10.0027
000938,2026-07-22 00:00:00,43.09,44.9,45.61,42.74,537821620.0,24152339000.0,18.805,3.44,,8.2972
000938,2026-07-23 00:00:00,45.57,42.45,45.8,41.1,521699670.0,22659772000.0,18.241,-2.45,,-5.4566
000938,2026-07-24 00:00:00,41.01,41.45,43.47,41.0,360537120.0,15218590000.0,12.606,-1.0,,-2.3557
000963,2026-07-10 00:00:00,28.52,29.38,29.75,28.04,26744101.0,777789100.0,1.526,0.86,,3.0154
000963,2026-07-13 00:00:00,29.16,29.16,29.47,28.85,18454429.0,536666990.0,1.053,-0.22,,-0.7488
000963,2026-07-14 00:00:00,29.16,29.94,30.12,28.71,25836151.0,767117690.0,1.474,0.78,,2.6749
000963,2026-07-15 00:00:00,29.8,31.43,32.02,29.71,45162909.0,1405091000.0,2.576,1.49,,4.9766
000963,2026-07-16 00:00:00,30.96,31.96,32.5,30.82,39333051.0,1252026930.0,2.244,0.53,,1.6863
000963,2026-07-17 00:00:00,31.64,30.1,31.9,29.93,37298500.0,1140556200.0,2.128,-1.86,,-5.8198
000963,2026-07-20 00:00:00,30.0,31.34,31.35,29.92,30965969.0,954511450.0,1.766,1.24,,4.1196
000963,2026-07-21 00:00:00,31.16,30.89,31.53,30.3,29577374.0,912512150.0,1.687,-0.45,,-1.4359
000963,2026-07-22 00:00:00,30.52,30.8,31.33,30.5,24577909.0,758793970.0,1.402,-0.09,,-0.2914
000963,2026-07-23 00:00:00,30.33,30.39,30.5,29.97,22454204.0,678418780.0,1.281,-0.41,,-1.3312
000963,2026-07-24 00:00:00,30.0,28.58,30.37,28.56,31511860.0,920623180.0,1.798,-1.81,,-5.9559
000975,2026-07-10 00:00:00,19.31,20.03,20.98,19.01,72726985.0,1453814100.0,2.882,0.72,,3.7286
000975,2026-07-13 00:00:00,19.6,19.52,20.3,19.33,58326626.0,1148878180.0,2.312,-0.51,,-2.5462
000975,2026-07-14 00:00:00,18.97,19.9,20.07,18.59,67920751.0,1308152130.0,2.692,0.38,,1.9467
000975,2026-07-15 00:00:00,19.8,19.34,20.05,18.96,50665353.0,984215110.0,2.008,-0.56,,-2.8141
000975,2026-07-16 00:00:00,19.1,19.3,19.88,18.99,49149820.0,957728040.0,1.948,-0.04,,-0.2068
000975,2026-07-17 00:00:00,19.0,18.55,19.1,18.15,54188633.0,1005310530.0,2.148,-0.75,,-3.886
000975,2026-07-20 00:00:00,18.6,19.0,19.36,18.36,55128841.0,1046522410.0,2.185,0.45,,2.4259
000975,2026-07-21 00:00:00,19.51,20.47,20.62,19.26,77960816.0,1551466000.0,3.09,1.47,,7.7368
000975,2026-07-22 00:00:00,21.21,22.52,22.52,21.1,93540799.0,2073040800.0,3.707,2.05,,10.0147
000975,2026-07-23 00:00:00,22.6,22.81,23.66,22.31,130193948.0,2983178700.0,5.16,0.29,,1.2877
000975,2026-07-24 00:00:00,21.23,21.8,22.69,21.23,89203704.0,1964245200.0,3.535,-1.01,,-4.4279
000977,2026-07-10 00:00:00,92.0,89.52,94.38,89.0,284173550.0,26082771000.0,19.373,-2.48,,-2.6957
000977,2026-07-13 00:00:00,91.0,85.49,92.21,83.8,168585960.0,14755517000.0,11.493,-4.03,,-4.5018
000977,2026-07-14 00:00:00,88.0,84.95,88.38,77.21,177127850.0,14532520000.0,12.076,-0.54,,-0.6317
000977,2026-07-15 00:00:00,85.06,84.7,88.86,84.0,147817770.0,12723747500.0,10.077,-0.25,,-0.2943
000977,2026-07-16 00:00:00,81.3,85.0,88.58,81.3,148017320.0,12691483600.0,10.091,0.3,,0.3542
000977,2026-07-17 00:00:00,85.01,77.4,85.88,76.5,152228630.0,12217563000.0,10.378,-7.6,,-8.9412
000977,2026-07-20 00:00:00,82.02,81.29,85.14,78.52,171314720.0,14116566000.0,11.679,3.89,,5.0258
000977,2026-07-21 00:00:00,81.3,88.66,89.08,76.0,185913900.0,15518432000.0,12.675,7.37,,9.0663
000977,2026-07-22 00:00:00,87.7,90.47,96.0,87.15,190727050.0,17694588000.0,13.003,1.81,,2.0415
000977,2026-07-23 00:00:00,93.0,87.96,96.37,87.36,159333630.0,14566997000.0,10.862,-2.51,,-2.7744
000977,2026-07-24 00:00:00,87.0,85.31,89.33,84.71,96043622.0,8310728000.0,6.548,-2.65,,-3.0127
000983,2026-07-10 00:00:00,5.99,6.03,6.08,5.86,55471610.0,336930620.0,0.977,0.04,,0.6678
000983,2026-07-13 00:00:00,6.04,6.02,6.13,5.97,54943273.0,336352700.0,0.968,-0.01,,-0.1658
000983,2026-07-14 00:00:00,6.07,6.26,6.29,6.05,76819630.0,481832010.0,1.353,0.24,,3.9867
000983,2026-07-15 00:00:00,6.21,6.28,6.34,6.19,71968440.0,450546010.0,1.268,0.02,,0.3195
000983,2026-07-16 00:00:00,6.23,6.15,6.28,6.07,59571737.0,366330310.0,1.049,-0.13,,-2.0701
000983,2026-07-17 00:00:00,6.15,6.05,6.25,6.04,76823720.0,472115600.0,1.353,-0.1,,-1.626
000983,2026-07-20 00:00:00,6.11,6.29,6.34,6.1,98238088.0,614814920.0,1.73,0.24,,3.9669
000983,2026-07-21 00:00:00,6.18,6.25,6.35,6.15,83943607.0,525344830.0,1.479,-0.04,,-0.6359
000983,2026-07-22 00:00:00,6.25,6.42,6.43,6.2,78153735.0,494244850.0,1.377,0.17,,2.72
000983,2026-07-23 00:00:00,6.42,6.53,6.54,6.37,65758595.0,426223900.0,1.158,0.11,,1.7134
000983,2026-07-24 00:00:00,6.54,6.29,6.59,6.28,56934750.0,364810780.0,1.003,-0.24,,-3.6753
000999,2026-07-10 00:00:00,23.5,23.76,24.04,23.21,11327589.0,268334170.0,0.681,0.26,,1.1064
000999,2026-07-13 00:00:00,23.78,24.49,24.63,23.78,21238418.0,517578860.0,1.277,0.73,,3.0724
000999,2026-07-14 00:00:00,24.35,24.88,25.05,24.04,20835276.0,517146880.0,1.253,0.39,,1.5925
000999,2026-07-15 00:00:00,24.2,25.2,25.3,24.13,24734999.0,619479620.0,1.488,0.32,,1.2862
000999,2026-07-16 00:00:00,25.0,25.84,25.99,24.87,30653266.0,782344160.0,1.844,0.64,,2.5397
000999,2026-07-17 00:00:00,25.53,25.16,26.0,25.13,21735571.0,552797430.0,1.307,-0.68,,-2.6316
000999,2026-07-20 00:00:00,24.76,25.55,25.59,24.7,22596767.0,571298500.0,1.359,0.39,,1.5501
000999,2026-07-21 00:00:00,25.31,25.0,25.94,24.96,24381718.0,618665280.0,1.466,-0.55,,-2.1526
000999,2026-07-22 00:00:00,24.91,25.16,25.26,24.74,19992608.0,499559120.0,1.202,0.16,,0.64
000999,2026-07-23 00:00:00,24.91,25.13,25.28,24.87,10276548.0,257946370.0,0.618,-0.03,,-0.1192
000999,2026-07-24 00:00:00,25.0,24.7,25.3,24.67,10444351.0,260050100.0,0.628,-0.43,,-1.7111
001391,2026-07-10 00:00:00,4.1,4.15,4.19,4.06,26624730.0,110414968.0,1.752,0.05,,1.2195
001391,2026-07-13 00:00:00,4.14,4.09,4.18,4.06,22916900.0,93946480.0,1.508,-0.06,,-1.4458
001391,2026-07-14 00:00:00,4.07,4.19,4.19,4.06,26613023.0,110165004.0,1.752,0.1,,2.445
001391,2026-07-15 00:00:00,4.18,4.26,4.27,4.15,22096761.0,93660997.0,1.454,0.07,,1.6706
001391,2026-07-16 00:00:00,4.24,4.31,4.33,4.23,21660450.0,92971764.0,1.426,0.05,,1.1737
001391,2026-07-17 00:00:00,4.31,4.26,4.4,4.25,32398404.0,139816060.0,2.132,-0.05,,-1.1601
001391,2026-07-20 00:00:00,4.25,4.38,4.38,4.24,35027109.0,152123160.0,2.305,0.12,,2.8169
001391,2026-07-21 00:00:00,4.35,4.33,4.47,4.31,44834881.0,196930160.0,2.951,-0.05,,-1.1416
001391,2026-07-22 00:00:00,4.32,4.33,4.35,4.26,27283718.0,117402235.0,1.796,0.0,,0.0
001391,2026-07-23 00:00:00,4.34,4.33,4.34,4.27,21075736.0,90824965.0,1.387,0.0,,0.0
001391,2026-07-24 00:00:00,4.31,4.18,4.33,4.18,24174109.0,102319187.0,1.591,-0.15,,-3.4642
001965,2026-07-10 00:00:00,9.69,9.6,9.79,9.46,10610345.0,101857126.0,0.156,-0.09,,-0.9288
001965,2026-07-13 00:00:00,9.58,9.58,9.83,9.55,11731851.0,113735736.0,0.173,-0.02,,-0.2083
001965,2026-07-14 00:00:00,9.59,9.86,9.86,9.57,12752679.0,124753181.0,0.188,0.28,,2.9228
001965,2026-07-15 00:00:00,9.82,9.78,9.91,9.69,9040255.0,88224351.0,0.133,-0.08,,-0.8114
001965,2026-07-16 00:00:00,9.74,9.79,9.85,9.67,7791386.0,76045107.0,0.115,0.01,,0.1022
001965,2026-07-17 00:00:00,9.79,9.88,9.99,9.76,10751214.0,106446912.0,0.158,0.09,,0.9193
001965,2026-07-20 00:00:00,9.83,10.19,10.19,9.77,18189165.0,183281840.0,0.268,0.31,,3.1377
001965,2026-07-21 00:00:00,10.18,10.3,10.35,10.11,19688222.0,201630470.0,0.29,0.11,,1.0795
001965,2026-07-22 00:00:00,10.21,10.18,10.24,10.0,12885581.0,130057857.0,0.19,-0.12,,-1.165
001965,2026-07-23 00:00:00,10.11,10.26,10.27,10.08,9882194.0,100523317.0,0.145,0.08,,0.7859
001965,2026-07-24 00:00:00,10.26,10.17,10.4,10.14,11953432.0,122919942.0,0.176,-0.09,,-0.8772
001979,2026-07-10 00:00:00,6.45,6.57,6.66,6.27,97017401.0,639112500.0,1.153,0.12,,1.8605
001979,2026-07-13 00:00:00,6.51,6.27,6.55,6.24,73557056.0,469862450.0,0.874,-0.3,,-4.5662
001979,2026-07-14 00:00:00,6.28,6.28,6.31,6.17,49732850.0,313236230.0,0.591,0.01,,0.1595
001979,2026-07-15 00:00:00,6.25,6.62,6.76,6.22,105482256.0,701323190.0,1.254,0.34,,5.414
001979,2026-07-16 00:00:00,6.58,6.72,6.77,6.55,90076477.0,606130600.0,1.071,0.1,,1.5106
001979,2026-07-17 00:00:00,6.71,6.61,6.92,6.55,79737320.0,541082900.0,0.948,-0.11,,-1.6369
001979,2026-07-20 00:00:00,6.61,6.92,6.99,6.61,104809547.0,724631030.0,1.246,0.31,,4.6899
001979,2026-07-21 00:00:00,6.9,6.92,7.09,6.85,87395961.0,607730830.0,1.039,0.0,,0.0
001979,2026-07-22 00:00:00,6.91,7.26,7.27,6.85,83210323.0,593882200.0,0.989,0.34,,4.9133
001979,2026-07-23 00:00:00,7.19,7.05,7.21,6.99,63087435.0,444580300.0,0.75,-0.21,,-2.8926
001979,2026-07-24 00:00:00,7.0,6.76,7.05,6.76,71776192.0,492559500.0,0.809,-0.29,,-4.1135
002001,2026-07-10 00:00:00,28.6,28.7,29.24,28.03,32664705.0,938103450.0,1.076,0.1,,0.3497
002001,2026-07-13 00:00:00,28.59,28.13,28.84,27.76,26400875.0,741333750.0,0.869,-0.57,,-1.9861
002001,2026-07-14 00:00:00,28.17,28.8,28.85,27.74,28256440.0,803796960.0,0.931,0.67,,2.3818
002001,2026-07-15 00:00:00,28.5,29.0,29.3,28.2,27329233.0,792366240.0,0.9,0.2,,0.6944
002001,2026-07-16 00:00:00,28.52,28.73,29.74,28.52,25720113.0,746272860.0,0.847,-0.27,,-0.931
002001,2026-07-17 00:00:00,28.57,29.2,29.69,28.5,48388363.0,1415357800.0,1.593,0.47,,1.6359
002001,2026-07-20 00:00:00,29.0,30.12,30.19,28.8,46715765.0,1391232500.0,1.538,0.92,,3.1507
002001,2026-07-21 00:00:00,30.1,29.9,30.39,29.28,36991780.0,1106601530.0,1.218,-0.22,,-0.7304
002001,2026-07-22 00:00:00,29.9,30.59,31.33,29.63,36734618.0,1121734630.0,1.21,0.69,,2.3077
002001,2026-07-23 00:00:00,30.33,31.76,32.0,30.13,40170797.0,1265441860.0,1.323,1.17,,3.8248
002001,2026-07-24 00:00:00,31.57,29.75,31.71,29.51,33921929.0,1026911310.0,1.117,-2.01,,-6.3287
002027,2026-07-10 00:00:00,4.73,4.81,4.87,4.63,202057620.0,963683560.0,1.399,0.08,,1.6913
002027,2026-07-13 00:00:00,4.79,4.75,4.82,4.69,158106990.0,748904710.0,1.095,-0.06,,-1.2474
002027,2026-07-14 00:00:00,4.73,4.74,4.77,4.68,159859280.0,756291060.0,1.107,-0.01,,-0.2105
002027,2026-07-15 00:00:00,4.74,4.98,5.0,4.72,229422850.0,1127890440.0,1.589,0.24,,5.0633
002027,2026-07-16 00:00:00,4.94,5.1,5.12,4.93,204609960.0,1030772930.0,1.417,0.12,,2.4096
002027,2026-07-17 00:00:00,5.08,5.0,5.17,4.95,180919490.0,911543370.0,1.253,-0.1,,-1.9608
002027,2026-07-20 00:00:00,4.99,5.15,5.16,4.88,256249490.0,1293579220.0,1.774,0.15,,3.0
002027,2026-07-21 00:00:00,5.11,5.11,5.27,5.06,234628620.0,1210333810.0,1.625,-0.04,,-0.7767
002027,2026-07-22 00:00:00,5.07,5.16,5.17,5.03,137967140.0,704492110.0,0.955,0.05,,0.9785
002027,2026-07-23 00:00:00,5.12,5.15,5.16,5.07,88958116.0,455191690.0,0.616,-0.01,,-0.1938
002027,2026-07-24 00:00:00,5.14,5.07,5.19,5.07,97269865.0,498261900.0,0.674,-0.08,,-1.5534
002028,2026-07-10 00:00:00,159.39,151.73,162.0,151.36,12548802.0,1940071100.0,2.055,-7.66,,-4.8058
002028,2026-07-13 00:00:00,148.7,159.5,165.1,148.51,21499668.0,3455527100.0,3.52,7.77,,5.1209
002028,2026-07-14 00:00:00,161.5,162.0,165.0,152.5,14510250.0,2289660600.0,2.376,2.5,,1.5674
002028,2026-07-15 00:00:00,160.0,159.08,162.67,153.53,14308140.0,2256279800.0,2.343,-2.92,,-1.8025
002028,2026-07-16 00:00:00,157.09,151.4,158.57,150.27,11464800.0,1751542700.0,1.877,-7.68,,-4.8278
002028,2026-07-17 00:00:00,150.0,147.05,152.1,145.29,13140315.0,1949110800.0,2.151,-4.35,,-2.8732
002028,2026-07-20 00:00:00,149.99,151.5,157.43,148.05,14237912.0,2165049100.0,2.331,4.45,,3.0262
002028,2026-07-21 00:00:00,151.3,155.89,156.5,148.68,14769712.0,2266842200.0,2.418,4.39,,2.8977
002028,2026-07-22 00:00:00,156.52,154.27,159.89,151.81,9303001.0,1450363700.0,1.523,-1.62,,-1.0392
002028,2026-07-23 00:00:00,155.0,164.6,164.86,154.57,17290184.0,2788924300.0,2.831,10.33,,6.6961
002028,2026-07-24 00:00:00,165.46,162.68,165.46,159.6,12868325.0,2080459800.0,2.107,-1.92,,-1.1665
002049,2026-07-10 00:00:00,85.63,85.83,90.2,85.58,89230953.0,7841137000.0,10.504,0.2,,0.2336
002049,2026-07-13 00:00:00,85.0,81.74,86.62,80.25,64793271.0,5415214100.0,7.627,-4.09,,-4.7652
002049,2026-07-14 00:00:00,81.11,78.22,81.89,74.0,69247892.0,5389952200.0,8.152,-3.52,,-4.3063
002049,2026-07-15 00:00:00,78.35,72.24,79.22,72.05,56746804.0,4238042600.0,6.68,-5.98,,-7.6451
002049,2026-07-16 00:00:00,72.07,70.16,74.33,69.55,49582062.0,3564593700.0,5.837,-2.08,,-2.8793
002049,2026-07-17 00:00:00,70.06,64.1,70.16,64.01,52215573.0,3487164400.0,6.147,-6.06,,-8.6374
002049,2026-07-20 00:00:00,64.99,61.77,65.49,60.56,42858442.0,2687942200.0,5.045,-2.33,,-3.6349
002049,2026-07-21 00:00:00,62.01,65.28,65.45,59.81,43065929.0,2714569500.0,5.07,3.51,,5.6824
002049,2026-07-22 00:00:00,64.0,66.24,67.48,63.8,44300577.0,2911343000.0,5.254,0.96,,1.4706
002049,2026-07-23 00:00:00,65.65,65.2,65.95,64.26,24157749.0,1571987800.0,2.865,-1.04,,-1.57
002049,2026-07-24 00:00:00,64.16,64.5,65.91,64.02,22369872.0,1459142200.0,2.653,-0.7,,-1.0736
002050,2026-07-10 00:00:00,42.72,42.92,44.41,42.57,112009564.0,4893733000.0,3.04,0.2,,0.4682
002050,2026-07-13 00:00:00,42.16,41.32,42.63,41.25,72985973.0,3068892600.0,1.981,-1.6,,-3.7279
002050,2026-07-14 00:00:00,41.32,41.66,41.66,40.12,66969581.0,2761889000.0,1.818,0.34,,0.8228
002050,2026-07-15 00:00:00,42.09,41.5,42.25,41.0,53016194.0,2212165900.0,1.439,-0.16,,-0.3841
002050,2026-07-16 00:00:00,41.0,41.83,42.81,40.7,63945099.0,2688865200.0,1.736,0.33,,0.7952
002050,2026-07-17 00:00:00,41.7,39.75,41.99,38.48,97373048.0,3918420900.0,2.643,-2.08,,-4.9725
002050,2026-07-20 00:00:00,39.5,36.12,39.88,35.78,119971290.0,4495788200.0,3.256,-3.63,,-9.1321
002050,2026-07-21 00:00:00,36.77,38.1,38.16,36.19,100496099.0,3745118200.0,2.728,1.98,,5.4817
002050,2026-07-22 00:00:00,37.71,38.36,38.4,37.04,76161453.0,2871243000.0,2.063,0.26,,0.6824
002050,2026-07-23 00:00:00,37.0,37.19,37.44,36.5,72135113.0,2669184500.0,1.954,-1.17,,-3.0501
002050,2026-07-24 00:00:00,35.95,35.05,36.2,35.03,75389334.0,2674415500.0,2.042,-2.14,,-5.7542
002074,2026-07-10 00:00:00,25.65,25.26,25.95,25.26,24312404.0,624700610.0,1.4,-0.39,,-1.5205
002074,2026-07-13 00:00:00,25.41,24.54,25.41,24.31,23798929.0,590977980.0,1.37,-0.72,,-2.8504
002074,2026-07-14 00:00:00,24.41,24.95,24.95,24.16,20823306.0,513377670.0,1.199,0.41,,1.6707
002074,2026-07-15 00:00:00,25.65,26.15,26.85,25.36,48728091.0,1282609920.0,2.806,1.2,,4.8096
002074,2026-07-16 00:00:00,25.88,26.23,26.6,25.49,29432030.0,768581340.0,1.695,0.08,,0.3059
002074,2026-07-17 00:00:00,26.3,26.91,27.2,26.11,50645412.0,1356871800.0,2.916,0.68,,2.5925
002074,2026-07-20 00:00:00,26.91,27.0,27.0,25.6,41810896.0,1095582360.0,2.407,0.09,,0.3344
002074,2026-07-21 00:00:00,26.8,28.44,29.09,26.7,68386983.0,1938901000.0,3.938,1.44,,5.3333
002074,2026-07-22 00:00:00,27.82,28.02,28.14,27.41,43558865.0,1210224180.0,2.508,-0.42,,-1.4768
002074,2026-07-23 00:00:00,27.8,28.3,28.48,27.43,38020542.0,1069955510.0,2.189,0.28,,0.9993
002074,2026-07-24 00:00:00,27.68,26.85,28.0,26.82,35622144.0,975889970.0,2.051,-1.45,,-5.1237
002142,2026-07-10 00:00:00,29.93,29.8,30.0,29.57,20529453.0,630045370.0,0.311,-0.13,,-0.4343
002142,2026-07-13 00:00:00,29.77,31.36,31.47,29.6,50820184.0,1613674300.0,0.77,1.56,,5.2349
002142,2026-07-14 00:00:00,31.17,31.15,31.28,30.53,40585276.0,1290117890.0,0.615,-0.21,,-0.6696
002142,2026-07-15 00:00:00,30.94,31.58,31.69,30.55,38311971.0,1232444670.0,0.581,0.43,,1.3804
002142,2026-07-16 00:00:00,31.5,31.28,31.64,30.99,40559626.0,1269358620.0,0.615,-0.3,,-0.95
002142,2026-07-17 00:00:00,31.2,31.64,31.92,31.19,63196229.0,2002506000.0,0.958,0.36,,1.1509
002142,2026-07-20 00:00:00,31.53,32.4,32.74,31.4,54822829.0,1762916600.0,0.831,0.76,,2.402
002142,2026-07-21 00:00:00,32.28,31.37,32.5,31.05,64634303.0,2045079900.0,0.979,-1.03,,-3.179
002142,2026-07-22 00:00:00,31.08,31.55,31.55,30.82,38808250.0,1211574840.0,0.588,0.18,,0.5738
002142,2026-07-23 00:00:00,31.31,31.85,32.05,31.04,30900773.0,980782810.0,0.468,0.3,,0.9509
002142,2026-07-24 00:00:00,31.99,32.01,32.36,31.84,36315791.0,1168088240.0,0.55,0.16,,0.5024
002179,2026-07-10 00:00:00,40.6,39.1,41.6,39.0,62780255.0,2543127500.0,2.995,-1.5,,-3.6946
002179,2026-07-13 00:00:00,39.0,35.23,39.0,35.19,73726293.0,2695639500.0,3.517,-3.87,,-9.8977
002179,2026-07-14 00:00:00,35.19,35.86,35.86,34.04,49880404.0,1754929000.0,2.379,0.63,,1.7882
002179,2026-07-15 00:00:00,36.5,34.92,36.84,34.74,35356196.0,1253397090.0,1.687,-0.94,,-2.6213
002179,2026-07-16 00:00:00,34.4,34.01,35.03,33.8,36038638.0,1238150520.0,1.719,-0.91,,-2.606
002179,2026-07-17 00:00:00,33.9,32.7,34.23,32.5,35173618.0,1169891100.0,1.678,-1.31,,-3.8518
002179,2026-07-20 00:00:00,33.5,32.27,33.68,31.88,38660866.0,1261117000.0,1.844,-0.43,,-1.315
002179,2026-07-21 00:00:00,32.41,34.07,34.15,31.9,44066162.0,1459038900.0,2.102,1.8,,5.5779
002179,2026-07-22 00:00:00,33.87,34.31,34.83,33.67,36028547.0,1239858240.0,1.719,0.24,,0.7044
002179,2026-07-23 00:00:00,34.31,34.1,34.4,33.73,21278987.0,723286690.0,1.015,-0.21,,-0.6121
002179,2026-07-24 00:00:00,33.78,33.33,33.99,33.3,16688398.0,561481880.0,0.796,-0.77,,-2.2581
002230,2026-07-10 00:00:00,41.89,43.09,44.2,41.4,79759649.0,3446061900.0,3.643,1.2,,2.8646
002230,2026-07-13 00:00:00,43.13,41.9,43.35,41.63,48298698.0,2039026500.0,2.206,-1.19,,-2.7617
002230,2026-07-14 00:00:00,41.95,41.18,42.47,40.22,44844457.0,1838037600.0,2.048,-0.72,,-1.7184
002230,2026-07-15 00:00:00,41.05,41.35,41.84,40.46,38744059.0,1599948500.0,1.77,0.17,,0.4128
002230,2026-07-16 00:00:00,41.09,41.99,42.45,40.88,45275277.0,1896335600.0,2.068,0.64,,1.5478
002230,2026-07-17 00:00:00,41.63,41.12,42.3,40.03,53250513.0,2185504500.0,2.432,-0.87,,-2.0719
002230,2026-07-20 00:00:00,40.6,40.97,41.23,40.33,39792015.0,1620701500.0,1.818,-0.15,,-0.3648
002230,2026-07-21 00:00:00,40.6,41.7,41.7,40.49,46134332.0,1900912100.0,2.107,0.73,,1.7818
002230,2026-07-22 00:00:00,41.36,40.83,41.44,40.68,41814959.0,1713857400.0,1.91,-0.87,,-2.0863
002230,2026-07-23 00:00:00,40.67,40.49,40.77,40.03,32969505.0,1327311760.0,1.506,-0.34,,-0.8327
002230,2026-07-24 00:00:00,40.0,38.88,40.04,38.88,39047760.0,1538075100.0,1.784,-1.61,,-3.9763
002236,2026-07-10 00:00:00,17.24,17.29,17.84,17.12,70417561.0,1230625110.0,2.945,0.05,,0.29
002236,2026-07-13 00:00:00,17.26,16.79,17.44,16.7,47106986.0,801515380.0,1.97,-0.5,,-2.8918
002236,2026-07-14 00:00:00,16.75,16.32,16.9,16.04,53545333.0,875021360.0,2.239,-0.47,,-2.7993
002236,2026-07-15 00:00:00,16.26,16.57,16.72,16.14,35973544.0,592927040.0,1.505,0.25,,1.5319
002236,2026-07-16 00:00:00,16.27,16.5,16.8,16.18,32630264.0,540510550.0,1.365,-0.07,,-0.4225
002236,2026-07-17 00:00:00,16.44,16.02,16.61,15.92,44856722.0,728195010.0,1.876,-0.48,,-2.9091
002236,2026-07-20 00:00:00,16.09,16.24,16.25,15.97,37945034.0,611774400.0,1.587,0.22,,1.3733
002236,2026-07-21 00:00:00,16.13,16.51,16.51,16.12,37929586.0,619218130.0,1.586,0.27,,1.6626
002236,2026-07-22 00:00:00,16.39,16.61,16.88,16.24,41342689.0,686295320.0,1.729,0.1,,0.6057
002236,2026-07-23 00:00:00,16.56,16.84,17.02,16.49,34513025.0,578849600.0,1.443,0.23,,1.3847
002236,2026-07-24 00:00:00,16.55,16.43,16.82,16.4,30673622.0,508285260.0,1.283,-0.41,,-2.4347
002241,2026-07-10 00:00:00,21.21,22.57,23.51,21.13,225519650.0,5133046400.0,7.169,1.36,,6.4121
002241,2026-07-13 00:00:00,22.45,21.82,22.52,21.68,119391961.0,2634865200.0,3.795,-0.75,,-3.323
002241,2026-07-14 00:00:00,21.86,21.73,21.99,20.9,84474353.0,1814777800.0,2.685,-0.09,,-0.4125
002241,2026-07-15 00:00:00,21.75,22.25,22.58,21.33,99060076.0,2199367400.0,3.149,0.52,,2.393
002241,2026-07-16 00:00:00,22.49,23.02,23.87,22.29,148398090.0,3446143600.0,4.718,0.77,,3.4607
002241,2026-07-17 00:00:00,23.0,23.01,23.57,22.09,136841720.0,3113117100.0,4.35,-0.01,,-0.0434
002241,2026-07-20 00:00:00,22.53,23.21,23.39,22.2,107563041.0,2460233000.0,3.419,0.2,,0.8692
002241,2026-07-21 00:00:00,22.99,23.42,23.5,22.76,114522842.0,2650594000.0,3.641,0.21,,0.9048
002241,2026-07-22 00:00:00,23.19,22.38,23.29,22.37,115074251.0,2628020100.0,3.658,-1.04,,-4.4406
002241,2026-07-23 00:00:00,22.16,22.49,22.49,21.8,68632258.0,1527806800.0,2.182,0.11,,0.4915
002241,2026-07-24 00:00:00,22.05,22.67,23.62,21.93,101065029.0,2302309800.0,3.213,0.18,,0.8004
002252,2026-07-10 00:00:00,4.47,4.58,4.63,4.41,72494392.0,330011810.0,1.1,0.11,,2.4609
002252,2026-07-13 00:00:00,4.61,4.68,4.69,4.57,75910880.0,353024040.0,1.152,0.1,,2.1834
002252,2026-07-14 00:00:00,4.65,4.81,4.87,4.62,91847866.0,441016890.0,1.394,0.13,,2.7778
002252,2026-07-15 00:00:00,4.82,4.93,4.97,4.78,88543000.0,433952010.0,1.344,0.12,,2.4948
002252,2026-07-16 00:00:00,4.93,5.19,5.23,4.9,156702950.0,803262060.0,2.379,0.26,,5.2738
002252,2026-07-17 00:00:00,5.17,5.09,5.23,5.06,114853188.0,589888220.0,1.743,-0.1,,-1.9268
002252,2026-07-20 00:00:00,5.03,5.22,5.23,5.0,117590923.0,601427060.0,1.785,0.13,,2.554
002252,2026-07-21 00:00:00,5.2,5.14,5.34,5.12,109429516.0,572857340.0,1.661,-0.08,,-1.5326
002252,2026-07-22 00:00:00,5.12,5.18,5.2,5.09,84427619.0,434805610.0,1.282,0.04,,0.7782
002252,2026-07-23 00:00:00,5.18,5.12,5.21,5.09,55817151.0,286425930.0,0.847,-0.06,,-1.1583
002252,2026-07-24 00:00:00,5.12,4.98,5.16,4.97,53041872.0,267588400.0,0.805,-0.14,,-2.7344
002304,2026-07-10 00:00:00,37.66,38.65,38.9,37.29,8950393.0,343712940.0,0.594,0.99,,2.6288
002304,2026-07-13 00:00:00,38.35,38.1,38.53,37.91,5853915.0,223269120.0,0.389,-0.55,,-1.423
002304,2026-07-14 00:00:00,38.02,38.08,38.24,37.75,5239750.0,199138570.0,0.348,-0.02,,-0.0525
002304,2026-07-15 00:00:00,37.95,39.69,40.09,37.7,12785627.0,503242460.0,0.849,1.61,,4.2279
002304,2026-07-16 00:00:00,39.69,40.17,40.43,39.4,9925357.0,396495240.0,0.659,0.48,,1.2094
002304,2026-07-17 00:00:00,40.16,39.77,40.81,39.49,9961689.0,398561850.0,0.661,-0.4,,-0.9958
002304,2026-07-20 00:00:00,39.8,40.94,41.17,39.8,12717747.0,518200910.0,0.844,1.17,,2.9419
002304,2026-07-21 00:00:00,40.6,40.27,41.87,40.11,14146544.0,578389950.0,0.939,-0.67,,-1.6365
002304,2026-07-22 00:00:00,40.04,40.83,40.83,39.54,10191059.0,409260160.0,0.677,0.56,,1.3906
002304,2026-07-23 00:00:00,40.33,40.25,40.69,39.8,6491624.0,260494550.0,0.431,-0.58,,-1.4205
002304,2026-07-24 00:00:00,40.11,39.34,40.5,39.32,5702833.0,226545770.0,0.379,-0.91,,-2.2609
002311,2026-07-10 00:00:00,44.5,44.91,45.52,43.85,8617060.0,386319670.0,0.522,0.41,,0.9213
002311,2026-07-13 00:00:00,44.9,44.68,45.74,44.16,7388853.0,331954420.0,0.447,-0.23,,-0.5121
002311,2026-07-14 00:00:00,44.5,44.89,45.08,44.02,11110580.0,496607750.0,0.672,0.21,,0.47
002311,2026-07-15 00:00:00,44.74,46.51,46.85,44.45,10927164.0,505713360.0,0.661,1.62,,3.6088
002311,2026-07-16 00:00:00,46.34,47.92,48.65,46.24,15728873.0,754227190.0,0.952,1.41,,3.0316
002311,2026-07-17 00:00:00,47.85,47.93,48.78,47.2,15619538.0,751879870.0,0.945,0.01,,0.0209
002311,2026-07-20 00:00:00,47.5,48.74,49.24,47.11,12816955.0,622028170.0,0.776,0.81,,1.69
002311,2026-07-21 00:00:00,48.38,48.74,50.13,48.02,21350330.0,1043199620.0,1.292,0.0,,0.0
002311,2026-07-22 00:00:00,48.68,48.5,48.79,47.51,8279779.0,398473680.0,0.501,-0.24,,-0.4924
002311,2026-07-23 00:00:00,48.04,48.69,49.2,47.42,7295674.0,352796620.0,0.441,0.19,,0.3918
002311,2026-07-24 00:00:00,48.21,48.26,49.19,47.8,7646266.0,370853560.0,0.462,-0.43,,-0.8831
002352,2026-07-10 00:00:00,31.84,32.03,32.29,31.48,18864931.0,602999030.0,0.396,0.19,,0.5967
002352,2026-07-13 00:00:00,31.91,31.96,32.09,31.75,13928584.0,444621750.0,0.292,-0.07,,-0.2185
002352,2026-07-14 00:00:00,31.89,32.67,32.8,31.76,26763399.0,868961530.0,0.561,0.71,,2.2215
002352,2026-07-15 00:00:00,32.57,33.48,33.64,32.38,29189887.0,969465630.0,0.612,0.81,,2.4793
002352,2026-07-16 00:00:00,33.39,33.4,33.59,33.1,19008638.0,634210350.0,0.399,-0.08,,-0.2389
002352,2026-07-17 00:00:00,33.42,33.08,33.83,32.91,23488776.0,782277940.0,0.492,-0.32,,-0.9581
002352,2026-07-20 00:00:00,33.06,33.98,33.99,33.06,31319830.0,1053976230.0,0.657,0.9,,2.7207
002352,2026-07-21 00:00:00,33.83,33.87,34.66,33.67,32504419.0,1108855890.0,0.681,-0.11,,-0.3237
002352,2026-07-22 00:00:00,34.0,34.17,34.17,33.63,21367373.0,725392270.0,0.445,0.3,,0.8857
002352,2026-07-23 00:00:00,33.97,33.9,34.0,33.71,15811656.0,535207690.0,0.33,-0.27,,-0.7902
002352,2026-07-24 00:00:00,33.81,33.5,33.98,33.48,15551044.0,523338950.0,0.324,-0.4,,-1.1799
002371,2026-07-10 00:00:00,886.46,801.0,905.0,800.99,19385845.0,16711118000.0,2.674,-85.46,,-9.6406
002371,2026-07-13 00:00:00,795.61,764.3,813.7,755.0,16314186.0,12784581100.0,2.25,-36.7,,-4.5818
002371,2026-07-14 00:00:00,763.0,774.2,782.5,728.01,16704392.0,12739965400.0,2.304,9.9,,1.2953
002371,2026-07-15 00:00:00,789.0,742.66,793.0,736.5,12265898.0,9271597500.0,1.692,-31.54,,-4.0739
002371,2026-07-16 00:00:00,732.96,702.76,745.65,693.7,13509339.0,9684632500.0,1.863,-39.9,,-5.3726
002371,2026-07-17 00:00:00,693.3,677.0,707.78,660.01,16618562.0,11379353100.0,2.292,-25.76,,-3.6655
002371,2026-07-20 00:00:00,704.0,676.91,716.66,659.1,17483200.0,12040705500.0,2.411,-0.09,,-0.0133
002371,2026-07-21 00:00:00,699.0,744.6,744.6,678.43,14837581.0,10585799800.0,2.046,67.69,,9.9999
002371,2026-07-22 00:00:00,788.0,764.0,809.0,751.0,22327096.0,17502386000.0,3.079,19.4,,2.6054
002371,2026-07-23 00:00:00,764.77,740.0,769.0,723.0,13640544.0,10139412600.0,1.881,-24.0,,-3.1414
002371,2026-07-24 00:00:00,720.01,757.0,778.8,716.0,15862082.0,12020960500.0,2.188,17.0,,2.2973
002384,2026-07-10 00:00:00,269.37,242.3,274.5,240.0,118895991.0,31097427000.0,8.576,-27.07,,-10.0494
002384,2026-07-13 00:00:00,237.58,236.7,251.4,232.0,93879518.0,22707562000.0,6.772,-5.6,,-2.3112
002384,2026-07-14 00:00:00,241.52,260.37,260.37,237.01,95468607.0,23856271000.0,6.887,23.67,,10.0
002384,2026-07-15 00:00:00,261.0,262.49,280.08,255.88,139133540.0,37257848000.0,10.036,2.12,,0.8142
002384,2026-07-16 00:00:00,250.01,268.8,276.0,246.8,115899123.0,30680857000.0,8.36,6.31,,2.4039
002384,2026-07-17 00:00:00,258.01,241.92,260.0,241.92,109049809.0,26774329000.0,7.866,-26.88,,-10.0
002384,2026-07-20 00:00:00,241.91,217.73,246.0,217.73,108824069.0,24583739000.0,7.85,-24.19,,-9.9992
002384,2026-07-21 00:00:00,217.73,231.0,237.65,195.96,152657950.0,32705699000.0,11.012,13.27,,6.0947
002384,2026-07-22 00:00:00,230.65,217.5,239.77,215.6,127490251.0,29410727000.0,9.196,-13.5,,-5.8442
002384,2026-07-23 00:00:00,223.0,206.65,224.03,198.99,123095564.0,25922610000.0,8.879,-10.85,,-4.9885
002384,2026-07-24 00:00:00,199.11,199.18,205.83,196.98,72822591.0,14607685000.0,5.253,-7.47,,-3.6148
002415,2026-07-10 00:00:00,35.2,34.45,35.86,34.43,115613820.0,4054310000.0,1.278,-0.75,,-2.1307
002415,2026-07-13 00:00:00,34.2,33.19,34.23,33.05,93963383.0,3152929700.0,1.039,-1.26,,-3.6575
002415,2026-07-14 00:00:00,33.07,33.58,33.72,32.88,66192106.0,2204506700.0,0.732,0.39,,1.1751
002415,2026-07-15 00:00:00,33.35,34.1,34.43,33.19,65428045.0,2224517900.0,0.723,0.52,,1.5485
002415,2026-07-16 00:00:00,33.77,34.12,34.76,33.65,69697472.0,2389803600.0,0.771,0.02,,0.0587
002415,2026-07-17 00:00:00,34.13,33.15,34.5,32.82,96118110.0,3223351400.0,1.063,-0.97,,-2.8429
002415,2026-07-20 00:00:00,33.68,34.28,34.82,33.52,101232781.0,3467024700.0,1.119,1.13,,3.4087
002415,2026-07-21 00:00:00,34.59,35.11,35.26,33.5,130742284.0,4504066200.0,1.445,0.83,,2.4212
002415,2026-07-22 00:00:00,34.72,35.63,35.88,34.15,121862210.0,4281917100.0,1.347,0.52,,1.4811
002415,2026-07-23 00:00:00,35.59,35.77,36.0,35.2,90900852.0,3239218400.0,1.005,0.14,,0.3929
002415,2026-07-24 00:00:00,35.4,35.49,35.78,34.76,78148919.0,2760348500.0,0.864,-0.28,,-0.7828
002422,2026-07-10 00:00:00,41.81,44.07,45.65,41.55,52022595.0,2295106200.0,4.006,2.26,,5.4054
002422,2026-07-13 00:00:00,44.57,44.8,46.22,44.0,54449885.0,2453226900.0,4.193,0.73,,1.6565
002422,2026-07-14 00:00:00,44.3,48.5,48.99,44.03,63278464.0,2950537100.0,4.873,3.7,,8.2589
002422,2026-07-15 00:00:00,47.04,49.07,52.72,47.01,83491228.0,4208253200.0,6.429,0.57,,1.1753
002422,2026-07-16 00:00:00,47.5,49.9,51.46,46.02,63695616.0,3107328300.0,4.905,0.83,,1.6915
002422,2026-07-17 00:00:00,48.57,44.91,48.8,44.91,30266820.0,1394348500.0,2.331,-4.99,,-10.0
002422,2026-07-20 00:00:00,42.95,47.8,49.4,42.69,58004521.0,2716520700.0,4.467,2.89,,6.4351
002422,2026-07-21 00:00:00,46.66,47.36,47.93,44.96,46423783.0,2156000800.0,3.575,-0.44,,-0.9205
002422,2026-07-22 00:00:00,46.52,49.22,50.0,46.28,47244657.0,2305392700.0,3.638,1.86,,3.9274
002422,2026-07-23 00:00:00,47.9,51.35,51.35,46.9,48619078.0,2387145400.0,3.744,2.13,,4.3275
002422,2026-07-24 00:00:00,50.7,46.65,50.75,46.22,54237490.0,2623635900.0,4.177,-4.7,,-9.1529
002459,2026-07-10 00:00:00,7.53,7.61,7.82,7.44,55460387.0,424450690.0,1.677,0.08,,1.0624
002459,2026-07-13 00:00:00,7.52,7.03,7.55,7.0,64985348.0,468392030.0,1.965,-0.58,,-7.6216
002459,2026-07-14 00:00:00,7.02,7.08,7.08,6.92,32488068.0,227851870.0,0.983,0.05,,0.7112
002459,2026-07-15 00:00:00,6.99,7.18,7.29,6.97,41693513.0,298730300.0,1.261,0.1,,1.4124
002459,2026-07-16 00:00:00,7.11,7.1,7.25,7.0,32185244.0,229211610.0,0.973,-0.08,,-1.1142
002459,2026-07-17 00:00:00,7.07,6.96,7.19,6.91,38996423.0,275353050.0,1.179,-0.14,,-1.9718
002459,2026-07-20 00:00:00,6.96,7.06,7.07,6.79,42103393.0,292391280.0,1.273,0.1,,1.4368
002459,2026-07-21 00:00:00,7.04,7.11,7.13,6.97,39614428.0,279128390.0,1.198,0.05,,0.7082
002459,2026-07-22 00:00:00,7.06,7.29,7.45,7.0,55457568.0,402610650.0,1.677,0.18,,2.5316
002459,2026-07-23 00:00:00,7.21,7.46,7.49,7.19,47606678.0,350299260.0,1.44,0.17,,2.332
002459,2026-07-24 00:00:00,7.41,7.02,7.46,7.02,44975811.0,324075940.0,1.36,-0.44,,-5.8981
002460,2026-07-10 00:00:00,55.83,53.48,55.83,53.46,56388717.0,3088124700.0,4.656,-2.35,,-4.2092
002460,2026-07-13 00:00:00,53.32,50.98,53.32,50.2,50617297.0,2612421800.0,4.179,-2.5,,-4.6746
002460,2026-07-14 00:00:00,51.23,52.4,52.52,50.05,41035570.0,2114595400.0,3.388,1.42,,2.7854
002460,2026-07-15 00:00:00,52.99,51.5,53.47,51.33,39526329.0,2062707100.0,3.263,-0.9,,-1.7176
002460,2026-07-16 00:00:00,50.6,49.97,52.49,49.44,67246545.0,3397576400.0,5.552,-1.53,,-2.9709
002460,2026-07-17 00:00:00,50.04,48.48,50.88,48.33,50283245.0,2490983700.0,4.152,-1.49,,-2.9818
002460,2026-07-20 00:00:00,48.23,46.11,48.47,45.3,61523664.0,2882389800.0,5.08,-2.37,,-4.8886
002460,2026-07-21 00:00:00,45.85,47.69,47.81,45.19,50737111.0,2375640900.0,4.189,1.58,,3.4266
002460,2026-07-22 00:00:00,47.4,47.43,48.54,46.95,42806110.0,2043063600.0,3.534,-0.26,,-0.5452
002460,2026-07-23 00:00:00,47.92,51.19,51.23,47.55,85153256.0,4262069600.0,7.03,3.76,,7.9275
002460,2026-07-24 00:00:00,50.0,49.03,51.1,49.0,51251138.0,2555385400.0,4.231,-2.16,,-4.2196
002463,2026-07-10 00:00:00,137.6,129.44,141.89,129.2,75894295.0,10329849900.0,3.947,-8.16,,-5.9302
002463,2026-07-13 00:00:00,127.7,124.66,132.0,123.12,52716686.0,6719189800.0,2.742,-4.78,,-3.6928
002463,2026-07-14 00:00:00,128.55,137.13,137.13,128.35,94019686.0,12553796100.0,4.89,12.47,,10.0032
002463,2026-07-15 00:00:00,140.98,137.23,142.89,137.15,85963066.0,12065864100.0,4.471,0.1,,0.0729
002463,2026-07-16 00:00:00,133.81,136.72,142.99,133.16,78354277.0,10879695700.0,4.075,-0.51,,-0.3716
002463,2026-07-17 00:00:00,134.09,127.8,136.45,123.05,95729852.0,12161243300.0,4.979,-8.92,,-6.5243
002463,2026-07-20 00:00:00,130.35,115.02,131.48,115.02,87426039.0,10440701000.0,4.547,-12.78,,-10.0
002463,2026-07-21 00:00:00,115.27,122.6,123.33,104.2,98100743.0,11315658400.0,5.102,7.58,,6.5902
002463,2026-07-22 00:00:00,121.0,114.23,123.98,113.65,77540344.0,9248078700.0,4.033,-8.37,,-6.8271
002463,2026-07-23 00:00:00,116.88,115.74,120.2,113.52,56134479.0,6562566100.0,2.919,1.51,,1.3219
002463,2026-07-24 00:00:00,112.0,112.22,116.49,110.01,42070923.0,4782409300.0,2.188,-3.52,,-3.0413
002466,2026-07-10 00:00:00,49.0,47.8,50.15,47.77,68829754.0,3356970300.0,4.664,-1.2,,-2.449
002466,2026-07-13 00:00:00,47.24,45.61,47.5,44.92,59903814.0,2755366100.0,4.059,-2.19,,-4.5816
002466,2026-07-14 00:00:00,45.88,47.35,47.37,44.75,52548278.0,2424628800.0,3.561,1.74,,3.815
002466,2026-07-15 00:00:00,47.94,47.43,49.1,47.02,75479174.0,3627171200.0,5.115,0.08,,0.169
002466,2026-07-16 00:00:00,46.45,49.34,50.98,45.15,84878354.0,4062504100.0,5.752,1.91,,4.027
002466,2026-07-17 00:00:00,48.45,46.99,50.22,46.99,67213422.0,3267734300.0,4.555,-2.35,,-4.7629
002466,2026-07-20 00:00:00,46.01,42.29,46.13,42.29,76151589.0,3297376200.0,5.16,-4.7,,-10.0021
002466,2026-07-21 00:00:00,40.99,43.69,43.78,40.44,75271423.0,3195881200.0,5.101,1.4,,3.3105
002466,2026-07-22 00:00:00,42.83,43.92,44.78,42.6,65392559.0,2860087100.0,4.431,0.23,,0.5264
002466,2026-07-23 00:00:00,44.49,46.38,46.99,44.08,80411598.0,3680961100.0,5.449,2.46,,5.6011
002466,2026-07-24 00:00:00,45.01,43.88,45.9,43.88,54985027.0,2460788700.0,3.726,-2.5,,-5.3903
002475,2026-07-10 00:00:00,64.24,62.0,65.52,61.92,142232650.0,9121289800.0,1.942,-2.24,,-3.4869
002475,2026-07-13 00:00:00,61.74,58.84,61.76,58.1,132193670.0,7940234300.0,1.805,-3.16,,-5.0968
002475,2026-07-14 00:00:00,58.36,61.53,61.76,57.27,139252450.0,8350544300.0,1.901,2.69,,4.5717
002475,2026-07-15 00:00:00,62.11,60.33,62.11,59.71,93265788.0,5679723900.0,1.273,-1.2,,-1.9503
002475,2026-07-16 00:00:00,60.72,61.44,64.2,59.86,132591776.0,8285862500.0,1.81,1.11,,1.8399
002475,2026-07-17 00:00:00,60.86,57.91,61.36,56.95,143301670.0,8437769000.0,1.956,-3.53,,-5.7454
002475,2026-07-20 00:00:00,58.5,56.8,59.88,55.03,135198680.0,7807511000.0,1.846,-1.11,,-1.9168
002475,2026-07-21 00:00:00,57.29,60.42,60.78,56.6,157939670.0,9326953400.0,2.156,3.62,,6.3732
002475,2026-07-22 00:00:00,59.88,59.16,61.68,58.8,106222324.0,6394815700.0,1.45,-1.26,,-2.0854
002475,2026-07-23 00:00:00,59.16,61.19,61.98,58.65,120969574.0,7347105000.0,1.651,2.03,,3.4314
002475,2026-07-24 00:00:00,60.0,60.59,62.49,59.6,75736872.0,4614732700.0,1.034,-0.6,,-0.9806
002493,2026-07-10 00:00:00,10.87,10.95,11.09,10.55,63590762.0,690156830.0,0.681,0.08,,0.736
002493,2026-07-13 00:00:00,10.92,10.89,11.35,10.8,70738206.0,778915380.0,0.758,-0.06,,-0.5479
002493,2026-07-14 00:00:00,10.86,11.29,11.29,10.63,67179176.0,742931270.0,0.719,0.4,,3.6731
002493,2026-07-15 00:00:00,11.0,11.1,11.35,10.74,68988838.0,761486020.0,0.739,-0.19,,-1.6829
002493,2026-07-16 00:00:00,11.25,11.14,11.28,10.88,60438790.0,669377360.0,0.647,0.04,,0.3604
002493,2026-07-17 00:00:00,11.22,11.33,11.58,11.08,79955347.0,905554550.0,0.856,0.19,,1.7056
002493,2026-07-20 00:00:00,11.34,11.66,11.74,11.22,83262719.0,959497970.0,0.892,0.33,,2.9126
002493,2026-07-21 00:00:00,11.46,11.47,11.67,11.25,69339881.0,793764500.0,0.743,-0.19,,-1.6295
002493,2026-07-22 00:00:00,11.47,12.16,12.21,11.33,89296624.0,1061141120.0,0.956,0.69,,6.0157
002493,2026-07-23 00:00:00,12.04,12.27,12.43,11.78,70123177.0,851899250.0,0.751,0.11,,0.9046
002493,2026-07-24 00:00:00,12.2,11.59,12.39,11.51,62338760.0,740239380.0,0.668,-0.68,,-5.542
002594,2026-07-10 00:00:00,86.84,90.0,90.83,84.88,70933247.0,6283278800.0,2.034,3.16,,3.6389
002594,2026-07-13 00:00:00,89.0,86.98,89.0,86.78,42458495.0,3714908400.0,1.218,-3.02,,-3.3556
002594,2026-07-14 00:00:00,86.89,90.18,90.68,86.5,54707491.0,4883296400.0,1.569,3.2,,3.679
002594,2026-07-15 00:00:00,89.65,91.76,93.48,89.45,51415427.0,4733650600.0,1.475,1.58,,1.7521
002594,2026-07-16 00:00:00,91.74,94.14,94.76,91.15,60720397.0,5673387700.0,1.742,2.38,,2.5937
002594,2026-07-17 00:00:00,94.14,93.47,95.95,91.9,68734582.0,6442145700.0,1.971,-0.67,,-0.7117
002594,2026-07-20 00:00:00,93.49,93.92,95.28,92.77,43989030.0,4119522100.0,1.262,0.45,,0.4814
002594,2026-07-21 00:00:00,93.93,94.3,96.8,93.35,67159285.0,6390715200.0,1.926,0.38,,0.4046
002594,2026-07-22 00:00:00,92.63,91.57,93.0,90.51,60354971.0,5516076300.0,1.731,-2.73,,-2.895
002594,2026-07-23 00:00:00,90.77,92.65,92.87,90.01,33801437.0,3104427200.0,0.97,1.08,,1.1794
002594,2026-07-24 00:00:00,91.53,91.89,93.08,91.31,24303385.0,2244617900.0,0.697,-0.76,,-0.8203
002600,2026-07-10 00:00:00,15.54,15.16,16.15,15.16,234048390.0,3662716000.0,3.251,-0.38,,-2.4453
002600,2026-07-13 00:00:00,14.99,13.64,15.16,13.64,286639180.0,3983133700.0,3.981,-1.52,,-10.0264
002600,2026-07-14 00:00:00,13.35,12.97,13.36,12.28,295017760.0,3738915200.0,4.098,-0.67,,-4.912
002600,2026-07-15 00:00:00,13.2,12.71,13.28,12.6,154075190.0,1978070100.0,2.14,-0.26,,-2.0046
002600,2026-07-16 00:00:00,12.52,12.61,13.18,12.43,158461340.0,2032513600.0,2.201,-0.1,,-0.7868
002600,2026-07-17 00:00:00,12.48,11.41,12.57,11.39,190968050.0,2259979500.0,2.652,-1.2,,-9.5163
002600,2026-07-20 00:00:00,11.69,11.55,11.83,11.11,145460020.0,1674223400.0,2.02,0.14,,1.227
002600,2026-07-21 00:00:00,11.57,12.35,12.44,11.02,189979610.0,2243672000.0,2.639,0.8,,6.9264
002600,2026-07-22 00:00:00,12.1,12.13,12.47,12.05,128879685.0,1578399400.0,1.79,-0.22,,-1.7814
002600,2026-07-23 00:00:00,12.11,12.2,12.25,12.03,79428927.0,965482080.0,1.103,0.07,,0.5771
002600,2026-07-24 00:00:00,12.0,12.09,12.28,11.77,88580769.0,1074380160.0,1.23,-0.11,,-0.9016
002601,2026-07-10 00:00:00,15.8,16.0,16.2,15.47,21916244.0,348096980.0,1.103,0.2,,1.2658
002601,2026-07-13 00:00:00,15.92,15.98,16.09,15.81,18444191.0,293916480.0,0.928,-0.02,,-0.125
002601,2026-07-14 00:00:00,16.0,15.36,16.08,15.21,24589985.0,379469330.0,1.237,-0.62,,-3.8798
002601,2026-07-15 00:00:00,15.37,15.6,15.85,15.01,20771500.0,322526160.0,1.045,0.24,,1.5625
002601,2026-07-16 00:00:00,15.45,15.66,15.78,15.36,15624458.0,243341640.0,0.786,0.06,,0.3846
002601,2026-07-17 00:00:00,15.65,15.6,16.08,15.55,29959063.0,474365520.0,1.507,-0.06,,-0.3831
002601,2026-07-20 00:00:00,15.61,15.98,15.98,15.43,21732461.0,342706460.0,1.093,0.38,,2.4359
002601,2026-07-21 00:00:00,15.93,16.72,16.84,15.85,29914779.0,495939440.0,1.505,0.74,,4.6308
002601,2026-07-22 00:00:00,16.5,16.52,16.64,16.0,23271983.0,379384280.0,1.171,-0.2,,-1.1962
002601,2026-07-23 00:00:00,16.4,16.83,16.89,16.33,19166880.0,320615630.0,0.964,0.31,,1.8765
002601,2026-07-24 00:00:00,16.75,16.36,16.9,16.29,16152154.0,265860560.0,0.813,-0.47,,-2.7926
002625,2026-07-10 00:00:00,29.41,29.86,31.22,28.95,44946264.0,1354406800.0,2.086,0.45,,1.5301
002625,2026-07-13 00:00:00,29.9,28.08,30.13,28.01,35543711.0,1015176580.0,1.65,-1.78,,-5.9612
002625,2026-07-14 00:00:00,27.82,27.44,27.99,26.69,40634211.0,1105440390.0,1.886,-0.64,,-2.2792
002625,2026-07-15 00:00:00,27.3,27.62,28.18,27.0,26696606.0,738523080.0,1.239,0.18,,0.656
002625,2026-07-16 00:00:00,27.27,27.68,28.25,26.97,21135868.0,587059490.0,0.981,0.06,,0.2172
002625,2026-07-17 00:00:00,27.65,26.4,27.65,26.25,33667513.0,906022380.0,1.563,-1.28,,-4.6243
002625,2026-07-20 00:00:00,26.48,27.07,27.71,26.37,36836569.0,994992900.0,1.71,0.67,,2.5379
002625,2026-07-21 00:00:00,26.96,27.31,27.47,26.67,30461078.0,827270760.0,1.414,0.24,,0.8866
002625,2026-07-22 00:00:00,27.33,28.71,29.05,26.88,50956023.0,1445829500.0,2.365,1.4,,5.1263
002625,2026-07-23 00:00:00,28.82,29.71,29.74,28.5,30866144.0,902056740.0,1.433,1.0,,3.4831
002625,2026-07-24 00:00:00,29.46,29.96,30.48,29.38,35706582.0,1072743150.0,1.657,0.25,,0.8415
002648,2026-07-10 00:00:00,22.7,22.68,23.15,22.22,53558963.0,1219160890.0,1.591,-0.02,,-0.0881
002648,2026-07-13 00:00:00,22.7,22.07,23.02,21.86,50185232.0,1115239340.0,1.491,-0.61,,-2.6896
002648,2026-07-14 00:00:00,22.64,23.67,23.86,22.62,78959521.0,1836682100.0,2.346,1.6,,7.2497
002648,2026-07-15 00:00:00,23.53,23.43,23.78,23.12,46892302.0,1099179420.0,1.393,-0.24,,-1.0139
002648,2026-07-16 00:00:00,23.2,22.9,23.36,22.84,40602813.0,935131780.0,1.206,-0.53,,-2.2621
002648,2026-07-17 00:00:00,22.97,22.84,23.48,22.8,57805784.0,1337160360.0,1.717,-0.06,,-0.262
002648,2026-07-20 00:00:00,23.38,24.38,24.63,23.31,91730846.0,2210161000.0,2.725,1.54,,6.7426
002648,2026-07-21 00:00:00,24.1,23.82,24.3,23.38,67783084.0,1612833100.0,2.014,-0.56,,-2.297
002648,2026-07-22 00:00:00,23.99,24.48,24.87,23.7,64659324.0,1580371000.0,1.921,0.66,,2.7708
002648,2026-07-23 00:00:00,24.82,25.03,25.54,24.32,71028109.0,1775983600.0,2.11,0.55,,2.2467
002648,2026-07-24 00:00:00,25.3,24.11,25.39,24.09,50618826.0,1249841300.0,1.504,-0.92,,-3.6756
002709,2026-07-10 00:00:00,43.54,40.06,44.34,39.9,135428470.0,5708737300.0,8.975,-3.48,,-7.9927
002709,2026-07-13 00:00:00,39.28,37.19,39.49,37.01,106424312.0,4042299200.0,7.053,-2.87,,-7.1643
002709,2026-07-14 00:00:00,37.19,38.17,38.4,36.39,78864101.0,2959524400.0,5.226,0.98,,2.6351
002709,2026-07-15 00:00:00,38.31,37.55,38.93,37.45,63055052.0,2407439700.0,4.179,-0.62,,-1.6243
002709,2026-07-16 00:00:00,37.2,36.61,37.73,36.33,56158487.0,2078580900.0,3.722,-0.94,,-2.5033
002709,2026-07-17 00:00:00,36.4,35.62,36.98,35.15,69666531.0,2511120000.0,4.617,-0.99,,-2.7042
002709,2026-07-20 00:00:00,35.56,33.41,35.67,32.6,88829657.0,3025841900.0,5.887,-2.21,,-6.2044
002709,2026-07-21 00:00:00,33.79,36.09,36.14,33.2,91235313.0,3166012400.0,6.046,2.68,,8.0216
002709,2026-07-22 00:00:00,35.95,35.26,36.88,35.09,69253125.0,2492300600.0,4.589,-0.83,,-2.2998
002709,2026-07-23 00:00:00,35.41,37.44,37.48,35.18,85668410.0,3144044300.0,5.677,2.18,,6.1826
002709,2026-07-24 00:00:00,36.92,36.83,38.85,36.82,92330452.0,3491334100.0,6.119,-0.61,,-1.6293
002714,2026-07-10 00:00:00,36.74,38.14,38.46,36.01,86220786.0,3244878700.0,2.628,1.4,,3.8106
002714,2026-07-13 00:00:00,37.45,38.55,39.19,37.35,84182270.0,3232658900.0,2.566,0.41,,1.075
002714,2026-07-14 00:00:00,38.3,38.08,38.36,37.52,55313569.0,2099443300.0,1.686,-0.47,,-1.2192
002714,2026-07-15 00:00:00,37.71,39.65,40.1,37.68,84541946.0,3336653100.0,2.577,1.57,,4.1229
002714,2026-07-16 00:00:00,39.87,40.9,41.27,39.67,97914835.0,3982545700.0,2.985,1.25,,3.1526
002714,2026-07-17 00:00:00,40.91,39.83,41.55,39.21,91082851.0,3663562400.0,2.777,-1.07,,-2.6161
002714,2026-07-20 00:00:00,39.28,40.61,40.84,38.42,83281758.0,3327300600.0,2.539,0.78,,1.9583
002714,2026-07-21 00:00:00,40.02,39.42,40.87,39.13,76584357.0,3047510900.0,2.335,-1.19,,-2.9303
002714,2026-07-22 00:00:00,39.0,39.44,40.05,38.61,64722280.0,2541628900.0,1.973,0.02,,0.0507
002714,2026-07-23 00:00:00,38.96,39.7,40.16,38.47,61160173.0,2404952600.0,1.864,0.26,,0.6592
002714,2026-07-24 00:00:00,39.48,38.68,40.0,38.61,40804005.0,1591325700.0,1.244,-1.02,,-2.5693
002736,2026-07-10 00:00:00,10.22,10.05,10.23,10.0,35260727.0,355878420.0,0.367,-0.17,,-1.6634
002736,2026-07-13 00:00:00,10.05,9.99,10.11,9.95,28719658.0,287370140.0,0.299,-0.06,,-0.597
002736,2026-07-14 00:00:00,10.0,10.06,10.07,9.91,25315512.0,252997930.0,0.263,0.07,,0.7007
002736,2026-07-15 00:00:00,10.04,10.34,10.42,10.02,57943106.0,593132790.0,0.603,0.28,,2.7833
002736,2026-07-16 00:00:00,10.28,10.26,10.38,10.15,30152709.0,308766030.0,0.314,-0.08,,-0.7737
002736,2026-07-17 00:00:00,10.26,10.1,10.36,10.03,38978690.0,397635530.0,0.406,-0.16,,-1.5595
002736,2026-07-20 00:00:00,10.11,10.31,10.35,10.1,42546413.0,436689780.0,0.443,0.21,,2.0792
002736,2026-07-21 00:00:00,10.34,10.3,10.45,10.22,42529086.0,438772730.0,0.442,-0.01,,-0.097
002736,2026-07-22 00:00:00,10.25,10.19,10.25,10.11,29451781.0,299383170.0,0.306,-0.11,,-1.068
002736,2026-07-23 00:00:00,10.15,10.31,10.32,10.15,26684565.0,273671440.0,0.278,0.12,,1.1776
002736,2026-07-24 00:00:00,10.29,10.03,10.3,10.02,28791857.0,291862600.0,0.3,-0.28,,-2.7158
002916,2026-07-10 00:00:00,443.0,426.0,459.8,425.0,13074219.0,5828007600.0,1.967,-17.0,,-3.8375
002916,2026-07-13 00:00:00,419.99,393.59,445.0,389.73,19124176.0,7964292700.0,2.877,-32.41,,-7.608
002916,2026-07-14 00:00:00,400.0,408.99,416.3,378.0,21935147.0,8675786300.0,3.3,15.4,,3.9127
002916,2026-07-15 00:00:00,412.0,377.23,414.8,374.94,16158631.0,6262247400.0,2.431,-31.76,,-7.7655
002916,2026-07-16 00:00:00,370.02,364.0,388.55,357.0,12247115.0,4548495100.0,1.842,-13.23,,-3.5071
002916,2026-07-17 00:00:00,358.0,334.0,359.99,327.6,14199022.0,4826578400.0,2.136,-30.0,,-8.2418
002916,2026-07-20 00:00:00,344.02,324.36,354.99,314.37,15163689.0,5093129500.0,2.281,-9.64,,-2.8862
002916,2026-07-21 00:00:00,329.54,350.0,352.98,295.28,17257128.0,5719880600.0,2.596,25.64,,7.9048
002916,2026-07-22 00:00:00,345.0,337.98,366.98,334.0,12545168.0,4412363000.0,1.887,-12.02,,-3.4343
002916,2026-07-23 00:00:00,344.06,337.47,351.5,334.0,9123586.0,3117750500.0,1.372,-0.51,,-0.1509
002916,2026-07-24 00:00:00,330.0,332.81,339.21,323.0,7006412.0,2331824300.0,1.054,-4.66,,-1.3809
002920,2026-07-10 00:00:00,87.5,88.98,91.35,86.85,11150751.0,993023360.0,1.869,1.48,,1.6914
002920,2026-07-13 00:00:00,87.88,82.77,88.5,82.28,10689234.0,906971990.0,1.792,-6.21,,-6.9791
002920,2026-07-14 00:00:00,82.77,80.8,83.38,79.5,8565258.0,691249150.0,1.436,-1.97,,-2.3801
002920,2026-07-15 00:00:00,80.89,82.92,84.81,79.8,8530548.0,706168040.0,1.43,2.12,,2.6238
002920,2026-07-16 00:00:00,81.97,85.93,87.48,81.8,10276765.0,876129870.0,1.723,3.01,,3.63
002920,2026-07-17 00:00:00,85.9,82.14,87.04,81.8,8059357.0,675666720.0,1.351,-3.79,,-4.4106
002920,2026-07-20 00:00:00,82.17,83.4,83.5,81.01,7411862.0,610188810.0,1.242,1.26,,1.534
002920,2026-07-21 00:00:00,82.96,84.53,85.38,82.83,8353538.0,705792930.0,1.4,1.13,,1.3549
002920,2026-07-22 00:00:00,83.69,82.38,83.69,81.84,6340627.0,522494320.0,1.063,-2.15,,-2.5435
002920,2026-07-23 00:00:00,82.26,83.9,83.96,80.87,5152726.0,426340570.0,0.864,1.52,,1.8451
002920,2026-07-24 00:00:00,82.07,81.02,83.6,81.0,4453310.0,365800070.0,0.746,-2.88,,-3.4327
002938,2026-07-10 00:00:00,97.99,98.47,100.9,96.31,54221404.0,5364082500.0,2.346,0.48,,0.4898
002938,2026-07-13 00:00:00,97.63,96.3,102.38,95.45,44917634.0,4417809800.0,1.944,-2.17,,-2.2037
002938,2026-07-14 00:00:00,97.4,105.24,105.93,97.4,63848841.0,6563025000.0,2.763,8.94,,9.2835
002938,2026-07-15 00:00:00,105.24,103.03,106.18,100.14,42724823.0,4426810800.0,1.849,-2.21,,-2.1
002938,2026-07-16 00:00:00,99.95,103.09,107.89,99.1,40457939.0,4232917800.0,1.751,0.06,,0.0582
002938,2026-07-17 00:00:00,101.09,93.89,101.24,92.78,40721989.0,3900060900.0,1.762,-9.2,,-8.9242
002938,2026-07-20 00:00:00,95.97,90.89,98.0,86.9,39287810.0,3621060400.0,1.7,-3.0,,-3.1952
002938,2026-07-21 00:00:00,91.79,95.6,96.38,81.8,36453329.0,3295995100.0,1.578,4.71,,5.1821
002938,2026-07-22 00:00:00,95.0,91.41,98.6,89.91,23812696.0,2244839800.0,1.031,-4.19,,-4.3828
002938,2026-07-23 00:00:00,93.23,87.61,96.0,87.0,32292740.0,2924380200.0,1.398,-3.8,,-4.1571
002938,2026-07-24 00:00:00,86.86,88.39,91.39,84.98,23467020.0,2092808000.0,1.016,0.78,,0.8903
003816,2026-07-10 00:00:00,3.85,3.86,3.89,3.78,107930369.0,415256260.0,0.274,0.01,,0.2597
003816,2026-07-13 00:00:00,3.84,3.87,3.9,3.83,91370800.0,353115940.0,0.232,0.01,,0.2591
003816,2026-07-14 00:00:00,3.87,3.9,3.95,3.84,133121709.0,520295620.0,0.338,0.03,,0.7752
003816,2026-07-15 00:00:00,3.9,3.93,3.94,3.86,95726300.0,374784450.0,0.243,0.03,,0.7692
003816,2026-07-16 00:00:00,3.92,3.88,3.95,3.87,96016201.0,374779180.0,0.244,-0.05,,-1.2723
003816,2026-07-17 00:00:00,3.87,3.94,3.99,3.86,169240560.0,668610560.0,0.43,0.06,,1.5464
003816,2026-07-20 00:00:00,3.95,4.07,4.07,3.93,170196300.0,684277700.0,0.433,0.13,,3.2995
003816,2026-07-21 00:00:00,4.08,4.06,4.14,4.04,165613940.0,676438570.0,0.421,-0.01,,-0.2457
003816,2026-07-22 00:00:00,4.06,4.11,4.12,4.02,135803890.0,552876000.0,0.345,0.05,,1.2315
003816,2026-07-23 00:00:00,4.11,4.16,4.2,4.09,109991040.0,457274000.0,0.28,0.05,,1.2165
003816,2026-07-24 00:00:00,4.16,4.06,4.18,4.06,102821742.0,423631260.0,0.261,-0.1,,-2.4038
300014,2026-07-10 00:00:00,56.47,54.94,56.94,54.86,51118777.0,2858632200.0,2.42,-1.53,,-2.7094
300014,2026-07-13 00:00:00,54.5,51.74,54.87,51.5,60069275.0,3151411100.0,2.844,-3.2,,-5.8245
300014,2026-07-14 00:00:00,51.79,52.26,52.42,50.33,46581459.0,2404995400.0,2.205,0.52,,1.005
300014,2026-07-15 00:00:00,52.35,52.28,53.82,52.02,40327733.0,2129263000.0,1.909,0.02,,0.0383
300014,2026-07-16 00:00:00,52.0,51.61,52.85,50.81,34284094.0,1778773300.0,1.623,-0.67,,-1.2816
300014,2026-07-17 00:00:00,51.59,51.67,52.6,50.8,55834783.0,2886696300.0,2.643,0.06,,0.1163
300014,2026-07-20 00:00:00,50.8,50.95,52.43,49.4,56461322.0,2876971500.0,2.673,-0.72,,-1.3935
300014,2026-07-21 00:00:00,51.2,54.21,54.22,51.14,76745159.0,4090127100.0,3.633,3.26,,6.3984
300014,2026-07-22 00:00:00,53.73,53.0,53.95,52.6,47879585.0,2542703200.0,2.267,-1.21,,-2.2321
300014,2026-07-23 00:00:00,52.7,55.31,55.41,52.41,60602650.0,3298474800.0,2.869,2.31,,4.3585
300014,2026-07-24 00:00:00,54.0,53.96,55.59,53.9,44447217.0,2428946700.0,2.104,-1.35,,-2.4408
300015,2026-07-10 00:00:00,8.04,8.25,8.34,7.95,107404872.0,891781900.0,1.35,0.21,,2.6119
300015,2026-07-13 00:00:00,8.17,8.15,8.29,8.06,89778829.0,739932350.0,1.128,-0.1,,-1.2121
300015,2026-07-14 00:00:00,8.15,8.3,8.3,8.12,83671650.0,698442140.0,1.052,0.15,,1.8405
300015,2026-07-15 00:00:00,8.25,8.78,8.84,8.21,192722580.0,1687074500.0,2.422,0.48,,5.7831
300015,2026-07-16 00:00:00,8.7,8.91,8.97,8.6,160595270.0,1429949200.0,2.018,0.13,,1.4806
300015,2026-07-17 00:00:00,8.89,8.68,8.97,8.62,130072030.0,1137037370.0,1.635,-0.23,,-2.5814
300015,2026-07-20 00:00:00,8.59,8.93,8.95,8.55,130147904.0,1139032490.0,1.636,0.25,,2.8802
300015,2026-07-21 00:00:00,8.8,8.78,8.98,8.7,116502727.0,1028358890.0,1.464,-0.15,,-1.6797
300015,2026-07-22 00:00:00,8.71,8.89,8.92,8.66,114277807.0,1007340940.0,1.436,0.11,,1.2528
300015,2026-07-23 00:00:00,8.82,8.76,8.85,8.68,74949508.0,655561570.0,0.942,-0.13,,-1.4623
300015,2026-07-24 00:00:00,8.7,8.46,8.76,8.42,85973157.0,736107150.0,1.08,-0.3,,-3.4247
300033,2026-07-10 00:00:00,227.49,226.82,235.51,224.53,16172273.0,3716049200.0,3.689,-0.67,,-0.2945
300033,2026-07-13 00:00:00,224.08,216.39,225.18,214.6,16867806.0,3678923700.0,3.848,-10.43,,-4.5984
300033,2026-07-14 00:00:00,216.0,217.69,218.88,211.08,13134434.0,2828423700.0,2.996,1.3,,0.6008
300033,2026-07-15 00:00:00,218.0,224.3,231.0,216.5,19610033.0,4392806000.0,4.473,6.61,,3.0364
300033,2026-07-16 00:00:00,221.0,220.4,225.5,218.0,12501494.0,2763038000.0,2.852,-3.9,,-1.7387
300033,2026-07-17 00:00:00,220.8,215.56,226.8,214.33,20981627.0,4642132200.0,4.786,-4.84,,-2.196
300033,2026-07-20 00:00:00,217.0,224.91,229.0,217.0,18811540.0,4214990600.0,4.291,9.35,,4.3375
300033,2026-07-21 00:00:00,225.0,231.45,231.45,222.3,23590833.0,5361274800.0,5.381,6.54,,2.9078
300033,2026-07-22 00:00:00,227.0,225.03,229.8,223.68,14345939.0,3247755700.0,3.272,-6.42,,-2.7738
300033,2026-07-23 00:00:00,225.51,228.34,230.62,222.2,12741085.0,2900203900.0,2.906,3.31,,1.4709
300033,2026-07-24 00:00:00,225.96,214.65,226.35,214.64,15249299.0,3350228400.0,3.478,-13.69,,-5.9954
300059,2026-07-10 00:00:00,20.4,20.19,20.5,20.1,328290460.0,6652015300.0,2.459,-0.21,,-1.0294
300059,2026-07-13 00:00:00,20.03,19.84,20.32,19.62,328386780.0,6558881400.0,2.459,-0.35,,-1.7335
300059,2026-07-14 00:00:00,19.89,19.6,19.98,19.19,327256500.0,6430616000.0,2.451,-0.24,,-1.2097
300059,2026-07-15 00:00:00,19.53,20.14,20.38,19.43,383955840.0,7659937500.0,2.875,0.54,,2.7551
300059,2026-07-16 00:00:00,19.95,19.82,20.1,19.71,261353380.0,5192459900.0,1.957,-0.32,,-1.5889
300059,2026-07-17 00:00:00,19.79,19.7,20.44,19.67,451533950.0,9039491400.0,3.381,-0.12,,-0.6054
300059,2026-07-20 00:00:00,19.8,20.18,20.43,19.8,383137770.0,7700009600.0,2.869,0.48,,2.4365
300059,2026-07-21 00:00:00,20.22,20.29,20.46,19.9,426949120.0,8617016800.0,3.197,0.11,,0.5451
300059,2026-07-22 00:00:00,20.1,20.08,20.18,19.9,257183920.0,5156286200.0,1.926,-0.21,,-1.035
300059,2026-07-23 00:00:00,20.05,20.28,20.45,19.92,282620350.0,5703617700.0,2.117,0.2,,0.996
300059,2026-07-24 00:00:00,20.08,19.4,20.08,19.4,309037090.0,6106028400.0,2.314,-0.88,,-4.3393
300122,2026-07-10 00:00:00,11.36,12.17,12.34,11.16,44090459.0,527940980.0,3.118,0.81,,7.1303
300122,2026-07-13 00:00:00,12.16,11.9,12.33,11.85,27907186.0,334540170.0,1.973,-0.27,,-2.2186
300122,2026-07-14 00:00:00,11.89,12.06,12.24,11.73,25397788.0,305361920.0,1.796,0.16,,1.3445
300122,2026-07-15 00:00:00,12.0,12.48,12.65,11.9,41124686.0,512241400.0,2.908,0.42,,3.4826
300122,2026-07-16 00:00:00,12.4,12.96,13.11,12.28,45843093.0,583375050.0,3.241,0.48,,3.8462
300122,2026-07-17 00:00:00,12.82,12.27,12.95,12.22,36558488.0,456477000.0,2.585,-0.69,,-5.3241
300122,2026-07-20 00:00:00,12.27,12.76,12.76,12.14,31592372.0,391777570.0,2.234,0.49,,3.9935
300122,2026-07-21 00:00:00,12.64,12.9,13.56,12.55,46126561.0,598533390.0,3.261,0.14,,1.0972
300122,2026-07-22 00:00:00,12.7,12.95,13.15,12.59,30021217.0,387131480.0,2.123,0.05,,0.3876
300122,2026-07-23 00:00:00,12.7,12.68,12.83,12.55,23837565.0,302096160.0,1.686,-0.27,,-2.0849
300122,2026-07-24 00:00:00,12.6,12.13,12.7,12.13,21158998.0,262325140.0,1.496,-0.55,,-4.3375
300124,2026-07-10 00:00:00,64.48,63.43,65.9,63.35,37847704.0,2441773900.0,1.57,-1.05,,-1.6284
300124,2026-07-13 00:00:00,63.0,60.95,63.01,60.86,34383374.0,2114421400.0,1.427,-2.48,,-3.9098
300124,2026-07-14 00:00:00,60.71,60.25,60.95,58.85,36891851.0,2205032100.0,1.531,-0.7,,-1.1485
300124,2026-07-15 00:00:00,60.72,61.04,61.66,59.88,27125518.0,1650688200.0,1.125,0.79,,1.3112
300124,2026-07-16 00:00:00,60.84,60.31,61.52,60.11,23100036.0,1403681000.0,0.958,-0.73,,-1.1959
300124,2026-07-17 00:00:00,60.18,59.12,60.8,58.57,32048806.0,1913495000.0,1.33,-1.19,,-1.9731
300124,2026-07-20 00:00:00,59.5,59.73,61.64,57.32,43665852.0,2570833700.0,1.812,0.61,,1.0318
300124,2026-07-21 00:00:00,59.74,61.53,61.68,59.11,36180682.0,2204197900.0,1.501,1.8,,3.0136
300124,2026-07-22 00:00:00,60.93,61.59,61.6,60.17,27912140.0,1695941300.0,1.158,0.06,,0.0975
300124,2026-07-23 00:00:00,60.98,62.36,62.7,60.23,27846701.0,1712174200.0,1.155,0.77,,1.2502
300124,2026-07-24 00:00:00,61.5,59.35,61.5,59.35,27304656.0,1645039600.0,1.133,-3.01,,-4.8268
300251,2026-07-10 00:00:00,12.2,12.75,12.85,12.06,114673252.0,1446038700.0,4.132,0.55,,4.5082
300251,2026-07-13 00:00:00,12.64,11.8,12.75,11.8,100678700.0,1221159830.0,3.628,-0.95,,-7.451
300251,2026-07-14 00:00:00,11.81,11.51,12.07,11.12,68669543.0,788440630.0,2.474,-0.29,,-2.4576
300251,2026-07-15 00:00:00,11.5,12.39,12.76,11.41,113188872.0,1392131000.0,4.078,0.88,,7.6455
300251,2026-07-16 00:00:00,12.15,13.57,13.88,12.08,204872020.0,2703135100.0,7.382,1.18,,9.5238
300251,2026-07-17 00:00:00,13.18,12.52,13.48,12.48,155172280.0,1998522700.0,5.591,-1.05,,-7.7377
300251,2026-07-20 00:00:00,12.15,12.1,12.5,11.54,122666777.0,1460774400.0,4.42,-0.42,,-3.3546
300251,2026-07-21 00:00:00,11.96,12.16,12.58,11.76,88464190.0,1068377520.0,3.188,0.06,,0.4959
300251,2026-07-22 00:00:00,11.86,11.64,11.89,11.61,69396382.0,812581580.0,2.5,-0.52,,-4.2763
300251,2026-07-23 00:00:00,11.62,11.69,11.7,11.24,52608047.0,603485970.0,1.896,0.05,,0.4296
300251,2026-07-24 00:00:00,11.5,11.12,11.72,11.12,50408225.0,573257960.0,1.816,-0.57,,-4.876
300274,2026-07-10 00:00:00,123.17,114.79,123.8,114.0,93937977.0,11128134500.0,5.917,-8.38,,-6.8036
300274,2026-07-13 00:00:00,112.54,108.0,114.05,106.8,74568297.0,8168368800.0,4.697,-6.79,,-5.9151
300274,2026-07-14 00:00:00,108.0,108.29,109.26,100.73,96031076.0,10065149600.0,6.049,0.29,,0.2685
300274,2026-07-15 00:00:00,110.09,108.95,111.15,107.65,54347978.0,5935572200.0,3.423,0.66,,0.6095
300274,2026-07-16 00:00:00,108.17,105.84,112.0,104.53,62478680.0,6734754600.0,3.936,-3.11,,-2.8545
300274,2026-07-17 00:00:00,106.07,101.61,106.24,100.2,62204958.0,6384992800.0,3.918,-4.23,,-3.9966
300274,2026-07-20 00:00:00,102.0,101.77,105.49,99.77,65928400.0,6773216100.0,4.153,0.16,,0.1575
300274,2026-07-21 00:00:00,102.88,104.08,104.88,101.16,67068249.0,6912115500.0,4.225,2.31,,2.2698
300274,2026-07-22 00:00:00,106.36,109.95,113.77,105.6,84718243.0,9331922100.0,5.337,5.87,,5.6399
300274,2026-07-23 00:00:00,109.78,117.79,118.27,108.5,93006765.0,10719171900.0,5.859,7.84,,7.1305
300274,2026-07-24 00:00:00,116.13,113.42,120.45,113.13,55099616.0,6384702300.0,3.471,-4.37,,-3.71
300308,2026-07-10 00:00:00,1210.0,1093.98,1218.0,1093.98,42326242.0,49028023000.0,3.813,-116.02,,-9.5884
300308,2026-07-13 00:00:00,1100.01,1108.0,1148.48,1076.8,34452091.0,38390821000.0,3.104,14.02,,1.2816
300308,2026-07-14 00:00:00,1108.53,1184.05,1198.66,1098.0,40047572.0,46249946000.0,3.608,76.05,,6.8637
300308,2026-07-15 00:00:00,1190.0,1169.31,1207.98,1160.0,24794635.0,29281916000.0,2.234,-14.74,,-1.2449
300308,2026-07-16 00:00:00,1122.22,1113.0,1163.0,1098.0,30663363.0,34474189000.0,2.763,-56.31,,-4.8157
300308,2026-07-17 00:00:00,1057.36,979.46,1072.0,950.55,56186085.0,56485631000.0,5.062,-133.54,,-11.9982
300308,2026-07-20 00:00:00,1028.43,1004.0,1057.77,967.68,45366520.0,46094376000.0,4.087,24.54,,2.5055
300308,2026-07-21 00:00:00,1020.01,1136.55,1136.8,988.82,48115735.0,51302198000.0,4.335,132.55,,13.2022
300308,2026-07-22 00:00:00,1110.0,1060.8,1138.88,1060.5,36798027.0,40560131000.0,3.315,-75.75,,-6.6649
300308,2026-07-23 00:00:00,1089.54,1072.52,1115.0,1060.0,27254102.0,29558226000.0,2.456,11.72,,1.1048
300308,2026-07-24 00:00:00,1050.53,1046.51,1082.54,1039.01,21687683.0,22937320000.0,1.954,-26.01,,-2.4251
300316,2026-07-10 00:00:00,49.88,47.28,51.1,47.02,29715028.0,1457817700.0,2.413,-2.6,,-5.2125
300316,2026-07-13 00:00:00,46.88,42.94,47.0,42.71,28393706.0,1263517200.0,2.306,-4.34,,-9.1794
300316,2026-07-14 00:00:00,43.08,42.87,43.6,40.8,23933664.0,1014315050.0,1.943,-0.07,,-0.163
300316,2026-07-15 00:00:00,43.22,40.7,43.4,40.0,20972222.0,870133020.0,1.703,-2.17,,-5.0618
300316,2026-07-16 00:00:00,40.1,38.73,40.83,38.37,21108912.0,835244030.0,1.714,-1.97,,-4.8403
300316,2026-07-17 00:00:00,38.72,37.45,38.79,36.06,26914393.0,1012378160.0,2.185,-1.28,,-3.3049
300316,2026-07-20 00:00:00,37.93,36.39,38.51,35.5,28663280.0,1052232300.0,2.327,-1.06,,-2.8304
300316,2026-07-21 00:00:00,36.44,38.51,38.7,35.52,29400207.0,1096113860.0,2.387,2.12,,5.8258
300316,2026-07-22 00:00:00,38.1,39.76,40.38,38.01,30076748.0,1190204080.0,2.442,1.25,,3.2459
300316,2026-07-23 00:00:00,39.89,39.12,39.95,38.55,16234023.0,633313020.0,1.318,-0.64,,-1.6097
300316,2026-07-24 00:00:00,38.67,39.01,39.44,38.44,15463562.0,602837160.0,1.256,-0.11,,-0.2812
300347,2026-07-10 00:00:00,42.8,47.27,48.8,42.3,34072791.0,1574220800.0,6.015,4.47,,10.4439
300347,2026-07-13 00:00:00,47.27,45.91,47.28,45.25,21823100.0,1005460380.0,3.852,-1.36,,-2.8771
300347,2026-07-14 00:00:00,45.91,48.7,48.8,44.39,27542559.0,1296048550.0,4.862,2.79,,6.0771
300347,2026-07-15 00:00:00,47.98,51.9,53.44,47.88,40025747.0,2071763600.0,7.066,3.2,,6.5708
300347,2026-07-16 00:00:00,50.9,53.99,55.53,49.96,37570814.0,1989207300.0,6.632,2.09,,4.027
300347,2026-07-17 00:00:00,52.51,49.02,53.35,47.85,32623436.0,1641086200.0,5.759,-4.97,,-9.2054
300347,2026-07-20 00:00:00,48.36,49.06,51.32,47.95,29181011.0,1451423700.0,5.151,0.04,,0.0816
300347,2026-07-21 00:00:00,48.08,50.18,50.45,46.0,28720107.0,1384134400.0,5.07,1.12,,2.2829
300347,2026-07-22 00:00:00,49.09,49.29,51.41,48.5,20973991.0,1050505710.0,3.703,-0.89,,-1.7736
300347,2026-07-23 00:00:00,48.7,48.27,49.84,47.2,17600203.0,852485450.0,3.107,-1.02,,-2.0694
300347,2026-07-24 00:00:00,48.0,46.95,50.48,46.63,23424372.0,1138771390.0,4.135,-1.32,,-2.7346
300394,2026-07-10 00:00:00,281.0,271.12,291.8,270.91,64623102.0,18290722000.0,5.938,-9.88,,-3.516
300394,2026-07-13 00:00:00,262.0,259.31,277.77,255.59,38688620.0,10253310000.0,3.555,-11.81,,-4.356
300394,2026-07-14 00:00:00,257.3,273.51,276.16,252.0,47796023.0,12760497500.0,4.392,14.2,,5.4761
300394,2026-07-15 00:00:00,275.0,259.4,275.96,258.88,34731205.0,9172900100.0,3.191,-14.11,,-5.1589
300394,2026-07-16 00:00:00,245.52,244.13,257.01,239.88,35278808.0,8752272500.0,3.241,-15.27,,-5.8867
300394,2026-07-17 00:00:00,238.68,211.37,241.0,207.0,54657457.0,11962382300.0,5.022,-32.76,,-13.4191
300394,2026-07-20 00:00:00,225.0,213.54,227.71,200.0,52186527.0,11211419000.0,4.795,2.17,,1.0266
300394,2026-07-21 00:00:00,215.2,231.0,232.1,188.08,64907914.0,13858693000.0,5.964,17.46,,8.1765
300394,2026-07-22 00:00:00,228.0,217.63,233.18,217.2,42035505.0,9507466800.0,3.862,-13.37,,-5.7879
300394,2026-07-23 00:00:00,222.01,212.09,224.0,210.53,28683816.0,6193269200.0,2.635,-5.54,,-2.5456
300394,2026-07-24 00:00:00,209.07,203.41,212.49,203.12,25501446.0,5266409000.0,2.343,-8.68,,-4.0926
300408,2026-07-10 00:00:00,136.11,127.05,144.49,126.17,73435631.0,9970462200.0,3.928,-9.06,,-6.6564
300408,2026-07-13 00:00:00,125.0,111.8,125.95,109.2,100415463.0,11628148300.0,5.37,-15.25,,-12.0031
300408,2026-07-14 00:00:00,111.49,121.88,123.0,110.12,73536378.0,8588619100.0,3.933,10.08,,9.0161
300408,2026-07-15 00:00:00,125.12,114.6,125.67,113.47,52690766.0,6218645000.0,2.818,-7.28,,-5.9731
300408,2026-07-16 00:00:00,110.67,106.86,114.47,105.6,57232787.0,6260944400.0,3.061,-7.74,,-6.7539
300408,2026-07-17 00:00:00,106.61,99.01,107.54,95.4,76777293.0,7699675200.0,4.106,-7.85,,-7.3461
300408,2026-07-20 00:00:00,102.84,91.02,104.0,87.8,84403402.0,7926803200.0,4.514,-7.99,,-8.0699
300408,2026-07-21 00:00:00,95.5,107.54,107.7,86.03,101894785.0,10047200400.0,5.45,16.52,,18.1499
300408,2026-07-22 00:00:00,107.61,102.98,110.88,101.0,87649965.0,9375626600.0,4.688,-4.56,,-4.2403
300408,2026-07-23 00:00:00,107.17,105.55,112.2,104.62,79302838.0,8564259200.0,4.241,2.57,,2.4956
300408,2026-07-24 00:00:00,102.49,100.84,103.6,99.03,52227081.0,5290122100.0,2.793,-4.71,,-4.4623
300413,2026-07-10 00:00:00,14.68,15.35,15.64,14.56,27740194.0,423450470.0,2.715,0.67,,4.564
300413,2026-07-13 00:00:00,15.18,14.73,15.46,14.68,20990661.0,312275220.0,2.055,-0.62,,-4.0391
300413,2026-07-14 00:00:00,14.72,14.58,14.79,14.39,16593990.0,240899740.0,1.624,-0.15,,-1.0183
300413,2026-07-15 00:00:00,14.53,15.1,15.23,14.45,23069471.0,346037350.0,2.258,0.52,,3.5665
300413,2026-07-16 00:00:00,15.08,15.65,15.82,14.91,28217646.0,435889750.0,2.762,0.55,,3.6424
300413,2026-07-17 00:00:00,15.56,15.14,15.83,15.05,28190411.0,433844260.0,2.759,-0.51,,-3.2588
300413,2026-07-20 00:00:00,15.12,15.52,15.52,15.0,24869211.0,378799930.0,2.434,0.38,,2.5099
300413,2026-07-21 00:00:00,15.39,15.52,15.83,15.33,26715530.0,414508950.0,2.615,0.0,,0.0
300413,2026-07-22 00:00:00,15.35,15.43,15.53,15.18,16607959.0,254698470.0,1.626,-0.09,,-0.5799
300413,2026-07-23 00:00:00,15.3,15.22,15.31,14.95,16084736.0,243265890.0,1.574,-0.21,,-1.361
300413,2026-07-24 00:00:00,15.02,14.6,15.12,14.6,14989207.0,222507870.0,1.467,-0.62,,-4.0736
300418,2026-07-10 00:00:00,48.47,49.42,53.53,47.8,162146030.0,8195979400.0,13.796,0.95,,1.96
300418,2026-07-13 00:00:00,49.87,48.2,51.08,47.5,99766650.0,4871998100.0,8.488,-1.22,,-2.4686
300418,2026-07-14 00:00:00,48.66,45.93,49.05,43.23,110767569.0,5036508600.0,9.424,-2.27,,-4.7095
300418,2026-07-15 00:00:00,46.18,46.11,48.48,45.49,91501470.0,4286184700.0,7.785,0.18,,0.3919
300418,2026-07-16 00:00:00,45.5,48.24,49.73,44.8,118508539.0,5678960800.0,10.083,2.13,,4.6194
300418,2026-07-17 00:00:00,47.84,41.99,48.89,41.85,121922218.0,5509440700.0,10.374,-6.25,,-12.9561
300418,2026-07-20 00:00:00,41.99,42.92,43.56,40.83,93604845.0,3949284700.0,7.964,0.93,,2.2148
300418,2026-07-21 00:00:00,42.2,43.48,43.88,39.7,88483072.0,3735246600.0,7.528,0.56,,1.3048
300418,2026-07-22 00:00:00,42.79,41.18,43.78,40.9,80894403.0,3408596400.0,6.883,-2.3,,-5.2898
300418,2026-07-23 00:00:00,40.5,39.32,40.8,38.93,67209191.0,2663957000.0,5.718,-1.86,,-4.5168
300418,2026-07-24 00:00:00,38.15,36.68,38.64,36.68,59837801.0,2248801400.0,5.091,-2.64,,-6.7141
300433,2026-07-10 00:00:00,46.33,43.64,47.12,43.6,147441970.0,6702278400.0,2.967,-2.69,,-5.8062
300433,2026-07-13 00:00:00,42.85,39.53,43.32,39.49,135992830.0,5589100800.0,2.736,-4.11,,-9.418
300433,2026-07-14 00:00:00,39.59,40.32,40.82,38.12,110972000.0,4391561000.0,2.233,0.79,,1.9985
300433,2026-07-15 00:00:00,40.38,38.81,40.7,38.72,74233945.0,2943738300.0,1.494,-1.51,,-3.745
300433,2026-07-16 00:00:00,39.0,38.3,40.92,37.72,111331681.0,4376001800.0,2.24,-0.51,,-1.3141
300433,2026-07-17 00:00:00,38.2,34.24,38.39,33.83,149372540.0,5310461400.0,3.006,-4.06,,-10.6005
300433,2026-07-20 00:00:00,35.94,34.22,36.43,32.92,132430930.0,4602488100.0,2.665,-0.02,,-0.0584
300433,2026-07-21 00:00:00,34.8,38.29,38.35,31.77,175466230.0,6171898600.0,3.531,4.07,,11.8936
300433,2026-07-22 00:00:00,37.8,36.8,39.0,36.46,122116082.0,4617765300.0,2.457,-1.49,,-3.8914
300433,2026-07-23 00:00:00,37.27,36.58,38.48,36.03,89570031.0,3307050000.0,1.802,-0.22,,-0.5978
300433,2026-07-24 00:00:00,36.34,37.32,39.0,35.9,140194350.0,5304079100.0,2.821,0.74,,2.023
300442,2026-07-10 00:00:00,80.0,82.25,86.31,79.5,55082928.0,4597054200.0,3.367,2.25,,2.8125
300442,2026-07-13 00:00:00,81.51,77.5,84.06,77.18,39547735.0,3164576000.0,2.417,-4.75,,-5.7751
300442,2026-07-14 00:00:00,77.11,71.6,77.5,68.7,53749642.0,3831123800.0,3.285,-5.9,,-7.6129
300442,2026-07-15 00:00:00,71.71,70.06,72.64,69.72,27910054.0,1976834300.0,1.706,-1.54,,-2.1508
300442,2026-07-16 00:00:00,68.77,69.08,71.55,68.07,24993930.0,1745292500.0,1.528,-0.98,,-1.3988
300442,2026-07-17 00:00:00,68.56,64.36,68.8,63.16,35816601.0,2358627300.0,2.189,-4.72,,-6.8327
300442,2026-07-20 00:00:00,68.8,66.6,70.62,64.46,42255479.0,2852830200.0,2.583,2.24,,3.4804
300442,2026-07-21 00:00:00,66.6,68.71,68.73,61.64,46289590.0,3059142600.0,2.829,2.11,,3.1682
300442,2026-07-22 00:00:00,68.0,68.58,71.36,67.38,45498092.0,3172383300.0,2.781,-0.13,,-0.1892
300442,2026-07-23 00:00:00,68.0,67.77,70.03,67.32,27633624.0,1892758700.0,1.689,-0.81,,-1.1811
300442,2026-07-24 00:00:00,65.92,64.8,66.83,64.8,21761107.0,1428553700.0,1.33,-2.97,,-4.3825
300476,2026-07-10 00:00:00,297.17,272.0,305.45,271.72,49283048.0,14287382000.0,5.696,-25.17,,-8.4699
300476,2026-07-13 00:00:00,270.09,273.01,281.8,268.0,35568340.0,9760929500.0,4.111,1.01,,0.3713
300476,2026-07-14 00:00:00,276.29,290.28,294.99,271.89,41272445.0,11712337000.0,4.77,17.27,,6.3258
300476,2026-07-15 00:00:00,291.0,276.77,292.83,276.0,29465043.0,8345580800.0,3.406,-13.51,,-4.6541
300476,2026-07-16 00:00:00,270.57,270.93,280.23,261.97,24587301.0,6691392200.0,2.842,-5.84,,-2.1101
300476,2026-07-17 00:00:00,266.55,241.5,268.1,236.96,44527140.0,11153492200.0,5.147,-29.43,,-10.8626
300476,2026-07-20 00:00:00,246.7,224.11,248.36,213.3,46072608.0,10498952500.0,5.325,-17.39,,-7.2008
300476,2026-07-21 00:00:00,229.0,240.27,241.73,206.0,46296919.0,10530993100.0,5.351,16.16,,7.2107
300476,2026-07-22 00:00:00,245.11,240.4,255.99,239.0,40723903.0,10097854000.0,4.707,0.13,,0.0541
300476,2026-07-23 00:00:00,247.0,238.93,249.8,236.99,26911800.0,6544988400.0,3.111,-1.47,,-0.6115
300476,2026-07-24 00:00:00,233.45,230.01,239.0,230.0,21230436.0,4963822900.0,2.454,-8.92,,-3.7333
300498,2026-07-10 00:00:00,13.18,13.34,13.48,12.87,62699911.0,831320980.0,1.055,0.16,,1.214
300498,2026-07-13 00:00:00,13.2,13.5,13.54,13.16,67566150.0,904869850.0,1.136,0.16,,1.1994
300498,2026-07-14 00:00:00,13.4,13.35,13.46,13.2,49634095.0,661061160.0,0.835,-0.15,,-1.1111
300498,2026-07-15 00:00:00,13.24,13.63,13.78,13.21,57981868.0,788968960.0,0.975,0.28,,2.0974
300498,2026-07-16 00:00:00,13.68,14.22,14.35,13.64,108111187.0,1530972100.0,1.818,0.59,,4.3287
300498,2026-07-17 00:00:00,14.15,14.05,14.37,13.94,67402094.0,951129760.0,1.134,-0.17,,-1.1955
300498,2026-07-20 00:00:00,13.96,14.51,14.65,13.58,96449605.0,1371495100.0,1.622,0.46,,3.274
300498,2026-07-21 00:00:00,14.35,14.0,14.72,14.0,86690405.0,1238075010.0,1.458,-0.51,,-3.5148
300498,2026-07-22 00:00:00,13.95,14.12,14.17,13.81,48780828.0,682299520.0,0.82,0.12,,0.8571
300498,2026-07-23 00:00:00,13.94,14.03,14.09,13.78,36955143.0,515212980.0,0.622,-0.09,,-0.6374
300498,2026-07-24 00:00:00,14.0,13.73,14.14,13.71,32997870.0,457189280.0,0.555,-0.3,,-2.1383
300502,2026-07-10 00:00:00,564.0,523.05,570.98,520.58,51067761.0,28030566000.0,4.072,-40.95,,-7.2606
300502,2026-07-13 00:00:00,518.0,512.5,541.74,502.88,41130487.0,21387138000.0,3.279,-10.55,,-2.017
300502,2026-07-14 00:00:00,525.0,568.82,568.82,515.55,64903856.0,35430386000.0,5.175,56.32,,10.9893
300502,2026-07-15 00:00:00,565.0,556.0,579.42,551.0,44338495.0,24951903000.0,3.535,-12.82,,-2.2538
300502,2026-07-16 00:00:00,530.0,542.6,558.0,526.21,40875345.0,22051854000.0,3.259,-13.4,,-2.4101
300502,2026-07-17 00:00:00,518.0,482.88,520.9,452.96,76002466.0,37485567000.0,6.06,-59.72,,-11.0063
300502,2026-07-20 00:00:00,512.0,510.0,523.96,481.5,68169192.0,34530785000.0,5.435,27.12,,5.6163
300502,2026-07-21 00:00:00,519.0,551.77,554.4,490.99,75706326.0,39883138000.0,6.036,41.77,,8.1902
300502,2026-07-22 00:00:00,540.0,508.8,551.6,506.16,62675398.0,33234306000.0,4.997,-42.97,,-7.7877
300502,2026-07-23 00:00:00,517.72,497.3,523.83,493.36,44270088.0,22429223000.0,3.53,-11.5,,-2.2602
300502,2026-07-24 00:00:00,481.94,476.02,495.65,476.0,33697379.0,16318974000.0,2.687,-21.28,,-4.2791
300628,2026-07-10 00:00:00,34.15,34.43,35.44,34.06,10600853.0,369461630.0,1.46,0.28,,0.8199
300628,2026-07-13 00:00:00,34.47,33.64,34.83,33.34,8875008.0,301229550.0,1.223,-0.79,,-2.2945
300628,2026-07-14 00:00:00,33.4,33.87,33.96,33.0,8008845.0,267643250.0,1.103,0.23,,0.6837
300628,2026-07-15 00:00:00,36.48,37.49,38.1,35.53,25507030.0,945380730.0,3.514,3.62,,10.6879
300628,2026-07-16 00:00:00,36.6,36.8,37.23,35.63,15146646.0,555104040.0,2.087,-0.69,,-1.8405
300628,2026-07-17 00:00:00,36.65,36.71,38.16,36.56,19784474.0,738785410.0,2.726,-0.09,,-0.2446
300628,2026-07-20 00:00:00,36.77,38.04,38.16,36.08,20198740.0,752420370.0,2.783,1.33,,3.623
300628,2026-07-21 00:00:00,37.88,37.75,38.3,36.92,18665640.0,701440070.0,2.572,-0.29,,-0.7624
300628,2026-07-22 00:00:00,37.49,38.45,38.58,36.3,19871136.0,748978390.0,2.738,0.7,,1.8543
300628,2026-07-23 00:00:00,38.0,37.31,38.3,36.9,14001072.0,521790720.0,1.929,-1.14,,-2.9649
300628,2026-07-24 00:00:00,37.0,36.42,37.49,36.13,12113335.0,444724550.0,1.669,-0.89,,-2.3854
300661,2026-07-10 00:00:00,133.0,124.25,136.3,124.0,17974190.0,2340571500.0,2.989,-8.75,,-6.5789
300661,2026-07-13 00:00:00,122.79,116.26,123.97,114.4,21374240.0,2546501900.0,3.555,-7.99,,-6.4306
300661,2026-07-14 00:00:00,117.2,117.31,119.91,112.76,15404964.0,1802174900.0,2.562,1.05,,0.9031
300661,2026-07-15 00:00:00,118.0,112.73,119.98,111.68,11839586.0,1359241200.0,1.969,-4.58,,-3.9042
300661,2026-07-16 00:00:00,111.22,107.32,113.5,105.49,17870055.0,1951112300.0,2.972,-5.41,,-4.7991
300661,2026-07-17 00:00:00,107.32,101.0,107.85,98.83,20294831.0,2097637300.0,3.375,-6.32,,-5.8889
300661,2026-07-20 00:00:00,102.97,98.01,105.12,95.1,18523111.0,1860374300.0,3.081,-2.99,,-2.9604
300661,2026-07-21 00:00:00,99.31,110.05,110.79,95.01,26496591.0,2772813900.0,4.407,12.04,,12.2845
300661,2026-07-22 00:00:00,109.86,106.11,112.5,105.41,16142289.0,1758969500.0,2.683,-3.94,,-3.5802
300661,2026-07-23 00:00:00,106.11,103.86,108.47,102.0,13028044.0,1360033200.0,2.165,-2.25,,-2.1204
300661,2026-07-24 00:00:00,101.4,100.41,103.65,98.96,11172912.0,1129488240.0,1.857,-3.45,,-3.3218
300750,2026-07-10 00:00:00,375.0,348.76,375.2,346.16,55601355.0,19867665000.0,1.305,-26.24,,-6.9973
300750,2026-07-13 00:00:00,349.0,359.06,362.0,348.0,46290681.0,16540015000.0,1.087,10.3,,2.9533
300750,2026-07-14 00:00:00,352.6,364.01,364.63,352.49,43631637.0,15701876000.0,1.024,4.95,,1.3786
300750,2026-07-15 00:00:00,368.01,373.0,379.99,363.08,35849258.0,13440215000.0,0.842,8.99,,2.4697
300750,2026-07-16 00:00:00,369.48,366.2,375.02,364.5,25186882.0,9290699900.0,0.591,-6.8,,-1.8231
300750,2026-07-17 00:00:00,372.3,360.0,375.24,360.0,51245336.0,18846715000.0,1.203,-6.2,,-1.6931
300750,2026-07-20 00:00:00,354.0,376.43,377.6,353.8,44790768.0,16632779000.0,1.051,16.43,,4.5639
300750,2026-07-21 00:00:00,372.67,382.2,391.0,372.5,44036045.0,16935107000.0,1.034,5.77,,1.5328
300750,2026-07-22 00:00:00,382.85,372.26,385.0,369.87,31193761.0,11690411400.0,0.732,-9.94,,-2.6007
300750,2026-07-23 00:00:00,373.0,385.99,386.0,366.01,35940928.0,13610469000.0,0.844,13.73,,3.6883
300750,2026-07-24 00:00:00,383.18,383.01,390.86,382.65,25454224.0,9822804000.0,0.598,-2.98,,-0.772
300759,2026-07-10 00:00:00,30.63,33.94,34.9,30.09,102202462.0,3394611000.0,7.197,3.31,,10.8064
300759,2026-07-13 00:00:00,34.15,34.08,34.64,33.54,81178385.0,2762638500.0,5.717,0.14,,0.4125
300759,2026-07-14 00:00:00,33.63,36.93,37.2,32.15,125951992.0,4403128100.0,8.87,2.85,,8.3627
300759,2026-07-15 00:00:00,37.59,40.3,42.0,36.94,161863920.0,6420926400.0,11.399,3.37,,9.1254
300759,2026-07-16 00:00:00,38.29,38.6,41.7,38.01,136016710.0,5341474600.0,9.578,-1.7,,-4.2184
300759,2026-07-17 00:00:00,38.48,35.48,38.49,35.47,136362740.0,4952781400.0,9.603,-3.12,,-8.0829
300759,2026-07-20 00:00:00,34.98,37.28,38.1,34.5,120805725.0,4442978400.0,8.507,1.8,,5.0733
300759,2026-07-21 00:00:00,36.56,39.36,39.45,36.44,104760635.0,3979824300.0,7.377,2.08,,5.5794
300759,2026-07-22 00:00:00,38.4,39.76,41.04,37.65,113613089.0,4530608800.0,8.001,0.4,,1.0163
300759,2026-07-23 00:00:00,39.27,39.0,40.05,38.07,82524164.0,3213079800.0,5.811,-0.76,,-1.9115
300759,2026-07-24 00:00:00,38.65,38.53,40.28,38.18,76580654.0,2988819100.0,5.393,-0.47,,-1.2051
300760,2026-07-10 00:00:00,139.29,141.57,143.5,137.23,11217021.0,1581801400.0,0.926,2.28,,1.6369
300760,2026-07-13 00:00:00,140.1,139.68,140.97,138.42,8995547.0,1254362910.0,0.743,-1.89,,-1.335
300760,2026-07-14 00:00:00,140.61,139.96,141.66,138.55,8675055.0,1213361880.0,0.716,0.28,,0.2005
300760,2026-07-15 00:00:00,139.0,146.0,147.56,138.15,19080964.0,2767272500.0,1.575,6.04,,4.3155
300760,2026-07-16 00:00:00,145.8,150.31,151.88,145.03,21209940.0,3162466700.0,1.751,4.31,,2.9521
300760,2026-07-17 00:00:00,150.31,149.43,152.93,147.55,15847284.0,2367383200.0,1.308,-0.88,,-0.5855
300760,2026-07-20 00:00:00,147.61,154.5,155.0,146.76,16406419.0,2484639300.0,1.354,5.07,,3.3929
300760,2026-07-21 00:00:00,152.81,152.25,156.0,150.26,16615037.0,2540172900.0,1.372,-2.25,,-1.4563
300760,2026-07-22 00:00:00,151.0,152.27,153.39,149.87,10633566.0,1611500700.0,0.878,0.02,,0.0131
300760,2026-07-23 00:00:00,150.5,150.8,151.5,149.01,7833006.0,1177755050.0,0.647,-1.47,,-0.9654
300760,2026-07-24 00:00:00,150.03,146.38,151.96,146.38,8963720.0,1326910840.0,0.74,-4.42,,-2.931
300782,2026-07-10 00:00:00,92.49,94.69,99.88,91.8,28902079.0,2789560500.0,6.448,2.2,,2.3786
300782,2026-07-13 00:00:00,93.5,87.95,95.55,87.5,18528728.0,1683886400.0,4.134,-6.74,,-7.118
300782,2026-07-14 00:00:00,88.54,86.71,88.88,83.07,17494061.0,1504479400.0,3.903,-1.24,,-1.4099
300782,2026-07-15 00:00:00,91.5,86.4,95.79,85.95,21628218.0,1945209300.0,4.825,-0.31,,-0.3575
300782,2026-07-16 00:00:00,85.0,83.25,89.04,82.67,17324884.0,1477071200.0,3.865,-3.15,,-3.6458
300782,2026-07-17 00:00:00,82.9,77.12,83.35,75.2,21877592.0,1721924900.0,4.881,-6.13,,-7.3634
300782,2026-07-20 00:00:00,78.45,72.21,78.69,70.01,22159680.0,1631040500.0,4.944,-4.91,,-6.3667
300782,2026-07-21 00:00:00,73.5,75.74,75.93,67.32,23752602.0,1718120200.0,5.299,3.53,,4.8885
300782,2026-07-22 00:00:00,74.0,74.07,77.16,73.52,17520420.0,1315994400.0,3.909,-1.67,,-2.2049
300782,2026-07-23 00:00:00,75.0,72.83,75.76,72.22,12115500.0,893246940.0,2.703,-1.24,,-1.6741
300782,2026-07-24 00:00:00,71.85,71.0,73.63,71.0,10164551.0,734157480.0,2.268,-1.83,,-2.5127
300803,2026-07-10 00:00:00,83.0,81.31,84.19,81.27,18551791.0,1530115200.0,3.065,-1.69,,-2.0361
300803,2026-07-13 00:00:00,80.87,78.3,81.17,78.25,17049260.0,1351226200.0,2.817,-3.01,,-3.7019
300803,2026-07-14 00:00:00,78.3,79.1,79.55,75.7,16870898.0,1307894590.0,2.787,0.8,,1.0217
300803,2026-07-15 00:00:00,78.16,80.78,82.88,78.07,21724859.0,1747228300.0,3.589,1.68,,2.1239
300803,2026-07-16 00:00:00,79.4,79.51,81.0,78.28,15155114.0,1202280860.0,2.504,-1.27,,-1.5722
300803,2026-07-17 00:00:00,80.07,79.98,83.0,79.61,28355687.0,2308028900.0,4.684,0.47,,0.5911
300803,2026-07-20 00:00:00,80.0,82.97,84.02,79.99,24198968.0,1993512700.0,3.998,2.99,,3.7384
300803,2026-07-21 00:00:00,83.54,84.0,84.93,80.51,27544383.0,2286406900.0,4.55,1.03,,1.2414
300803,2026-07-22 00:00:00,83.0,81.06,83.0,81.0,18613000.0,1522338900.0,3.075,-2.94,,-3.5
300803,2026-07-23 00:00:00,80.6,80.88,82.31,79.45,13715833.0,1110055830.0,2.266,-0.18,,-0.2221
300803,2026-07-24 00:00:00,80.0,73.96,80.0,73.96,21861152.0,1681124600.0,3.611,-6.92,,-8.5559
300832,2026-07-10 00:00:00,41.73,43.58,43.92,40.59,8999351.0,383981130.0,1.317,1.85,,4.4333
300832,2026-07-13 00:00:00,43.18,44.22,44.31,42.66,8279474.0,361472940.0,1.212,0.64,,1.4686
300832,2026-07-14 00:00:00,44.22,43.55,44.5,43.2,8652790.0,378661540.0,1.267,-0.67,,-1.5152
300832,2026-07-15 00:00:00,43.55,43.93,44.5,42.69,6334000.0,278710190.0,0.927,0.38,,0.8726
300832,2026-07-16 00:00:00,43.5,45.0,45.52,43.4,7759239.0,346081200.0,1.136,1.07,,2.4357
300832,2026-07-17 00:00:00,45.06,45.16,46.26,44.51,8773544.0,396412310.0,1.284,0.16,,0.3556
300832,2026-07-20 00:00:00,45.25,46.71,46.9,44.69,10591040.0,486745120.0,1.55,1.55,,3.4322
300832,2026-07-21 00:00:00,46.44,45.89,48.12,45.54,9807131.0,455803780.0,1.436,-0.82,,-1.7555
300832,2026-07-22 00:00:00,45.8,48.43,49.6,45.22,14534037.0,699971860.0,2.128,2.54,,5.535
300832,2026-07-23 00:00:00,47.83,47.66,48.92,47.4,6608898.0,316352220.0,0.968,-0.77,,-1.5899
300832,2026-07-24 00:00:00,47.68,48.32,48.6,47.01,6670475.0,319224300.0,0.977,0.66,,1.3848
300866,2026-07-10 00:00:00,107.8,105.92,109.58,105.78,3843138.0,412852190.0,1.25,-1.88,,-1.744
300866,2026-07-13 00:00:00,105.0,107.75,108.63,104.0,4692228.0,501838980.0,1.526,1.83,,1.7277
300866,2026-07-14 00:00:00,107.71,111.32,114.36,107.0,5403128.0,601709640.0,1.757,3.57,,3.3132
300866,2026-07-15 00:00:00,109.18,110.77,111.57,105.0,4464780.0,484444470.0,1.452,-0.55,,-0.4941
300866,2026-07-16 00:00:00,109.11,113.8,115.5,108.18,5474203.0,620462760.0,1.78,3.03,,2.7354
300866,2026-07-17 00:00:00,112.67,110.6,114.86,110.0,4610229.0,516661470.0,1.499,-3.2,,-2.812
300866,2026-07-20 00:00:00,110.1,117.97,120.61,110.01,7523785.0,878292480.0,2.446,7.37,,6.6637
300866,2026-07-21 00:00:00,119.38,122.09,124.96,118.0,6783994.0,822566280.0,2.206,4.12,,3.4924
300866,2026-07-22 00:00:00,118.89,116.67,119.64,112.1,4896175.0,567752220.0,1.592,-5.42,,-4.4393
300866,2026-07-23 00:00:00,116.16,117.0,118.68,114.32,2775769.0,325539540.0,0.902,0.33,,0.2828
300866,2026-07-24 00:00:00,116.44,114.26,120.28,114.0,3433730.0,400906760.0,1.116,-2.74,,-2.3419
300896,2026-07-10 00:00:00,85.97,89.45,91.32,84.45,5015066.0,445355500.0,2.453,3.48,,4.0479
300896,2026-07-13 00:00:00,89.0,86.91,90.3,86.28,3300743.0,288007710.0,1.614,-2.54,,-2.8396
300896,2026-07-14 00:00:00,86.9,86.46,87.56,85.66,2965748.0,256347050.0,1.451,-0.45,,-0.5178
300896,2026-07-15 00:00:00,85.82,94.34,95.47,85.24,9145665.0,844976900.0,4.473,7.88,,9.114
300896,2026-07-16 00:00:00,95.0,97.54,99.0,93.3,10410943.0,1001081670.0,5.092,3.2,,3.392
300896,2026-07-17 00:00:00,96.57,100.55,100.95,94.5,10310482.0,1006010780.0,5.043,3.01,,3.0859
300896,2026-07-20 00:00:00,99.1,102.23,102.7,96.12,9286447.0,916136220.0,4.542,1.68,,1.6708
300896,2026-07-21 00:00:00,100.0,100.09,104.51,97.29,10318880.0,1044529300.0,5.047,-2.14,,-2.0933
300896,2026-07-22 00:00:00,99.68,108.8,109.44,98.0,12372269.0,1299981010.0,6.051,8.71,,8.7022
300896,2026-07-23 00:00:00,106.51,105.03,107.0,103.86,8291301.0,872448240.0,4.055,-3.77,,-3.4651
300896,2026-07-24 00:00:00,102.93,98.6,103.53,98.52,7534700.0,759776620.0,3.685,-6.43,,-6.1221
300979,2026-07-10 00:00:00,30.2,30.1,30.42,29.54,2754600.0,82853968.0,0.236,-0.1,,-0.3311
300979,2026-07-13 00:00:00,30.03,30.27,30.65,29.94,2009386.0,60825853.0,0.172,0.17,,0.5648
300979,2026-07-14 00:00:00,30.27,30.38,30.68,30.0,1690900.0,51314977.0,0.145,0.11,,0.3634
300979,2026-07-15 00:00:00,30.5,31.45,31.77,30.2,2804228.0,87606275.0,0.24,1.07,,3.5221
300979,2026-07-16 00:00:00,31.25,32.37,32.61,31.22,3635547.0,116530400.0,0.312,0.92,,2.9253
300979,2026-07-17 00:00:00,32.45,32.5,32.98,32.09,3422916.0,111299010.0,0.293,0.13,,0.4016
300979,2026-07-20 00:00:00,32.3,34.38,34.48,32.22,7769679.0,261965510.0,0.666,1.88,,5.7846
300979,2026-07-21 00:00:00,34.07,33.4,34.79,33.17,5043464.0,170626950.0,0.432,-0.98,,-2.8505
300979,2026-07-22 00:00:00,33.15,33.06,33.25,32.38,4381459.0,143849720.0,0.375,-0.34,,-1.018
300979,2026-07-23 00:00:00,32.76,33.16,33.45,32.5,2870170.0,94841591.0,0.246,0.1,,0.3025
300979,2026-07-24 00:00:00,33.0,32.83,34.4,32.83,2454797.0,82002047.0,0.21,-0.33,,-0.9952
300999,2026-07-10 00:00:00,24.15,24.41,24.7,23.77,10858243.0,264925690.0,2.001,0.26,,1.0766
300999,2026-07-13 00:00:00,24.25,24.37,24.57,24.1,9633002.0,234578200.0,1.775,-0.04,,-0.1639
300999,2026-07-14 00:00:00,24.26,24.7,24.77,24.23,10800283.0,265706670.0,1.99,0.33,,1.3541
300999,2026-07-15 00:00:00,24.5,25.29,25.43,24.42,12590996.0,316771060.0,2.32,0.59,,2.3887
300999,2026-07-16 00:00:00,25.26,25.52,25.69,25.15,12855146.0,327033240.0,2.369,0.23,,0.9095
300999,2026-07-17 00:00:00,25.5,25.2,25.88,25.05,12303346.0,312582770.0,2.267,-0.32,,-1.2539
300999,2026-07-20 00:00:00,25.28,26.13,26.25,25.2,17680271.0,456916090.0,3.258,0.93,,3.6905
300999,2026-07-21 00:00:00,25.94,25.8,26.63,25.77,18736606.0,490413050.0,3.453,-0.33,,-1.2629
300999,2026-07-22 00:00:00,25.78,26.16,26.26,25.47,12834096.0,333202370.0,2.365,0.36,,1.3953
300999,2026-07-23 00:00:00,26.15,26.07,26.26,25.84,7932001.0,206741240.0,1.462,-0.09,,-0.344
300999,2026-07-24 00:00:00,26.01,25.61,26.2,25.61,7676926.0,198234520.0,1.415,-0.46,,-1.7645
301236,2026-07-10 00:00:00,40.02,41.83,43.88,39.88,53512877.0,2260741500.0,6.811,1.81,,4.5227
301236,2026-07-13 00:00:00,41.21,41.17,43.27,40.97,37946968.0,1592247000.0,4.83,-0.66,,-1.5778
301236,2026-07-14 00:00:00,41.3,39.51,42.17,38.13,34022634.0,1344356500.0,4.33,-1.66,,-4.0321
301236,2026-07-15 00:00:00,39.47,39.92,40.8,38.26,27957662.0,1102040010.0,3.558,0.41,,1.0377
301236,2026-07-16 00:00:00,39.56,40.57,41.65,39.34,34997316.0,1422362400.0,4.454,0.65,,1.6283
301236,2026-07-17 00:00:00,40.28,37.42,40.69,37.15,36107578.0,1396042600.0,4.596,-3.15,,-7.7644
301236,2026-07-20 00:00:00,38.02,38.32,38.34,36.36,28066592.0,1050941590.0,3.572,0.9,,2.4051
301236,2026-07-21 00:00:00,38.0,38.48,39.54,36.8,32829121.0,1251814320.0,4.178,0.16,,0.4175
301236,2026-07-22 00:00:00,39.0,39.24,40.66,37.9,38453950.0,1514497200.0,4.894,0.76,,1.9751
301236,2026-07-23 00:00:00,38.83,37.65,39.09,37.5,28301699.0,1074436420.0,3.602,-1.59,,-4.052
301236,2026-07-24 00:00:00,37.2,35.0,37.28,34.88,30344730.0,1088892600.0,3.862,-2.65,,-7.0385
301269,2026-07-10 00:00:00,122.56,112.4,124.06,112.4,28360622.0,3370297600.0,5.2,-10.16,,-8.2898
301269,2026-07-13 00:00:00,111.18,119.83,127.96,110.73,28619954.0,3413241900.0,5.247,7.43,,6.6103
301269,2026-07-14 00:00:00,119.0,116.79,121.9,113.0,20103843.0,2363041100.0,3.686,-3.04,,-2.5369
301269,2026-07-15 00:00:00,116.0,110.13,116.66,107.98,16259026.0,1805841900.0,2.981,-6.66,,-5.7025
301269,2026-07-16 00:00:00,106.04,106.21,112.63,104.95,13540742.0,1470692300.0,2.483,-3.92,,-3.5594
301269,2026-07-17 00:00:00,106.29,97.5,108.5,97.0,15446581.0,1591732600.0,2.832,-8.71,,-8.2007
301269,2026-07-20 00:00:00,100.0,93.72,100.79,90.97,15443205.0,1477376700.0,2.831,-3.78,,-3.8769
301269,2026-07-21 00:00:00,95.13,99.89,100.7,93.61,13916428.0,1354076400.0,2.551,6.17,,6.5834
301269,2026-07-22 00:00:00,98.6,98.13,101.98,97.65,11039323.0,1096792570.0,2.024,-1.76,,-1.7619
301269,2026-07-23 00:00:00,97.8,93.06,98.6,92.78,10925368.0,1035677610.0,2.003,-5.07,,-5.1666
301269,2026-07-24 00:00:00,91.23,91.45,94.33,90.99,6563442.0,608100180.0,1.203,-1.61,,-1.7301
302132,2026-07-10 00:00:00,55.25,57.1,58.5,54.85,11252361.0,642376100.0,1.92,1.85,,3.3484
302132,2026-07-13 00:00:00,56.4,54.16,56.44,54.06,8426837.0,461141790.0,1.438,-2.94,,-5.1489
302132,2026-07-14 00:00:00,54.15,52.52,54.28,51.76,7420223.0,391358200.0,1.266,-1.64,,-3.0281
302132,2026-07-15 00:00:00,52.44,53.23,53.93,52.08,5444526.0,289615010.0,0.929,0.71,,1.3519
302132,2026-07-16 00:00:00,52.95,53.37,55.2,52.8,6672554.0,361650250.0,1.139,0.14,,0.263
302132,2026-07-17 00:00:00,53.67,52.91,54.77,52.71,7132408.0,383389150.0,1.217,-0.46,,-0.8619
302132,2026-07-20 00:00:00,52.93,55.23,55.25,52.93,10649261.0,579833600.0,1.817,2.32,,4.3848
302132,2026-07-21 00:00:00,54.87,55.1,55.76,54.5,8578320.0,472506590.0,1.464,-0.13,,-0.2354
302132,2026-07-22 00:00:00,54.9,56.34,56.76,54.28,8999637.0,502474140.0,1.536,1.24,,2.2505
302132,2026-07-23 00:00:00,56.0,57.69,58.19,55.74,8608342.0,491825830.0,1.469,1.35,,2.3962
302132,2026-07-24 00:00:00,57.8,55.69,59.6,55.68,11402028.0,658600910.0,1.946,-2.0,,-3.4668
600000,2026-07-10 00:00:00,8.56,8.64,8.69,8.5,76502191.0,691188280.0,0.23,0.08,,0.9346
600000,2026-07-13 00:00:00,8.62,8.77,8.79,8.59,75761962.0,693325380.0,0.228,0.13,,1.5046
600000,2026-07-14 00:00:00,8.78,8.74,8.79,8.65,81396248.0,743787540.0,0.244,-0.03,,-0.3421
600000,2026-07-15 00:00:00,8.66,8.89,8.9,8.64,104758150.0,966740070.0,0.315,0.15,,1.7162
600000,2026-07-16 00:00:00,8.92,8.85,8.94,8.8,75582633.0,670458650.0,0.227,-0.04,,-0.4499
600000,2026-07-17 00:00:00,8.85,8.87,8.97,8.82,79624033.0,707799250.0,0.239,0.02,,0.226
600000,2026-07-20 00:00:00,8.85,9.14,9.17,8.8,114192779.0,1032557050.0,0.343,0.27,,3.044
600000,2026-07-21 00:00:00,9.12,8.95,9.22,8.9,109608680.0,990231570.0,0.329,-0.19,,-2.0788
600000,2026-07-22 00:00:00,8.93,9.01,9.01,8.78,79311118.0,705276460.0,0.238,0.06,,0.6704
600000,2026-07-23 00:00:00,8.92,9.05,9.06,8.91,50118945.0,451566860.0,0.151,0.04,,0.444
600000,2026-07-24 00:00:00,9.08,9.04,9.12,9.02,50675120.0,459278080.0,0.152,-0.01,,-0.1105
600009,2026-07-10 00:00:00,22.54,22.84,23.02,22.19,14161623.0,321995500.0,0.692,0.3,,1.331
600009,2026-07-13 00:00:00,22.73,22.62,22.83,22.53,8895012.0,201207030.0,0.435,-0.22,,-0.9632
600009,2026-07-14 00:00:00,22.58,22.76,22.76,22.44,8571401.0,193549510.0,0.419,0.14,,0.6189
600009,2026-07-15 00:00:00,22.69,23.44,23.51,22.53,18800298.0,437203690.0,0.919,0.68,,2.9877
600009,2026-07-16 00:00:00,23.41,23.78,24.0,23.26,17839604.0,421612660.0,0.872,0.34,,1.4505
600009,2026-07-17 00:00:00,23.74,23.59,24.11,23.47,16247979.0,385873530.0,0.794,-0.19,,-0.799
600009,2026-07-20 00:00:00,23.56,23.94,24.02,23.46,14732262.0,350136860.0,0.72,0.35,,1.4837
600009,2026-07-21 00:00:00,23.96,23.62,24.55,23.6,24440971.0,587655860.0,1.194,-0.32,,-1.3367
600009,2026-07-22 00:00:00,23.52,24.28,24.3,23.4,20841298.0,499245350.0,1.019,0.66,,2.7942
600009,2026-07-23 00:00:00,24.2,24.2,24.39,23.97,10443272.0,252459870.0,0.51,-0.08,,-0.3295
600009,2026-07-24 00:00:00,24.08,23.7,24.2,23.7,8248843.0,197162210.0,0.403,-0.5,,-2.0661
600010,2026-07-10 00:00:00,2.08,2.17,2.19,2.05,709710150.0,1518520700.0,2.266,0.09,,4.3269
600010,2026-07-13 00:00:00,2.16,2.07,2.16,2.06,529191880.0,1107671410.0,1.69,-0.1,,-4.6083
600010,2026-07-14 00:00:00,2.15,2.22,2.23,2.1,814130150.0,1760611800.0,2.6,0.15,,7.2464
600010,2026-07-15 00:00:00,2.2,2.2,2.26,2.19,513845910.0,1141821800.0,1.641,-0.02,,-0.9009
600010,2026-07-16 00:00:00,2.18,2.16,2.19,2.13,502974220.0,1087164040.0,1.606,-0.04,,-1.8182
600010,2026-07-17 00:00:00,2.14,2.12,2.16,2.11,407963150.0,870981950.0,1.303,-0.04,,-1.8519
600010,2026-07-20 00:00:00,2.14,2.14,2.16,2.12,375160090.0,803192260.0,1.198,0.02,,0.9434
600010,2026-07-21 00:00:00,2.14,2.17,2.18,2.14,444238910.0,957731950.0,1.419,0.03,,1.4019
600010,2026-07-22 00:00:00,2.16,2.16,2.19,2.15,295096640.0,639013220.0,0.942,-0.01,,-0.4608
600010,2026-07-23 00:00:00,2.16,2.22,2.24,2.15,501837080.0,1106396560.0,1.602,0.06,,2.7778
600010,2026-07-24 00:00:00,2.2,2.16,2.21,2.16,356237310.0,776618380.0,1.138,-0.06,,-2.7027
600011,2026-07-10 00:00:00,6.7,6.84,6.92,6.62,137354090.0,935617330.0,1.249,0.14,,2.0896
600011,2026-07-13 00:00:00,6.82,6.76,6.84,6.72,89518086.0,606138410.0,0.814,-0.08,,-1.1696
600011,2026-07-14 00:00:00,6.77,6.91,6.92,6.73,98992500.0,676145390.0,0.9,0.15,,2.2189
600011,2026-07-15 00:00:00,6.83,6.9,6.91,6.76,100758946.0,691081090.0,0.916,-0.01,,-0.1447
600011,2026-07-16 00:00:00,6.85,6.75,6.88,6.73,112699986.0,763664250.0,1.025,-0.15,,-2.1739
600011,2026-07-17 00:00:00,6.75,6.92,7.02,6.73,214182860.0,1480604600.0,1.948,0.17,,2.5185
600011,2026-07-20 00:00:00,6.95,7.43,7.44,6.87,302075350.0,2170940000.0,2.747,0.51,,7.3699
600011,2026-07-21 00:00:00,7.39,7.23,7.43,7.11,250880100.0,1812881400.0,2.281,-0.2,,-2.6918
600011,2026-07-22 00:00:00,7.12,7.29,7.37,7.11,182329550.0,1317434820.0,1.658,0.06,,0.8299
600011,2026-07-23 00:00:00,7.22,7.43,7.63,7.16,219736690.0,1618108000.0,1.998,0.14,,1.9204
600011,2026-07-24 00:00:00,7.35,7.09,7.39,7.05,173749550.0,1250088860.0,1.58,-0.34,,-4.576
600015,2026-07-10 00:00:00,6.74,6.78,6.81,6.71,52788626.0,356646190.0,0.343,0.04,,0.5935
600015,2026-07-13 00:00:00,6.76,6.86,6.86,6.74,64267104.0,438831010.0,0.418,0.08,,1.1799
600015,2026-07-14 00:00:00,6.84,6.93,6.94,6.81,76171330.0,523977290.0,0.495,0.07,,1.0204
600015,2026-07-15 00:00:00,6.9,6.98,7.0,6.87,72206582.0,501897180.0,0.469,0.05,,0.7215
600015,2026-07-16 00:00:00,6.98,6.92,7.03,6.9,56304746.0,390889210.0,0.366,-0.06,,-0.8596
600015,2026-07-17 00:00:00,6.9,6.91,7.0,6.87,76126423.0,528289240.0,0.495,-0.01,,-0.1445
600015,2026-07-20 00:00:00,6.9,6.98,7.0,6.88,97941338.0,680925110.0,0.637,0.07,,1.013
600015,2026-07-21 00:00:00,6.97,6.86,7.05,6.84,113199022.0,786189240.0,0.736,-0.12,,-1.7192
600015,2026-07-22 00:00:00,6.86,6.95,6.95,6.78,73176446.0,502754880.0,0.476,0.09,,1.312
600015,2026-07-23 00:00:00,6.92,6.98,7.0,6.91,67763771.0,471731790.0,0.44,0.03,,0.4317
600015,2026-07-24 00:00:00,6.97,7.01,7.07,6.97,82585057.0,580314060.0,0.537,0.03,,0.4298
600016,2026-07-10 00:00:00,3.3,3.34,3.35,3.29,194741640.0,646964260.0,0.549,0.04,,1.2121
600016,2026-07-13 00:00:00,3.33,3.37,3.37,3.32,200946530.0,674666190.0,0.567,0.03,,0.8982
600016,2026-07-14 00:00:00,3.35,3.4,3.41,3.34,238359310.0,805898660.0,0.672,0.03,,0.8902
600016,2026-07-15 00:00:00,3.39,3.47,3.49,3.38,328314360.0,1133067480.0,0.926,0.07,,2.0588
600016,2026-07-16 00:00:00,3.46,3.45,3.5,3.44,265690160.0,921592000.0,0.749,-0.02,,-0.5764
600016,2026-07-17 00:00:00,3.45,3.46,3.49,3.43,332145950.0,1149065940.0,0.937,0.01,,0.2899
600016,2026-07-20 00:00:00,3.45,3.53,3.55,3.44,418392070.0,1471816500.0,1.18,0.07,,2.0231
600016,2026-07-21 00:00:00,3.54,3.5,3.59,3.5,500079030.0,1768932600.0,1.41,-0.03,,-0.8499
600016,2026-07-22 00:00:00,3.5,3.54,3.54,3.45,296248050.0,1038078040.0,0.835,0.04,,1.1429
600016,2026-07-23 00:00:00,3.52,3.53,3.55,3.51,294064590.0,1036492400.0,0.829,-0.01,,-0.2825
600016,2026-07-24 00:00:00,3.52,3.5,3.54,3.5,220792260.0,777273160.0,0.623,-0.03,,-0.8499
600018,2026-07-10 00:00:00,4.9,4.92,4.95,4.86,52182174.0,263637030.0,0.225,0.02,,0.4082
600018,2026-07-13 00:00:00,4.91,4.96,4.98,4.9,65815433.0,335320960.0,0.283,0.04,,0.813
600018,2026-07-14 00:00:00,4.95,5.05,5.06,4.94,106963143.0,551731350.0,0.46,0.09,,1.8145
600018,2026-07-15 00:00:00,5.05,5.1,5.11,5.02,67380626.0,351930420.0,0.29,0.05,,0.9901
600018,2026-07-16 00:00:00,5.09,5.03,5.12,5.0,55718052.0,288577640.0,0.24,-0.07,,-1.3725
600018,2026-07-17 00:00:00,5.03,5.03,5.09,5.0,57225400.0,296679690.0,0.246,0.0,,0.0
600018,2026-07-20 00:00:00,5.02,5.08,5.1,5.01,72071956.0,375177790.0,0.31,0.05,,0.994
600018,2026-07-21 00:00:00,5.11,5.08,5.16,5.05,99642501.0,522551230.0,0.429,0.0,,0.0
600018,2026-07-22 00:00:00,5.07,5.11,5.12,5.03,65911980.0,343795430.0,0.284,0.03,,0.5906
600018,2026-07-23 00:00:00,5.11,5.18,5.19,5.1,52654690.0,271404030.0,0.227,0.07,,1.3699
600018,2026-07-24 00:00:00,5.17,5.14,5.22,5.12,38268401.0,197747340.0,0.165,-0.04,,-0.7722
600019,2026-07-10 00:00:00,5.47,5.48,5.53,5.37,85815597.0,467968470.0,0.401,0.01,,0.1828
600019,2026-07-13 00:00:00,5.46,5.5,5.5,5.44,70833935.0,387672190.0,0.331,0.02,,0.365
600019,2026-07-14 00:00:00,5.49,5.6,5.6,5.47,90082647.0,500369140.0,0.421,0.1,,1.8182
600019,2026-07-15 00:00:00,5.58,5.74,5.74,5.56,102934714.0,586904180.0,0.481,0.14,,2.5
600019,2026-07-16 00:00:00,5.72,5.68,5.77,5.62,89424468.0,507035000.0,0.418,-0.06,,-1.0453
600019,2026-07-17 00:00:00,5.67,5.76,5.81,5.66,151086910.0,869669210.0,0.706,0.08,,1.4085
600019,2026-07-20 00:00:00,5.76,5.89,5.89,5.75,159011840.0,929834390.0,0.743,0.13,,2.2569
600019,2026-07-21 00:00:00,5.86,5.81,5.99,5.79,163484890.0,962916100.0,0.763,-0.08,,-1.3582
600019,2026-07-22 00:00:00,5.79,5.86,5.86,5.72,122118341.0,707231800.0,0.57,0.05,,0.8606
600019,2026-07-23 00:00:00,5.81,5.97,5.99,5.81,99030814.0,587250980.0,0.463,0.11,,1.8771
600019,2026-07-24 00:00:00,5.97,5.91,6.02,5.9,65911015.0,392017810.0,0.308,-0.06,,-1.005
600023,2026-07-10 00:00:00,5.31,5.4,5.47,5.28,48595697.0,261976200.0,0.362,0.09,,1.6949
600023,2026-07-13 00:00:00,5.39,5.41,5.46,5.36,47510476.0,256993530.0,0.354,0.01,,0.1852
600023,2026-07-14 00:00:00,5.39,5.47,5.49,5.35,49232596.0,268591010.0,0.367,0.06,,1.1091
600023,2026-07-15 00:00:00,5.21,5.0,5.21,4.93,120317593.0,607113500.0,0.897,-0.47,,-8.5923
600023,2026-07-16 00:00:00,4.99,5.05,5.08,4.98,50604540.0,254876720.0,0.377,0.05,,1.0
600023,2026-07-17 00:00:00,5.05,5.17,5.24,5.02,71813370.0,371444770.0,0.536,0.12,,2.3762
600023,2026-07-20 00:00:00,5.15,5.34,5.34,5.13,79773011.0,418342300.0,0.595,0.17,,3.2882
600023,2026-07-21 00:00:00,5.33,5.32,5.41,5.24,68630627.0,365452380.0,0.512,-0.02,,-0.3745
600023,2026-07-22 00:00:00,5.29,5.39,5.39,5.28,54273701.0,289547940.0,0.405,0.07,,1.3158
600023,2026-07-23 00:00:00,5.35,5.45,5.47,5.32,43809287.0,237645550.0,0.327,0.06,,1.1132
600023,2026-07-24 00:00:00,5.44,5.36,5.47,5.35,49808342.0,268591810.0,0.372,-0.09,,-1.6514
600025,2026-07-10 00:00:00,9.61,9.62,9.65,9.47,35531620.0,340092650.0,0.191,0.01,,0.1041
600025,2026-07-13 00:00:00,9.59,9.81,9.84,9.55,50080559.0,488956760.0,0.269,0.19,,1.9751
600025,2026-07-14 00:00:00,9.79,9.81,9.95,9.75,45102011.0,444114030.0,0.242,0.0,,0.0
600025,2026-07-15 00:00:00,9.75,9.81,9.92,9.71,45455200.0,445837580.0,0.244,0.0,,0.0
600025,2026-07-16 00:00:00,9.77,9.69,9.86,9.65,35353639.0,343789660.0,0.19,-0.12,,-1.2232
600025,2026-07-17 00:00:00,9.72,9.84,9.95,9.67,60601983.0,598456110.0,0.325,0.15,,1.548
600025,2026-07-20 00:00:00,9.8,10.14,10.16,9.78,65712084.0,660656410.0,0.353,0.3,,3.0488
600025,2026-07-21 00:00:00,10.13,10.19,10.38,10.06,62614852.0,638447640.0,0.336,0.05,,0.4931
600025,2026-07-22 00:00:00,10.08,10.22,10.23,9.98,42432696.0,430119280.0,0.228,0.03,,0.2944
600025,2026-07-23 00:00:00,10.15,10.17,10.28,10.12,30688060.0,313049490.0,0.165,-0.05,,-0.4892
600025,2026-07-24 00:00:00,10.22,10.04,10.25,10.02,30111379.0,304570660.0,0.162,-0.13,,-1.2783
600026,2026-07-10 00:00:00,15.12,15.39,15.59,14.8,60615187.0,951366680.0,1.584,0.27,,1.7857
600026,2026-07-13 00:00:00,15.62,14.98,15.77,14.82,62115502.0,958291000.0,1.623,-0.41,,-2.6641
600026,2026-07-14 00:00:00,14.83,14.9,14.9,14.29,71558089.0,1069588880.0,1.869,-0.08,,-0.534
600026,2026-07-15 00:00:00,14.9,15.45,15.95,14.9,80555363.0,1286100220.0,2.104,0.55,,3.6913
600026,2026-07-16 00:00:00,15.17,14.56,15.25,14.42,63616793.0,961486000.0,1.662,-0.89,,-5.7605
600026,2026-07-17 00:00:00,14.53,14.21,14.68,14.06,57180195.0,820403380.0,1.494,-0.35,,-2.4038
600026,2026-07-20 00:00:00,14.41,14.52,14.86,14.23,76104039.0,1106103010.0,1.988,0.31,,2.1816
600026,2026-07-21 00:00:00,14.65,14.88,14.89,14.15,73410468.0,1068833680.0,1.918,0.36,,2.4793
600026,2026-07-22 00:00:00,15.06,15.66,15.84,15.06,87960264.0,1366270700.0,2.298,0.78,,5.2419
600026,2026-07-23 00:00:00,15.84,16.01,16.03,15.2,65977901.0,1034584300.0,1.724,0.35,,2.235
600026,2026-07-24 00:00:00,16.12,15.55,16.4,15.34,77358702.0,1224021790.0,2.021,-0.46,,-2.8732
600027,2026-07-10 00:00:00,4.43,4.5,4.54,4.39,78908307.0,353500770.0,0.856,0.07,,1.5801
600027,2026-07-13 00:00:00,4.48,4.54,4.54,4.46,64837322.0,292116890.0,0.704,0.04,,0.8889
600027,2026-07-14 00:00:00,4.51,4.62,4.62,4.5,74886268.0,342479900.0,0.813,0.08,,1.7621
600027,2026-07-15 00:00:00,4.59,4.63,4.64,4.55,77696688.0,357839310.0,0.843,0.01,,0.2165
600027,2026-07-16 00:00:00,4.61,4.58,4.64,4.54,72465731.0,331926040.0,0.786,-0.05,,-1.0799
600027,2026-07-17 00:00:00,4.6,4.65,4.71,4.58,125736116.0,586618090.0,1.364,0.07,,1.5284
600027,2026-07-20 00:00:00,4.6,4.81,4.81,4.58,162316410.0,767018240.0,1.761,0.16,,3.4409
600027,2026-07-21 00:00:00,4.75,4.74,4.82,4.71,125514198.0,596485060.0,1.362,-0.07,,-1.4553
600027,2026-07-22 00:00:00,4.72,4.79,4.8,4.69,97143893.0,461104130.0,1.054,0.05,,1.0549
600027,2026-07-23 00:00:00,4.77,4.86,4.88,4.75,89661607.0,432868650.0,0.973,0.07,,1.4614
600027,2026-07-24 00:00:00,4.83,4.69,4.88,4.68,91449300.0,435384670.0,0.992,-0.17,,-3.4979
600028,2026-07-10 00:00:00,4.76,4.76,4.77,4.7,228977560.0,1086701400.0,0.242,0.0,,0.0
600028,2026-07-13 00:00:00,4.81,4.88,4.89,4.78,356308030.0,1728592300.0,0.376,0.12,,2.521
600028,2026-07-14 00:00:00,4.91,5.03,5.04,4.89,427350270.0,2121240600.0,0.451,0.15,,3.0738
600028,2026-07-15 00:00:00,4.99,5.03,5.05,4.95,283080210.0,1416750600.0,0.299,0.0,,0.0
600028,2026-07-16 00:00:00,5.02,4.99,5.07,4.95,222629200.0,1109568520.0,0.235,-0.04,,-0.7952
600028,2026-07-17 00:00:00,4.99,5.03,5.07,4.97,341598170.0,1720471700.0,0.361,0.04,,0.8016
600028,2026-07-20 00:00:00,5.05,5.24,5.24,5.04,535881240.0,2770032800.0,0.566,0.21,,4.175
600028,2026-07-21 00:00:00,5.19,5.12,5.22,5.09,402613890.0,2073781900.0,0.425,-0.12,,-2.2901
600028,2026-07-22 00:00:00,5.15,5.18,5.18,5.07,311850530.0,1601484800.0,0.329,0.06,,1.1719
600028,2026-07-23 00:00:00,5.18,5.19,5.23,5.16,238346130.0,1237160700.0,0.252,0.01,,0.1931
600028,2026-07-24 00:00:00,5.25,5.19,5.28,5.15,264841410.0,1376555200.0,0.28,0.0,,0.0
600029,2026-07-10 00:00:00,5.06,5.11,5.13,4.99,86505230.0,438314600.0,0.642,0.05,,0.9881
600029,2026-07-13 00:00:00,5.03,5.01,5.04,5.0,79180059.0,396786140.0,0.588,-0.1,,-1.9569
600029,2026-07-14 00:00:00,4.98,5.04,5.04,4.95,61143124.0,305138980.0,0.454,0.03,,0.5988
600029,2026-07-15 00:00:00,4.98,5.05,5.05,4.95,79314083.0,397210520.0,0.589,0.01,,0.1984
600029,2026-07-16 00:00:00,5.01,5.03,5.07,4.98,71337220.0,358650200.0,0.529,-0.02,,-0.396
600029,2026-07-17 00:00:00,5.0,4.99,5.05,4.97,81064639.0,405939590.0,0.602,-0.04,,-0.7952
600029,2026-07-20 00:00:00,4.98,5.02,5.04,4.96,78520634.0,392789110.0,0.583,0.03,,0.6012
600029,2026-07-21 00:00:00,5.02,5.06,5.12,5.01,97273381.0,493031330.0,0.722,0.04,,0.7968
600029,2026-07-22 00:00:00,5.03,5.08,5.1,5.01,69101905.0,349681100.0,0.513,0.02,,0.3953
600029,2026-07-23 00:00:00,5.07,5.18,5.19,5.05,97219171.0,498782350.0,0.721,0.1,,1.9685
600029,2026-07-24 00:00:00,5.12,5.04,5.16,5.04,71718051.0,364565040.0,0.532,-0.14,,-2.7027
600030,2026-07-10 00:00:00,28.6,28.4,28.74,28.25,167482390.0,4762803800.0,1.376,-0.2,,-0.6993
600030,2026-07-13 00:00:00,28.38,28.12,28.49,27.93,159038430.0,4482410700.0,1.306,-0.28,,-0.9859
600030,2026-07-14 00:00:00,28.0,28.0,28.06,27.4,176676460.0,4904300700.0,1.451,-0.12,,-0.4267
600030,2026-07-15 00:00:00,27.93,28.6,28.83,27.84,187021380.0,5304478300.0,1.536,0.6,,2.1429
600030,2026-07-16 00:00:00,28.34,28.1,28.44,27.99,138492700.0,3898053500.0,1.137,-0.5,,-1.7483
600030,2026-07-17 00:00:00,28.0,27.6,28.27,27.6,170077850.0,4751646900.0,1.397,-0.5,,-1.7794
600030,2026-07-20 00:00:00,27.76,28.28,28.39,27.76,190738400.0,5360957300.0,1.566,0.68,,2.4638
600030,2026-07-21 00:00:00,28.5,28.34,28.5,27.95,169076850.0,4772798400.0,1.389,0.06,,0.2122
600030,2026-07-22 00:00:00,28.14,28.3,28.37,27.91,109541562.0,3086715500.0,0.9,-0.04,,-0.1411
600030,2026-07-23 00:00:00,28.38,28.62,28.72,28.16,131524839.0,3749532700.0,1.08,0.32,,1.1307
600030,2026-07-24 00:00:00,28.6,27.95,28.6,27.89,129621942.0,3651964600.0,1.065,-0.67,,-2.341
600031,2026-07-10 00:00:00,18.32,18.68,19.17,18.17,80412319.0,1518889800.0,0.949,0.36,,1.9651
600031,2026-07-13 00:00:00,18.62,18.53,18.8,18.09,70450914.0,1309471930.0,0.831,-0.15,,-0.803
600031,2026-07-14 00:00:00,18.41,18.45,18.51,17.92,81542991.0,1504981000.0,0.962,-0.08,,-0.4317
600031,2026-07-15 00:00:00,18.45,18.98,19.29,18.36,81335155.0,1554051500.0,0.96,0.53,,2.8726
600031,2026-07-16 00:00:00,19.02,18.77,19.21,18.66,70661188.0,1342771200.0,0.834,-0.21,,-1.1064
600031,2026-07-17 00:00:00,18.74,18.65,18.98,18.31,80798352.0,1502848100.0,0.953,-0.12,,-0.6393
600031,2026-07-20 00:00:00,18.65,19.56,19.6,18.53,117798736.0,2277199400.0,1.39,0.91,,4.8794
600031,2026-07-21 00:00:00,20.2,19.69,20.2,19.35,118171693.0,2324242300.0,1.395,0.13,,0.6646
600031,2026-07-22 00:00:00,19.57,19.85,20.07,19.46,77414515.0,1529342400.0,0.914,0.16,,0.8126
600031,2026-07-23 00:00:00,20.0,19.97,20.09,19.21,80451153.0,1583285300.0,0.949,0.12,,0.6045
600031,2026-07-24 00:00:00,19.96,19.58,19.96,19.46,52701558.0,1032501560.0,0.622,-0.39,,-1.9529
600036,2026-07-10 00:00:00,36.61,36.88,36.92,36.33,79377153.0,2911440800.0,0.385,0.27,,0.7375
600036,2026-07-13 00:00:00,36.81,37.25,37.4,36.71,93308476.0,3469591900.0,0.452,0.37,,1.0033
600036,2026-07-14 00:00:00,37.1,37.18,37.24,36.82,80415432.0,2979123000.0,0.39,-0.07,,-0.1879
600036,2026-07-15 00:00:00,37.0,37.76,37.96,36.75,115462595.0,4337619100.0,0.56,0.58,,1.56
600036,2026-07-16 00:00:00,37.7,37.67,38.12,37.5,76689870.0,2894610300.0,0.372,-0.09,,-0.2383
600036,2026-07-17 00:00:00,37.76,38.02,38.2,37.68,115858449.0,4404072200.0,0.562,0.35,,0.9291
600036,2026-07-20 00:00:00,37.95,38.91,38.91,37.89,143361020.0,5534176000.0,0.695,0.89,,2.3409
600036,2026-07-21 00:00:00,39.18,37.99,39.4,37.9,156012740.0,6018519200.0,0.756,-0.92,,-2.3644
600036,2026-07-22 00:00:00,37.85,38.71,38.71,37.63,108454598.0,4146124500.0,0.526,0.72,,1.8952
600036,2026-07-23 00:00:00,38.68,38.91,38.99,38.45,79493797.0,3087846400.0,0.385,0.2,,0.5167
600036,2026-07-24 00:00:00,39.18,39.2,39.25,38.9,98296005.0,3846185700.0,0.477,0.29,,0.7453
600039,2026-07-10 00:00:00,8.08,7.98,8.09,7.9,12944953.0,109383166.0,0.149,-0.1,,-1.2376
600039,2026-07-13 00:00:00,7.98,7.92,8.12,7.9,14729841.0,124438867.0,0.169,-0.06,,-0.7519
600039,2026-07-14 00:00:00,7.92,7.98,8.04,7.9,10925747.0,91948552.0,0.126,0.06,,0.7576
600039,2026-07-15 00:00:00,7.94,7.96,8.04,7.89,13494209.0,113674765.0,0.155,-0.02,,-0.2506
600039,2026-07-16 00:00:00,7.97,7.79,8.05,7.76,13922683.0,115828670.0,0.16,-0.17,,-2.1357
600039,2026-07-17 00:00:00,7.87,8.01,8.08,7.84,21229371.0,179672820.0,0.244,0.22,,2.8241
600039,2026-07-20 00:00:00,8.03,8.38,8.39,7.97,34826564.0,302829560.0,0.401,0.37,,4.6192
600039,2026-07-21 00:00:00,8.34,8.4,8.8,8.32,37508122.0,338257400.0,0.431,0.02,,0.2387
600039,2026-07-22 00:00:00,8.4,8.77,8.79,8.25,32952026.0,298667770.0,0.379,0.37,,4.4048
600039,2026-07-23 00:00:00,8.77,9.06,9.07,8.63,27755136.0,260506120.0,0.319,0.29,,3.3067
600039,2026-07-24 00:00:00,8.99,8.81,8.99,8.66,21578092.0,190796440.0,0.248,-0.25,,-2.7594
600048,2026-07-10 00:00:00,4.61,4.81,4.84,4.58,209426560.0,996278180.0,1.75,0.2,,4.3384
600048,2026-07-13 00:00:00,4.77,4.67,4.8,4.65,118190530.0,555534500.0,0.987,-0.14,,-2.9106
600048,2026-07-14 00:00:00,4.66,4.72,4.73,4.63,91485921.0,427870380.0,0.764,0.05,,1.0707
600048,2026-07-15 00:00:00,4.7,4.91,4.95,4.69,192663780.0,941305200.0,1.61,0.19,,4.0254
600048,2026-07-16 00:00:00,4.89,4.97,5.0,4.87,152185630.0,753015520.0,1.271,0.06,,1.222
600048,2026-07-17 00:00:00,4.95,4.86,5.03,4.83,145611050.0,715952270.0,1.216,-0.11,,-2.2133
600048,2026-07-20 00:00:00,4.87,5.04,5.05,4.82,195057100.0,970803890.0,1.63,0.18,,3.7037
600048,2026-07-21 00:00:00,5.0,5.01,5.09,4.99,152070820.0,765107500.0,1.27,-0.03,,-0.5952
600048,2026-07-22 00:00:00,5.01,5.2,5.22,4.96,189651960.0,971357990.0,1.584,0.19,,3.7924
600048,2026-07-23 00:00:00,5.16,5.14,5.21,5.07,107284975.0,548668140.0,0.896,-0.06,,-1.1538
600048,2026-07-24 00:00:00,5.19,4.95,5.21,4.94,150884750.0,759701640.0,1.261,-0.19,,-3.6965
600050,2026-07-10 00:00:00,4.09,4.2,4.29,4.07,271019330.0,1139393730.0,0.875,0.11,,2.6895
600050,2026-07-13 00:00:00,4.16,4.2,4.23,4.15,168202530.0,705484780.0,0.543,0.0,,0.0
600050,2026-07-14 00:00:00,4.18,4.21,4.21,4.15,170436520.0,712768900.0,0.55,0.01,,0.2381
600050,2026-07-15 00:00:00,4.19,4.27,4.28,4.18,166345370.0,706594510.0,0.537,0.06,,1.4252
600050,2026-07-16 00:00:00,4.25,4.28,4.29,4.24,147594410.0,629623080.0,0.476,0.01,,0.2342
600050,2026-07-17 00:00:00,4.26,4.26,4.31,4.24,210375990.0,899983920.0,0.679,-0.02,,-0.4673
600050,2026-07-20 00:00:00,4.26,4.4,4.4,4.26,321830170.0,1402015700.0,1.039,0.14,,3.2864
600050,2026-07-21 00:00:00,4.44,4.39,4.44,4.35,237502820.0,1043539490.0,0.766,-0.01,,-0.2273
600050,2026-07-22 00:00:00,4.38,4.4,4.41,4.33,189308290.0,827176910.0,0.611,0.01,,0.2278
600050,2026-07-23 00:00:00,4.38,4.42,4.43,4.38,113953945.0,501780930.0,0.368,0.02,,0.4545
600050,2026-07-24 00:00:00,4.43,4.42,4.45,4.39,141829140.0,626430860.0,0.458,0.0,,0.0
600061,2026-07-10 00:00:00,6.55,6.5,6.55,6.42,36902285.0,238995210.0,0.577,-0.05,,-0.7634
600061,2026-07-13 00:00:00,6.48,6.48,6.5,6.43,29801277.0,192636530.0,0.466,-0.02,,-0.3077
600061,2026-07-14 00:00:00,6.45,6.52,6.53,6.42,30572975.0,198062470.0,0.478,0.04,,0.6173
600061,2026-07-15 00:00:00,6.49,6.68,6.69,6.48,56684543.0,374982820.0,0.887,0.16,,2.454
600061,2026-07-16 00:00:00,6.63,6.58,6.66,6.54,48443414.0,318592020.0,0.758,-0.1,,-1.497
600061,2026-07-17 00:00:00,6.57,6.53,6.64,6.44,53257900.0,349674710.0,0.833,-0.05,,-0.7599
600061,2026-07-20 00:00:00,6.54,6.55,6.63,6.47,61524006.0,403304620.0,0.962,0.02,,0.3063
600061,2026-07-21 00:00:00,6.54,6.47,6.61,6.4,79213408.0,514507400.0,1.239,-0.08,,-1.2214
600061,2026-07-22 00:00:00,6.43,6.35,6.44,6.31,47618628.0,302404480.0,0.745,-0.12,,-1.8547
600061,2026-07-23 00:00:00,6.35,6.48,6.49,6.33,45182905.0,290366130.0,0.707,0.13,,2.0472
600061,2026-07-24 00:00:00,6.43,6.3,6.48,6.28,37196879.0,236759730.0,0.582,-0.18,,-2.7778
600066,2026-07-10 00:00:00,28.28,28.4,28.81,27.43,14480458.0,408913140.0,0.654,0.12,,0.4243
600066,2026-07-13 00:00:00,28.41,28.75,29.18,27.61,18992251.0,541611480.0,0.858,0.35,,1.2324
600066,2026-07-14 00:00:00,28.53,28.65,28.77,27.92,23112098.0,653908490.0,1.044,-0.1,,-0.3478
600066,2026-07-15 00:00:00,28.55,29.16,29.39,28.38,18149800.0,527434800.0,0.82,0.51,,1.7801
600066,2026-07-16 00:00:00,29.15,30.08,30.76,29.01,26383424.0,798938040.0,1.192,0.92,,3.155
600066,2026-07-17 00:00:00,30.12,29.76,30.78,29.11,21180814.0,630357800.0,0.957,-0.32,,-1.0638
600066,2026-07-20 00:00:00,29.7,32.09,32.39,29.61,22382603.0,694366750.0,1.011,2.33,,7.8293
600066,2026-07-21 00:00:00,32.0,31.48,32.7,30.4,28549348.0,893952800.0,1.29,-0.61,,-1.9009
600066,2026-07-22 00:00:00,31.2,30.98,31.2,29.62,18390384.0,561440410.0,0.831,-0.5,,-1.5883
600066,2026-07-23 00:00:00,30.79,32.18,32.6,30.39,20647896.0,658558720.0,0.933,1.2,,3.8735
600066,2026-07-24 00:00:00,32.4,31.66,32.58,31.39,15937775.0,508321580.0,0.72,-0.52,,-1.6159
600085,2026-07-10 00:00:00,23.07,23.68,23.81,22.7,12337778.0,289621550.0,0.9,0.61,,2.6441
600085,2026-07-13 00:00:00,23.89,24.53,24.99,23.84,22858971.0,559976680.0,1.667,0.85,,3.5895
600085,2026-07-14 00:00:00,24.25,24.75,24.97,24.06,17760428.0,438469120.0,1.295,0.22,,0.8969
600085,2026-07-15 00:00:00,24.43,25.25,25.38,24.41,18105971.0,454408800.0,1.32,0.5,,2.0202
600085,2026-07-16 00:00:00,25.08,26.93,27.12,24.83,36843137.0,966670030.0,2.686,1.68,,6.6535
600085,2026-07-17 00:00:00,26.35,26.04,26.72,25.65,29988679.0,781771360.0,2.187,-0.89,,-3.3049
600085,2026-07-20 00:00:00,25.6,26.36,26.36,25.31,20404263.0,529448340.0,1.488,0.32,,1.2289
600085,2026-07-21 00:00:00,26.06,25.9,26.83,25.72,19490787.0,510392390.0,1.421,-0.46,,-1.7451
600085,2026-07-22 00:00:00,25.67,25.99,26.05,25.41,15628308.0,402182370.0,1.14,0.09,,0.3475
600085,2026-07-23 00:00:00,25.99,25.82,26.0,25.48,9679071.0,248822840.0,0.706,-0.17,,-0.6541
600085,2026-07-24 00:00:00,25.69,25.06,25.87,25.06,9989681.0,253466650.0,0.728,-0.76,,-2.9435
600089,2026-07-10 00:00:00,20.06,20.06,20.49,19.91,114146759.0,2310744900.0,2.259,0.0,,0.0
600089,2026-07-13 00:00:00,20.07,19.14,20.15,19.13,110102956.0,2138474700.0,2.179,-0.92,,-4.5862
600089,2026-07-14 00:00:00,19.08,19.3,19.3,18.65,105886189.0,2007003700.0,2.096,0.16,,0.8359
600089,2026-07-15 00:00:00,19.28,19.12,19.47,19.08,72627936.0,1395484700.0,1.437,-0.18,,-0.9326
600089,2026-07-16 00:00:00,19.07,18.88,19.2,18.81,73401286.0,1392471100.0,1.453,-0.24,,-1.2552
600089,2026-07-17 00:00:00,18.8,18.66,19.42,18.6,128472855.0,2433076800.0,2.543,-0.22,,-1.1653
600089,2026-07-20 00:00:00,18.66,19.2,19.3,18.66,138494800.0,2642477300.0,2.741,0.54,,2.8939
600089,2026-07-21 00:00:00,19.51,19.5,19.52,19.02,128655621.0,2479933600.0,2.546,0.3,,1.5625
600089,2026-07-22 00:00:00,19.45,19.78,20.08,19.29,124721394.0,2463765700.0,2.468,0.28,,1.4359
600089,2026-07-23 00:00:00,19.92,21.53,21.7,19.78,287255710.0,6017459700.0,5.685,1.75,,8.8473
600089,2026-07-24 00:00:00,21.1,20.39,21.1,20.33,200760500.0,4150786800.0,3.973,-1.14,,-5.2949
600104,2026-07-10 00:00:00,9.92,10.12,10.25,9.82,71374913.0,720398490.0,0.621,0.2,,2.0161
600104,2026-07-13 00:00:00,10.01,9.94,10.06,9.89,52027000.0,517355430.0,0.453,-0.18,,-1.7787
600104,2026-07-14 00:00:00,9.9,10.05,10.07,9.86,48330253.0,482845700.0,0.42,0.11,,1.1066
600104,2026-07-15 00:00:00,10.02,10.34,10.38,10.0,65128597.0,669597410.0,0.567,0.29,,2.8856
600104,2026-07-16 00:00:00,10.3,10.52,10.6,10.24,64223255.0,672702110.0,0.559,0.18,,1.7408
600104,2026-07-17 00:00:00,10.51,10.39,10.66,10.31,60204863.0,629954180.0,0.524,-0.13,,-1.2357
600104,2026-07-20 00:00:00,10.3,10.6,10.61,10.3,73224760.0,767837050.0,0.637,0.21,,2.0212
600104,2026-07-21 00:00:00,10.6,10.46,10.81,10.43,87625462.0,929561250.0,0.762,-0.14,,-1.3208
600104,2026-07-22 00:00:00,10.44,10.53,10.54,10.29,56768095.0,591795420.0,0.494,0.07,,0.6692
600104,2026-07-23 00:00:00,10.49,10.61,10.62,10.42,37830061.0,399246420.0,0.329,0.08,,0.7597
600104,2026-07-24 00:00:00,10.47,10.38,10.64,10.38,40401810.0,423163930.0,0.352,-0.23,,-2.1678
600111,2026-07-10 00:00:00,42.17,42.51,43.3,40.51,97668995.0,4130830900.0,2.702,0.34,,0.8063
600111,2026-07-13 00:00:00,42.0,38.98,42.01,38.93,103753741.0,4142766800.0,2.87,-3.53,,-8.3039
600111,2026-07-14 00:00:00,38.26,39.83,39.85,38.1,80993880.0,3175290300.0,2.241,0.85,,2.1806
600111,2026-07-15 00:00:00,40.4,39.56,40.66,39.54,57168681.0,2285845900.0,1.581,-0.27,,-0.6779
600111,2026-07-16 00:00:00,39.1,38.87,39.58,38.66,45575989.0,1780379500.0,1.261,-0.69,,-1.7442
600111,2026-07-17 00:00:00,38.7,37.45,38.79,37.17,66534242.0,2523762500.0,1.841,-1.42,,-3.6532
600111,2026-07-20 00:00:00,37.85,37.58,38.18,36.69,67594193.0,2537501900.0,1.87,0.13,,0.3471
600111,2026-07-21 00:00:00,38.2,39.36,39.46,37.65,89458950.0,3452370900.0,2.475,1.78,,4.7366
600111,2026-07-22 00:00:00,38.98,39.12,39.6,38.7,64876379.0,2538451800.0,1.795,-0.24,,-0.6098
600111,2026-07-23 00:00:00,39.12,40.27,40.48,38.8,72829719.0,2902933700.0,2.015,1.15,,2.9397
600111,2026-07-24 00:00:00,39.7,39.03,39.7,38.93,51139340.0,2006828900.0,1.415,-1.24,,-3.0792
600115,2026-07-10 00:00:00,3.61,3.66,3.7,3.58,169834390.0,619866500.0,0.998,0.05,,1.385
600115,2026-07-13 00:00:00,3.58,3.56,3.6,3.52,202404130.0,720083010.0,1.189,-0.1,,-2.7322
600115,2026-07-14 00:00:00,3.49,3.6,3.6,3.47,155601300.0,548867990.0,0.914,0.04,,1.1236
600115,2026-07-15 00:00:00,3.54,3.62,3.64,3.53,182865600.0,657640730.0,1.074,0.02,,0.5556
600115,2026-07-16 00:00:00,3.59,3.57,3.61,3.54,145341830.0,519199730.0,0.854,-0.05,,-1.3812
600115,2026-07-17 00:00:00,3.54,3.51,3.59,3.47,193669700.0,683922550.0,1.138,-0.06,,-1.6807
600115,2026-07-20 00:00:00,3.46,3.52,3.53,3.46,177773260.0,620833840.0,1.044,0.01,,0.2849
600115,2026-07-21 00:00:00,3.51,3.57,3.6,3.51,201618160.0,718155600.0,1.184,0.05,,1.4205
600115,2026-07-22 00:00:00,3.54,3.59,3.6,3.52,155224570.0,554124530.0,0.912,0.02,,0.5602
600115,2026-07-23 00:00:00,3.57,3.66,3.67,3.55,153217940.0,555734380.0,0.9,0.07,,1.9499
600115,2026-07-24 00:00:00,3.62,3.54,3.64,3.53,137257770.0,490614170.0,0.806,-0.12,,-3.2787
600150,2026-07-10 00:00:00,35.64,36.68,37.9,35.37,194667300.0,7247729700.0,2.587,1.04,,2.9181
600150,2026-07-13 00:00:00,36.58,33.85,36.58,33.41,216600920.0,7478641300.0,2.878,-2.83,,-7.7154
600150,2026-07-14 00:00:00,33.8,33.41,34.32,32.72,150839080.0,5099797500.0,2.004,-0.44,,-1.2999
600150,2026-07-15 00:00:00,33.19,33.95,34.02,32.97,99521294.0,3388022300.0,1.322,0.54,,1.6163
600150,2026-07-16 00:00:00,33.65,32.64,33.69,32.59,122149630.0,4070749500.0,1.623,-1.31,,-3.8586
600150,2026-07-17 00:00:00,32.33,31.98,32.52,31.76,93955831.0,3049858700.0,1.249,-0.66,,-2.0221
600150,2026-07-20 00:00:00,32.28,33.01,33.16,32.1,99898769.0,3273581700.0,1.327,1.03,,3.2208
600150,2026-07-21 00:00:00,33.7,32.96,33.7,32.54,93280069.0,3072219900.0,1.24,-0.05,,-0.1515
600150,2026-07-22 00:00:00,32.88,33.02,33.8,32.67,108369809.0,3604353100.0,1.44,0.06,,0.182
600150,2026-07-23 00:00:00,33.27,33.76,33.87,32.68,106694876.0,3559901600.0,1.418,0.74,,2.2411
600150,2026-07-24 00:00:00,33.7,33.06,33.87,32.93,79452246.0,2651994900.0,1.056,-0.7,,-2.0735
600160,2026-07-10 00:00:00,45.97,43.42,46.97,43.35,103947637.0,4660570200.0,3.85,-2.55,,-5.5471
600160,2026-07-13 00:00:00,42.0,41.96,43.2,41.64,70801953.0,2994033900.0,2.623,-1.46,,-3.3625
600160,2026-07-14 00:00:00,42.05,42.85,43.09,41.11,52267755.0,2208199800.0,1.936,0.89,,2.1211
600160,2026-07-15 00:00:00,42.85,42.2,43.08,41.5,46212010.0,1955674800.0,1.712,-0.65,,-1.5169
600160,2026-07-16 00:00:00,41.89,39.98,41.98,39.69,58491259.0,2378692400.0,2.167,-2.22,,-5.2607
600160,2026-07-17 00:00:00,39.87,39.13,41.15,38.81,52582183.0,2097791900.0,1.948,-0.85,,-2.1261
600160,2026-07-20 00:00:00,39.75,37.9,39.99,37.07,57153685.0,2178257800.0,2.117,-1.23,,-3.1434
600160,2026-07-21 00:00:00,37.9,40.38,40.4,36.78,61020901.0,2372418600.0,2.26,2.48,,6.5435
600160,2026-07-22 00:00:00,39.98,38.78,40.29,38.5,44016446.0,1732769700.0,1.63,-1.6,,-3.9624
600160,2026-07-23 00:00:00,38.78,40.83,40.95,38.42,49758769.0,1975620100.0,1.843,2.05,,5.2862
600160,2026-07-24 00:00:00,40.1,39.78,40.75,39.52,37855636.0,1515546400.0,1.402,-1.05,,-2.5716
600161,2026-07-10 00:00:00,11.77,12.03,12.15,11.58,17509692.0,210532430.0,0.886,0.26,,2.209
600161,2026-07-13 00:00:00,12.09,12.03,12.2,11.95,13725728.0,166058400.0,0.694,0.0,,0.0
600161,2026-07-14 00:00:00,12.07,12.27,12.38,11.95,19233203.0,236372710.0,0.973,0.24,,1.995
600161,2026-07-15 00:00:00,12.1,12.54,12.67,12.07,24857767.0,311974020.0,1.257,0.27,,2.2005
600161,2026-07-16 00:00:00,12.5,12.9,12.95,12.41,26910004.0,343896380.0,1.361,0.36,,2.8708
600161,2026-07-17 00:00:00,12.84,12.47,12.95,12.47,21065165.0,267433860.0,1.065,-0.43,,-3.3333
600161,2026-07-20 00:00:00,12.5,12.79,12.8,12.34,22446732.0,283524510.0,1.135,0.32,,2.5662
600161,2026-07-21 00:00:00,12.75,12.44,12.97,12.43,22632483.0,288457260.0,1.145,-0.35,,-2.7365
600161,2026-07-22 00:00:00,12.49,12.51,12.54,12.25,20164717.0,251361610.0,1.02,0.07,,0.5627
600161,2026-07-23 00:00:00,12.46,12.37,12.54,12.31,12103004.0,150578940.0,0.612,-0.14,,-1.1191
600161,2026-07-24 00:00:00,12.35,12.05,12.52,12.03,9876909.0,120498945.0,0.5,-0.32,,-2.5869
600176,2026-07-10 00:00:00,58.38,55.7,63.0,55.67,245116640.0,14561807000.0,6.172,-2.68,,-4.5906
600176,2026-07-13 00:00:00,54.5,50.13,55.7,50.13,222845900.0,11598622700.0,5.611,-5.57,,-10.0
600176,2026-07-14 00:00:00,49.9,54.52,55.14,49.9,234936050.0,12400463000.0,5.915,4.39,,8.7572
600176,2026-07-15 00:00:00,55.0,53.0,56.0,52.6,187471250.0,10167985400.0,4.72,-1.52,,-2.788
600176,2026-07-16 00:00:00,50.36,47.71,51.75,47.7,185390420.0,9144495600.0,4.668,-5.29,,-9.9811
600176,2026-07-17 00:00:00,47.72,43.8,48.2,42.97,182849440.0,8225524400.0,4.604,-3.91,,-8.1953
600176,2026-07-20 00:00:00,45.5,39.44,45.8,39.42,211455020.0,8792147300.0,5.324,-4.36,,-9.9543
600176,2026-07-21 00:00:00,40.24,43.0,43.25,35.95,270976610.0,10929813700.0,6.823,3.56,,9.0264
600176,2026-07-22 00:00:00,42.85,38.7,44.13,38.7,276863510.0,11339760400.0,6.971,-4.3,,-10.0
600176,2026-07-23 00:00:00,38.7,38.36,40.75,37.92,194699210.0,7622408200.0,4.902,-0.34,,-0.8786
600176,2026-07-24 00:00:00,37.5,37.34,38.79,36.73,148089070.0,5572799500.0,3.729,-1.02,,-2.659
600183,2026-07-10 00:00:00,160.0,149.39,163.48,149.25,63401261.0,9972337700.0,2.648,-10.61,,-6.6313
600183,2026-07-13 00:00:00,147.9,134.45,150.33,134.45,80453141.0,11272364600.0,3.36,-14.94,,-10.0007
600183,2026-07-14 00:00:00,139.97,147.9,147.9,139.0,80957181.0,11779525100.0,3.381,13.45,,10.0037
600183,2026-07-15 00:00:00,154.01,152.43,160.3,151.5,94258350.0,14651353000.0,3.936,4.53,,3.0629
600183,2026-07-16 00:00:00,148.0,146.99,155.43,144.0,71284054.0,10649968600.0,2.977,-5.44,,-3.5689
600183,2026-07-17 00:00:00,144.84,132.29,146.0,132.29,75645621.0,10217325700.0,3.159,-14.7,,-10.0007
600183,2026-07-20 00:00:00,136.0,123.34,136.0,119.06,94539176.0,11851044700.0,3.948,-8.95,,-6.7654
600183,2026-07-21 00:00:00,129.32,135.67,135.67,117.5,89821844.0,11505130600.0,3.751,12.33,,9.9968
600183,2026-07-22 00:00:00,135.67,126.0,140.19,124.06,82385680.0,10952239700.0,3.441,-9.67,,-7.1276
600183,2026-07-23 00:00:00,129.0,125.1,134.21,123.8,60998740.0,7823308900.0,2.529,-0.9,,-0.7143
600183,2026-07-24 00:00:00,123.81,118.71,123.99,117.99,60458645.0,7261157000.0,2.507,-6.39,,-5.1079
600188,2026-07-10 00:00:00,17.12,17.84,17.99,16.99,58449361.0,1045922000.0,0.981,0.72,,4.2056
600188,2026-07-13 00:00:00,17.88,17.65,18.16,17.34,48033663.0,861830860.0,0.806,-0.19,,-1.065
600188,2026-07-14 00:00:00,17.9,18.91,19.11,17.89,99020298.0,1868934800.0,1.661,1.26,,7.1388
600188,2026-07-15 00:00:00,18.6,19.91,20.17,18.49,78180570.0,1535165400.0,1.312,1.0,,5.2882
600188,2026-07-16 00:00:00,19.63,19.15,19.8,18.73,54939980.0,1072784770.0,0.922,-0.76,,-3.8172
600188,2026-07-17 00:00:00,19.14,18.58,19.47,18.56,48711543.0,942827410.0,0.817,-0.57,,-2.9765
600188,2026-07-20 00:00:00,18.68,20.47,20.47,18.68,74159460.0,1507896700.0,1.244,1.89,,10.1722
600188,2026-07-21 00:00:00,20.78,20.62,21.13,19.66,86500996.0,1784255500.0,1.451,0.15,,0.7328
600188,2026-07-22 00:00:00,20.38,22.04,22.05,19.93,89193369.0,1900047300.0,1.496,1.42,,6.8865
600188,2026-07-23 00:00:00,21.41,21.83,23.18,21.26,88004539.0,1963733000.0,1.476,-0.21,,-0.9528
600188,2026-07-24 00:00:00,21.73,19.73,21.98,19.66,73476461.0,1519488100.0,1.233,-2.1,,-9.6198
600196,2026-07-10 00:00:00,22.88,23.45,23.74,22.47,37760611.0,878157120.0,1.782,0.57,,2.4913
600196,2026-07-13 00:00:00,23.3,23.79,23.88,23.25,37517578.0,884805720.0,1.771,0.34,,1.4499
600196,2026-07-14 00:00:00,23.55,24.05,24.24,23.37,39577476.0,946950270.0,1.868,0.26,,1.0929
600196,2026-07-15 00:00:00,23.87,24.84,24.96,23.75,59638876.0,1471871900.0,2.815,0.79,,3.2848
600196,2026-07-16 00:00:00,24.6,24.71,25.18,24.24,49605568.0,1223366580.0,2.342,-0.13,,-0.5233
600196,2026-07-17 00:00:00,24.47,23.4,24.7,23.35,48012852.0,1142901190.0,2.266,-1.31,,-5.3015
600196,2026-07-20 00:00:00,23.35,24.0,24.01,23.24,35922245.0,851566490.0,1.696,0.6,,2.5641
600196,2026-07-21 00:00:00,23.79,23.69,24.02,23.33,32191142.0,761378120.0,1.52,-0.31,,-1.2917
600196,2026-07-22 00:00:00,23.5,23.97,24.23,23.43,29543353.0,705400120.0,1.395,0.28,,1.1819
600196,2026-07-23 00:00:00,23.64,23.71,23.84,23.47,20718584.0,489628170.0,0.978,-0.26,,-1.0847
600196,2026-07-24 00:00:00,23.51,22.67,23.65,22.64,29281505.0,675673490.0,1.382,-1.04,,-4.3863
600219,2026-07-10 00:00:00,4.0,4.08,4.17,3.96,187766000.0,764785480.0,1.635,0.08,,2.0
600219,2026-07-13 00:00:00,4.05,3.93,4.06,3.93,173668150.0,691106870.0,1.512,-0.15,,-3.6765
600219,2026-07-14 00:00:00,3.94,4.16,4.18,3.91,259991940.0,1057429270.0,2.264,0.23,,5.8524
600219,2026-07-15 00:00:00,4.12,4.15,4.23,4.09,165415270.0,688244390.0,1.44,-0.01,,-0.2404
600219,2026-07-16 00:00:00,4.11,4.09,4.17,4.07,150786920.0,620958630.0,1.313,-0.06,,-1.4458
600219,2026-07-17 00:00:00,4.09,3.98,4.09,3.96,181124180.0,727271740.0,1.577,-0.11,,-2.6895
600219,2026-07-20 00:00:00,4.02,4.16,4.16,4.0,262227560.0,1073555280.0,2.284,0.18,,4.5226
600219,2026-07-21 00:00:00,4.12,4.18,4.2,4.11,200009820.0,830411780.0,1.742,0.02,,0.4808
600219,2026-07-22 00:00:00,4.17,4.35,4.38,4.15,321938710.0,1384491800.0,2.803,0.17,,4.067
600219,2026-07-23 00:00:00,4.35,4.79,4.79,4.32,404075600.0,1874502300.0,3.519,0.44,,10.1149
600219,2026-07-24 00:00:00,4.7,4.46,4.72,4.45,407655860.0,1856102500.0,3.55,-0.33,,-6.8894
600233,2026-07-10 00:00:00,16.66,16.74,17.06,16.3,41793144.0,701670210.0,1.221,0.08,,0.4802
600233,2026-07-13 00:00:00,16.76,16.72,17.07,16.4,32671046.0,546250200.0,0.955,-0.02,,-0.1195
600233,2026-07-14 00:00:00,16.79,17.25,17.33,16.59,30326954.0,518247440.0,0.886,0.53,,3.1699
600233,2026-07-15 00:00:00,17.22,17.5,17.64,16.7,41376400.0,714843790.0,1.209,0.25,,1.4493
600233,2026-07-16 00:00:00,17.48,17.4,17.78,17.28,26030616.0,455329700.0,0.761,-0.1,,-0.5714
600233,2026-07-17 00:00:00,17.25,17.11,17.48,16.9,24565071.0,421672520.0,0.718,-0.29,,-1.6667
600233,2026-07-20 00:00:00,17.08,17.4,17.54,16.91,26689062.0,463364150.0,0.78,0.29,,1.6949
600233,2026-07-21 00:00:00,17.55,17.8,18.1,17.36,29198685.0,518991250.0,0.853,0.4,,2.2989
600233,2026-07-22 00:00:00,17.6,17.98,17.99,17.46,21835900.0,389299910.0,0.638,0.18,,1.0112
600233,2026-07-23 00:00:00,17.7,17.81,17.9,17.48,16624332.0,294392100.0,0.486,-0.17,,-0.9455
600233,2026-07-24 00:00:00,17.71,17.26,17.87,17.26,15394815.0,268888440.0,0.45,-0.55,,-3.0882
600276,2026-07-10 00:00:00,54.6,55.75,57.48,54.55,133618942.0,7492062000.0,2.095,1.15,,2.1062
600276,2026-07-13 00:00:00,55.11,55.75,56.22,54.78,93029343.0,5152853200.0,1.458,0.0,,0.0
600276,2026-07-14 00:00:00,55.75,54.82,55.98,54.27,96629185.0,5314265800.0,1.515,-0.93,,-1.6682
600276,2026-07-15 00:00:00,54.26,57.5,58.0,54.26,194169670.0,10991590800.0,3.044,2.68,,4.8887
600276,2026-07-16 00:00:00,56.81,55.99,57.4,55.51,122008374.0,6880194400.0,1.913,-1.51,,-2.6261
600276,2026-07-17 00:00:00,56.0,53.19,56.17,53.02,116181697.0,6283258300.0,1.821,-2.8,,-5.0009
600276,2026-07-20 00:00:00,52.97,55.57,55.78,52.9,113306851.0,6214720000.0,1.776,2.38,,4.4745
600276,2026-07-21 00:00:00,55.99,54.93,55.99,53.76,96439027.0,5269033300.0,1.512,-0.64,,-1.1517
600276,2026-07-22 00:00:00,54.35,55.39,56.49,54.27,85979835.0,4767071600.0,1.348,0.46,,0.8374
600276,2026-07-23 00:00:00,55.39,54.91,55.75,53.9,79998901.0,4377851100.0,1.254,-0.48,,-0.8666
600276,2026-07-24 00:00:00,55.0,53.45,55.08,53.0,70483651.0,3790751100.0,1.105,-1.46,,-2.6589
600309,2026-07-10 00:00:00,68.5,68.71,70.16,66.73,41039014.0,2820229900.0,1.311,0.21,,0.3066
600309,2026-07-13 00:00:00,68.71,66.95,68.88,66.9,31822780.0,2151046300.0,1.017,-1.76,,-2.5615
600309,2026-07-14 00:00:00,66.7,69.6,69.8,66.48,37742560.0,2585446800.0,1.206,2.65,,3.9582
600309,2026-07-15 00:00:00,69.0,70.09,70.8,68.15,36645609.0,2549251000.0,1.171,0.49,,0.704
600309,2026-07-16 00:00:00,69.69,68.36,70.8,68.24,35740517.0,2467072300.0,1.142,-1.73,,-2.4683
600309,2026-07-17 00:00:00,68.37,70.04,70.91,68.1,55904726.0,3901730900.0,1.786,1.68,,2.4576
600309,2026-07-20 00:00:00,70.07,71.99,71.99,68.88,60333870.0,4274212900.0,1.927,1.95,,2.7841
600309,2026-07-21 00:00:00,72.0,71.75,73.0,70.88,51952211.0,3731768400.0,1.66,-0.24,,-0.3334
600309,2026-07-22 00:00:00,71.01,74.0,74.7,71.0,54359500.0,3990272100.0,1.737,2.25,,3.1359
600309,2026-07-23 00:00:00,74.0,75.49,75.94,72.48,47917178.0,3572897600.0,1.531,1.49,,2.0135
600309,2026-07-24 00:00:00,75.35,73.75,75.9,73.57,34032803.0,2534883000.0,1.087,-1.74,,-2.3049
600346,2026-07-10 00:00:00,16.1,15.79,16.1,15.42,67786875.0,1069075350.0,0.963,-0.31,,-1.9255
600346,2026-07-13 00:00:00,15.79,15.0,15.88,14.87,60008553.0,912470880.0,0.853,-0.79,,-5.0032
600346,2026-07-14 00:00:00,14.95,15.65,15.65,14.81,63092484.0,968463680.0,0.896,0.65,,4.3333
600346,2026-07-15 00:00:00,15.46,15.24,15.63,15.19,40722197.0,626927050.0,0.579,-0.41,,-2.6198
600346,2026-07-16 00:00:00,15.13,15.07,15.53,15.0,39751817.0,602995740.0,0.565,-0.17,,-1.1155
600346,2026-07-17 00:00:00,15.07,15.06,15.36,14.76,48381120.0,731712770.0,0.687,-0.01,,-0.0664
600346,2026-07-20 00:00:00,15.19,15.48,15.56,15.03,54072271.0,828633250.0,0.768,0.42,,2.7888
600346,2026-07-21 00:00:00,15.35,15.64,15.94,15.28,60744734.0,946438950.0,0.863,0.16,,1.0336
600346,2026-07-22 00:00:00,15.54,16.4,16.71,15.41,69602740.0,1127168250.0,0.989,0.76,,4.8593
600346,2026-07-23 00:00:00,16.41,16.62,16.68,15.97,38369400.0,629579760.0,0.545,0.22,,1.3415
600346,2026-07-24 00:00:00,16.6,15.95,16.71,15.88,44212265.0,714454410.0,0.628,-0.67,,-4.0313
600362,2026-07-10 00:00:00,40.69,42.29,43.36,40.17,77493037.0,3285475300.0,3.734,1.6,,3.9322
600362,2026-07-13 00:00:00,40.89,39.4,40.89,39.4,51054829.0,2068959500.0,2.46,-2.89,,-6.8338
600362,2026-07-14 00:00:00,39.3,43.25,43.31,38.95,84440005.0,3546402600.0,4.069,3.85,,9.7716
600362,2026-07-15 00:00:00,43.2,41.68,43.2,41.43,54239968.0,2324978800.0,2.614,-1.57,,-3.6301
600362,2026-07-16 00:00:00,40.68,41.51,42.58,40.41,49067551.0,2080513600.0,2.364,-0.17,,-0.4079
600362,2026-07-17 00:00:00,40.5,39.03,40.68,38.68,58473441.0,2310354700.0,2.818,-2.48,,-5.9745
600362,2026-07-20 00:00:00,39.03,38.62,39.39,37.46,52331511.0,2010263700.0,2.522,-0.41,,-1.0505
600362,2026-07-21 00:00:00,39.2,40.8,40.88,38.8,58557975.0,2326575900.0,2.822,2.18,,5.6447
600362,2026-07-22 00:00:00,41.71,43.05,44.42,41.71,98518275.0,4263612600.0,4.747,2.25,,5.5147
600362,2026-07-23 00:00:00,43.48,45.06,45.85,42.51,91211835.0,4075719400.0,4.395,2.01,,4.669
600362,2026-07-24 00:00:00,42.73,42.5,43.94,42.37,59627543.0,2561574000.0,2.873,-2.56,,-5.6813
600372,2026-07-10 00:00:00,11.27,11.58,11.87,11.12,76667899.0,884769720.0,1.584,0.31,,2.7507
600372,2026-07-13 00:00:00,11.51,11.18,11.51,11.05,53973452.0,605723150.0,1.115,-0.4,,-3.4542
600372,2026-07-14 00:00:00,11.1,11.15,11.18,10.94,32937952.0,364073280.0,0.681,-0.03,,-0.2683
600372,2026-07-15 00:00:00,11.12,11.31,11.33,11.09,29692675.0,333868570.0,0.614,0.16,,1.435
600372,2026-07-16 00:00:00,11.28,11.22,11.33,11.21,25917193.0,292008890.0,0.536,-0.09,,-0.7958
600372,2026-07-17 00:00:00,11.18,10.93,11.27,10.9,35439974.0,393166590.0,0.732,-0.29,,-2.5847
600372,2026-07-20 00:00:00,11.0,11.07,11.12,10.92,30811195.0,339897370.0,0.637,0.14,,1.2809
600372,2026-07-21 00:00:00,11.07,11.28,11.3,11.07,34487219.0,387110930.0,0.713,0.21,,1.897
600372,2026-07-22 00:00:00,11.21,11.23,11.31,11.15,21962880.0,246582180.0,0.454,-0.05,,-0.4433
600372,2026-07-23 00:00:00,11.21,11.32,11.33,11.17,29386937.0,330945220.0,0.607,0.09,,0.8014
600372,2026-07-24 00:00:00,11.23,11.23,11.53,11.22,41019621.0,465727300.0,0.848,-0.09,,-0.7951
600377,2026-07-10 00:00:00,12.12,12.03,12.18,11.91,15228700.0,191393070.0,0.401,-0.09,,-0.7426
600377,2026-07-13 00:00:00,12.03,11.95,12.15,11.89,17184053.0,206268770.0,0.452,-0.08,,-0.665
600377,2026-07-14 00:00:00,12.0,12.18,12.26,11.94,15746000.0,191499550.0,0.414,0.23,,1.9247
600377,2026-07-15 00:00:00,12.1,11.9,12.18,11.79,15617300.0,186106650.0,0.411,-0.28,,-2.2989
600377,2026-07-16 00:00:00,11.87,11.83,11.97,11.74,11114000.0,131344644.0,0.292,-0.07,,-0.5882
600377,2026-07-17 00:00:00,11.85,11.81,11.96,11.79,14253700.0,169319140.0,0.375,-0.02,,-0.1691
600377,2026-07-20 00:00:00,11.85,12.18,12.22,11.81,19193600.0,231772560.0,0.505,0.37,,3.1329
600377,2026-07-21 00:00:00,12.19,12.06,12.47,12.0,22151571.0,270587100.0,0.583,-0.12,,-0.9852
600377,2026-07-22 00:00:00,12.06,12.14,12.14,11.8,13002693.0,155330770.0,0.342,0.08,,0.6633
600377,2026-07-23 00:00:00,12.02,12.2,12.22,11.95,10717729.0,129795713.0,0.282,0.06,,0.4942
600377,2026-07-24 00:00:00,12.21,12.21,12.43,12.19,11508504.0,141510800.0,0.303,0.01,,0.082
600406,2026-07-10 00:00:00,21.74,22.04,22.29,21.53,70265588.0,1546334100.0,0.877,0.3,,1.3799
600406,2026-07-13 00:00:00,22.04,21.7,22.08,21.61,53045986.0,1154198250.0,0.662,-0.34,,-1.5426
600406,2026-07-14 00:00:00,21.72,21.99,22.0,21.42,42757200.0,928456200.0,0.534,0.29,,1.3364
600406,2026-07-15 00:00:00,21.93,22.16,22.29,21.82,36652002.0,810327200.0,0.458,0.17,,0.7731
600406,2026-07-16 00:00:00,22.05,22.1,22.22,21.9,34549510.0,762569890.0,0.431,-0.06,,-0.2708
600406,2026-07-17 00:00:00,22.05,22.19,22.61,22.02,87903577.0,1965331300.0,1.098,0.09,,0.4072
600406,2026-07-20 00:00:00,22.43,23.56,23.57,22.42,160496760.0,3719779500.0,2.004,1.37,,6.174
600406,2026-07-21 00:00:00,23.6,23.8,23.93,23.23,134540210.0,3181526200.0,1.68,0.24,,1.0187
600406,2026-07-22 00:00:00,23.66,23.75,23.8,23.3,73843937.0,1737922500.0,0.922,-0.05,,-0.2101
600406,2026-07-23 00:00:00,23.75,24.37,24.5,23.43,124013806.0,2990209200.0,1.549,0.62,,2.6105
600406,2026-07-24 00:00:00,24.19,23.58,24.37,23.54,88639842.0,2114543700.0,1.107,-0.79,,-3.2417
600415,2026-07-10 00:00:00,9.93,10.17,10.39,9.79,68338390.0,694280240.0,1.246,0.24,,2.4169
600415,2026-07-13 00:00:00,10.13,9.98,10.22,9.95,45358543.0,454631700.0,0.827,-0.19,,-1.8682
600415,2026-07-14 00:00:00,10.05,9.85,10.07,9.71,56527335.0,555399010.0,1.031,-0.13,,-1.3026
600415,2026-07-15 00:00:00,9.8,10.43,10.62,9.76,105867642.0,1090458800.0,1.931,0.58,,5.8883
600415,2026-07-16 00:00:00,10.5,10.89,10.96,10.47,130185716.0,1401936900.0,2.374,0.46,,4.4104
600415,2026-07-17 00:00:00,10.71,10.59,10.93,10.36,101026832.0,1076317540.0,1.842,-0.3,,-2.7548
600415,2026-07-20 00:00:00,10.57,10.86,10.96,10.33,111044785.0,1193336490.0,2.025,0.27,,2.5496
600415,2026-07-21 00:00:00,11.06,11.59,11.88,11.02,183735690.0,2127023300.0,3.351,0.73,,6.7219
600415,2026-07-22 00:00:00,11.37,11.9,12.03,11.35,132441824.0,1564676600.0,2.415,0.31,,2.6747
600415,2026-07-23 00:00:00,11.81,11.25,11.81,11.22,108080431.0,1229415190.0,1.971,-0.65,,-5.4622
600415,2026-07-24 00:00:00,11.45,10.95,11.55,10.82,93113165.0,1029175030.0,1.698,-0.3,,-2.6667
600426,2026-07-10 00:00:00,18.4,18.63,18.99,17.88,48972392.0,907817800.0,1.781,0.23,,1.25
600426,2026-07-13 00:00:00,18.59,18.28,18.84,18.08,45603106.0,832451780.0,1.659,-0.35,,-1.8787
600426,2026-07-14 00:00:00,18.4,18.82,18.99,18.12,55742967.0,1036825450.0,2.027,0.54,,2.954
600426,2026-07-15 00:00:00,18.4,19.03,19.34,18.16,51064793.0,968156670.0,1.857,0.21,,1.1158
600426,2026-07-16 00:00:00,18.94,19.25,19.48,18.88,59462206.0,1144649520.0,2.163,0.22,,1.1561
600426,2026-07-17 00:00:00,19.23,19.35,19.98,19.02,61079440.0,1191379180.0,2.221,0.1,,0.5195
600426,2026-07-20 00:00:00,19.48,20.38,20.58,19.42,71229243.0,1436162600.0,2.591,1.03,,5.323
600426,2026-07-21 00:00:00,20.18,20.38,20.68,19.83,66593479.0,1351530300.0,2.422,0.0,,0.0
600426,2026-07-22 00:00:00,20.21,21.36,21.46,20.05,60499507.0,1270446040.0,2.2,0.98,,4.8086
600426,2026-07-23 00:00:00,21.28,21.42,21.87,20.71,60673184.0,1296101270.0,2.207,0.06,,0.2809
600426,2026-07-24 00:00:00,21.42,20.69,21.86,20.66,41800972.0,882269740.0,1.52,-0.73,,-3.408
600436,2026-07-10 00:00:00,110.0,117.05,119.34,108.72,8328306.0,957155050.0,1.38,7.05,,6.4091
600436,2026-07-13 00:00:00,118.0,125.58,125.66,117.58,13400209.0,1646337500.0,2.221,8.53,,7.2875
600436,2026-07-14 00:00:00,123.0,126.62,129.47,120.4,11761627.0,1482689000.0,1.95,1.04,,0.8282
600436,2026-07-15 00:00:00,123.35,128.32,130.95,123.0,10990475.0,1409116700.0,1.822,1.7,,1.3426
600436,2026-07-16 00:00:00,127.04,141.15,141.15,125.54,17163282.0,2315699000.0,2.845,12.83,,9.9984
600436,2026-07-17 00:00:00,142.75,146.63,152.0,138.11,25870376.0,3756104700.0,4.288,5.48,,3.8824
600436,2026-07-20 00:00:00,136.3,140.02,144.8,132.21,18063362.0,2495559100.0,2.994,-6.61,,-4.5079
600436,2026-07-21 00:00:00,137.11,145.05,147.74,135.0,17578761.0,2516625200.0,2.914,5.03,,3.5923
600436,2026-07-22 00:00:00,142.7,140.0,143.66,137.17,14178891.0,1988445200.0,2.35,-5.05,,-3.4816
600436,2026-07-23 00:00:00,137.98,136.58,140.05,135.87,9354541.0,1282258710.0,1.551,-3.42,,-2.4429
600436,2026-07-24 00:00:00,135.19,130.31,135.57,130.2,9290422.0,1232019940.0,1.54,-6.27,,-4.5907
600438,2026-07-10 00:00:00,11.19,11.36,11.68,11.11,75258713.0,858417150.0,1.672,0.17,,1.5192
600438,2026-07-13 00:00:00,11.31,10.68,11.33,10.67,63491105.0,691344160.0,1.41,-0.68,,-5.9859
600438,2026-07-14 00:00:00,10.71,10.68,10.78,10.52,41176681.0,437290350.0,0.915,0.0,,0.0
600438,2026-07-15 00:00:00,10.56,10.8,11.0,10.51,54881946.0,594663740.0,1.219,0.12,,1.1236
600438,2026-07-16 00:00:00,10.75,10.72,10.92,10.61,38966425.0,419220380.0,0.866,-0.08,,-0.7407
600438,2026-07-17 00:00:00,10.72,10.48,10.85,10.42,54648206.0,578787420.0,1.214,-0.24,,-2.2388
600438,2026-07-20 00:00:00,10.44,10.6,10.67,10.32,51460268.0,540936090.0,1.143,0.12,,1.145
600438,2026-07-21 00:00:00,10.61,10.72,10.74,10.52,54148245.0,575392280.0,1.203,0.12,,1.1321
600438,2026-07-22 00:00:00,10.66,11.09,11.14,10.56,69774621.0,765996090.0,1.55,0.37,,3.4515
600438,2026-07-23 00:00:00,11.0,11.6,11.64,10.98,70702543.0,804266660.0,1.571,0.51,,4.5987
600438,2026-07-24 00:00:00,11.5,11.14,11.62,11.12,41189984.0,466347060.0,0.915,-0.46,,-3.9655
600460,2026-07-10 00:00:00,48.81,44.43,49.88,44.24,185733230.0,8822886000.0,11.161,-4.38,,-8.9736
600460,2026-07-13 00:00:00,43.7,41.85,45.71,41.5,124444506.0,5393350600.0,7.478,-2.58,,-5.8069
600460,2026-07-14 00:00:00,41.42,41.72,42.2,39.25,101922980.0,4182206200.0,6.125,-0.13,,-0.3106
600460,2026-07-15 00:00:00,41.92,38.49,42.14,38.41,96489763.0,3849380100.0,5.798,-3.23,,-7.7421
600460,2026-07-16 00:00:00,37.76,36.14,38.8,35.8,94453201.0,3532836000.0,5.676,-2.35,,-6.1055
600460,2026-07-17 00:00:00,36.02,33.11,36.13,32.77,97300010.0,3347808200.0,5.847,-3.03,,-8.3841
600460,2026-07-20 00:00:00,33.78,29.88,33.99,29.8,110812684.0,3470669500.0,6.659,-3.23,,-9.7554
600460,2026-07-21 00:00:00,30.48,32.87,32.87,27.85,134532750.0,4112902300.0,8.085,2.99,,10.0067
600460,2026-07-22 00:00:00,32.87,33.19,35.16,32.86,151827570.0,5147720500.0,9.124,0.32,,0.9735
600460,2026-07-23 00:00:00,33.72,32.22,33.8,31.74,87643572.0,2852912100.0,5.267,-0.97,,-2.9226
600460,2026-07-24 00:00:00,31.55,31.57,32.71,31.1,70460789.0,2248869300.0,4.234,-0.65,,-2.0174
600482,2026-07-10 00:00:00,33.65,33.05,34.49,33.03,33407016.0,1128213040.0,1.473,-0.6,,-1.7831
600482,2026-07-13 00:00:00,32.7,31.26,32.7,30.75,34651667.0,1088729360.0,1.528,-1.79,,-5.416
600482,2026-07-14 00:00:00,31.3,31.48,31.85,30.38,30376400.0,950142350.0,1.339,0.22,,0.7038
600482,2026-07-15 00:00:00,31.3,30.67,31.75,30.06,24690719.0,760425490.0,1.089,-0.81,,-2.5731
600482,2026-07-16 00:00:00,30.15,29.3,30.38,29.16,24141297.0,717899480.0,1.064,-1.37,,-4.4669
600482,2026-07-17 00:00:00,29.0,28.0,29.3,27.37,32308086.0,910247360.0,1.424,-1.3,,-4.4369
600482,2026-07-20 00:00:00,28.28,28.68,29.49,28.13,34793943.0,1003782760.0,1.534,0.68,,2.4286
600482,2026-07-21 00:00:00,29.2,28.84,29.2,28.21,26559537.0,765261050.0,1.171,0.16,,0.5579
600482,2026-07-22 00:00:00,28.97,29.76,30.59,28.65,32413528.0,967926940.0,1.429,0.92,,3.19
600482,2026-07-23 00:00:00,30.2,30.65,31.1,29.61,24931525.0,758230540.0,1.099,0.89,,2.9906
600482,2026-07-24 00:00:00,30.39,29.57,30.39,29.54,15964226.0,476488920.0,0.704,-1.08,,-3.5237
600489,2026-07-10 00:00:00,20.1,20.34,21.06,19.71,85907547.0,1747419600.0,1.772,0.24,,1.194
600489,2026-07-13 00:00:00,19.81,19.67,20.09,19.52,66616442.0,1316363830.0,1.374,-0.67,,-3.294
600489,2026-07-14 00:00:00,19.09,20.47,20.62,18.95,93188539.0,1845782300.0,1.923,0.8,,4.0671
600489,2026-07-15 00:00:00,20.39,20.12,20.65,19.9,72877834.0,1475626100.0,1.504,-0.35,,-1.7098
600489,2026-07-16 00:00:00,19.99,19.99,20.57,19.84,77382838.0,1561469900.0,1.596,-0.13,,-0.6461
600489,2026-07-17 00:00:00,19.5,19.06,19.63,18.69,104864417.0,2002379700.0,2.163,-0.93,,-4.6523
600489,2026-07-20 00:00:00,19.09,19.53,19.83,19.0,90932110.0,1768286700.0,1.876,0.47,,2.4659
600489,2026-07-21 00:00:00,19.83,20.78,20.85,19.75,110257123.0,2236722800.0,2.275,1.25,,6.4004
600489,2026-07-22 00:00:00,21.28,22.11,22.58,21.22,149932270.0,3314812400.0,3.093,1.33,,6.4004
600489,2026-07-23 00:00:00,22.3,22.45,23.17,21.91,112707276.0,2542713200.0,2.325,0.34,,1.5378
600489,2026-07-24 00:00:00,21.4,21.36,22.18,21.3,86416390.0,1870763400.0,1.783,-1.09,,-4.8552
600515,2026-07-10 00:00:00,2.71,2.81,2.84,2.67,142984220.0,398213490.0,1.558,0.1,,3.69
600515,2026-07-13 00:00:00,2.79,2.69,2.82,2.67,134550000.0,365388470.0,1.466,-0.12,,-4.2705
600515,2026-07-14 00:00:00,2.67,2.72,2.73,2.66,87871954.0,237180410.0,0.958,0.03,,1.1152
600515,2026-07-15 00:00:00,2.71,2.79,2.83,2.7,143245590.0,400437890.0,1.561,0.07,,2.5735
600515,2026-07-16 00:00:00,2.78,2.81,2.84,2.75,101529077.0,284919160.0,1.107,0.02,,0.7168
600515,2026-07-17 00:00:00,2.81,2.72,2.85,2.72,118688773.0,328724280.0,1.294,-0.09,,-3.2028
600515,2026-07-20 00:00:00,2.72,2.77,2.79,2.71,110490868.0,304358960.0,1.204,0.05,,1.8382
600515,2026-07-21 00:00:00,2.77,2.76,2.82,2.75,115831651.0,321798660.0,1.262,-0.01,,-0.361
600515,2026-07-22 00:00:00,2.75,2.79,2.8,2.73,94226067.0,261229350.0,1.027,0.03,,1.087
600515,2026-07-23 00:00:00,2.78,2.83,2.84,2.76,86617111.0,243484730.0,0.944,0.04,,1.4337
600515,2026-07-24 00:00:00,2.81,2.73,2.84,2.73,96332177.0,267108350.0,1.05,-0.1,,-3.5336
600519,2026-07-10 00:00:00,1182.2,1204.98,1204.98,1170.28,5221255.0,6223343600.0,0.418,22.78,,1.9269
600519,2026-07-13 00:00:00,1197.12,1210.99,1215.0,1190.19,4198257.0,5056689600.0,0.336,6.01,,0.4988
600519,2026-07-14 00:00:00,1208.99,1214.88,1226.87,1205.0,4352726.0,5294785000.0,0.348,3.89,,0.3212
600519,2026-07-15 00:00:00,1203.66,1251.06,1256.6,1198.66,7194371.0,8922861400.0,0.576,36.18,,2.9781
600519,2026-07-16 00:00:00,1252.0,1258.99,1267.97,1245.05,4761114.0,5987570900.0,0.381,7.93,,0.6339
600519,2026-07-17 00:00:00,1269.01,1253.0,1269.33,1238.98,5841730.0,7322732700.0,0.467,-5.99,,-0.4758
600519,2026-07-20 00:00:00,1270.0,1327.5,1329.0,1266.0,10615115.0,13898351000.0,0.849,74.5,,5.9457
600519,2026-07-21 00:00:00,1338.98,1308.0,1344.7,1296.87,7714770.0,10174304100.0,0.617,-19.5,,-1.4689
600519,2026-07-22 00:00:00,1300.0,1305.0,1308.0,1283.24,6518140.0,8431141800.0,0.521,-3.0,,-0.2294
600519,2026-07-23 00:00:00,1299.8,1292.01,1303.0,1285.43,3391769.0,4392505600.0,0.271,-12.99,,-0.9954
600519,2026-07-24 00:00:00,1305.0,1297.41,1309.21,1286.2,3569892.0,4622242900.0,0.286,5.4,,0.418
600522,2026-07-10 00:00:00,47.08,45.65,49.52,45.63,318389240.0,15248746000.0,9.329,-1.43,,-3.0374
600522,2026-07-13 00:00:00,44.62,41.06,45.42,41.06,255104870.0,10928950500.0,7.475,-4.59,,-10.0548
600522,2026-07-14 00:00:00,40.74,42.59,42.6,39.74,237442710.0,9868893500.0,6.957,1.53,,3.7263
600522,2026-07-15 00:00:00,42.87,40.7,43.37,40.55,210332880.0,8835275700.0,6.163,-1.89,,-4.4377
600522,2026-07-16 00:00:00,39.51,37.39,40.33,36.9,235341260.0,9070632600.0,6.896,-3.31,,-8.1327
600522,2026-07-17 00:00:00,37.13,33.65,37.8,33.65,262364800.0,9162742700.0,7.687,-3.74,,-10.0027
600522,2026-07-20 00:00:00,34.72,32.22,35.21,30.98,294546560.0,9807350600.0,8.63,-1.43,,-4.2496
600522,2026-07-21 00:00:00,32.86,34.63,34.73,29.0,409442090.0,13037775600.0,11.997,2.41,,7.4798
600522,2026-07-22 00:00:00,34.0,32.5,34.85,32.27,304270840.0,10259349800.0,8.915,-2.13,,-6.1507
600522,2026-07-23 00:00:00,33.02,32.99,33.99,32.32,210422040.0,6973384600.0,6.165,0.49,,1.5077
600522,2026-07-24 00:00:00,32.55,31.39,32.69,31.18,168995040.0,5378377400.0,4.952,-1.6,,-4.85
600547,2026-07-10 00:00:00,24.5,24.96,25.96,23.98,78924803.0,1969727400.0,2.184,0.46,,1.8776
600547,2026-07-13 00:00:00,24.35,23.96,24.54,23.88,53078505.0,1281254040.0,1.469,-1.0,,-4.0064
600547,2026-07-14 00:00:00,23.31,25.26,25.3,23.23,74897621.0,1824274800.0,2.072,1.3,,5.4257
600547,2026-07-15 00:00:00,25.2,24.69,25.49,24.44,53999886.0,1341840620.0,1.494,-0.57,,-2.2565
600547,2026-07-16 00:00:00,24.39,24.76,25.5,24.3,55990084.0,1393073900.0,1.549,0.07,,0.2835
600547,2026-07-17 00:00:00,24.31,23.76,24.55,23.26,84995541.0,2014235600.0,2.352,-1.0,,-4.0388
600547,2026-07-20 00:00:00,23.65,24.42,24.55,23.54,69191207.0,1669122000.0,1.914,0.66,,2.7778
600547,2026-07-21 00:00:00,24.6,25.87,26.08,24.4,96524499.0,2428276700.0,2.671,1.45,,5.9378
600547,2026-07-22 00:00:00,26.21,27.4,27.65,26.21,132895302.0,3610969000.0,3.677,1.53,,5.9142
600547,2026-07-23 00:00:00,27.26,27.42,28.09,27.0,105713042.0,2906878400.0,2.925,0.02,,0.073
600547,2026-07-24 00:00:00,26.41,25.94,26.86,25.87,82228481.0,2166534900.0,2.275,-1.48,,-5.3975
600570,2026-07-10 00:00:00,21.08,21.32,21.95,20.65,35554746.0,762396490.0,1.878,0.24,,1.1385
600570,2026-07-13 00:00:00,21.2,20.76,21.38,20.63,25788667.0,539089890.0,1.362,-0.56,,-2.6266
600570,2026-07-14 00:00:00,20.7,20.51,20.86,20.06,26324761.0,536430180.0,1.39,-0.25,,-1.2042
600570,2026-07-15 00:00:00,20.2,20.85,20.96,20.19,25660157.0,532246430.0,1.355,0.34,,1.6577
600570,2026-07-16 00:00:00,20.57,20.91,21.27,20.51,24909365.0,521089290.0,1.315,0.06,,0.2878
600570,2026-07-17 00:00:00,20.89,20.06,21.15,20.04,33962562.0,694688120.0,1.794,-0.85,,-4.065
600570,2026-07-20 00:00:00,20.22,20.64,20.91,20.18,34462624.0,706113650.0,1.82,0.58,,2.8913
600570,2026-07-21 00:00:00,20.7,21.48,21.85,20.69,44739942.0,957022140.0,2.363,0.84,,4.0698
600570,2026-07-22 00:00:00,21.31,21.52,21.8,21.05,34868360.0,749130030.0,1.841,0.04,,0.1862
600570,2026-07-23 00:00:00,21.5,21.51,21.53,21.21,19841658.0,424110030.0,1.048,-0.01,,-0.0465
600570,2026-07-24 00:00:00,21.3,20.78,21.38,20.75,20756564.0,436333910.0,1.096,-0.73,,-3.3938
600584,2026-07-10 00:00:00,108.88,101.11,113.87,101.11,305852850.0,33213191000.0,17.092,-7.77,,-7.1363
600584,2026-07-13 00:00:00,98.12,99.05,106.66,98.12,243121890.0,25012154000.0,13.587,-2.06,,-2.0374
600584,2026-07-14 00:00:00,98.0,102.7,103.28,91.65,278263190.0,27424670000.0,15.551,3.65,,3.685
600584,2026-07-15 00:00:00,105.0,92.46,105.05,92.43,238580980.0,22966900000.0,13.333,-10.24,,-9.9708
600584,2026-07-16 00:00:00,87.46,83.21,90.41,83.21,185426440.0,15886101000.0,10.362,-9.25,,-10.0043
600584,2026-07-17 00:00:00,82.0,85.49,90.15,77.71,252546380.0,20781603000.0,14.113,2.28,,2.7401
600584,2026-07-20 00:00:00,86.0,76.99,86.99,76.94,201899740.0,16284351000.0,11.283,-8.5,,-9.9427
600584,2026-07-21 00:00:00,76.7,84.69,84.69,69.29,268854170.0,20904685000.0,15.025,7.7,,10.0013
600584,2026-07-22 00:00:00,84.0,85.78,89.88,82.66,257780880.0,22454664000.0,14.406,1.09,,1.287
600584,2026-07-23 00:00:00,85.78,80.81,86.88,80.3,168530330.0,13953018000.0,9.418,-4.97,,-5.7939
600584,2026-07-24 00:00:00,78.02,82.9,84.8,78.02,172161390.0,14208029000.0,9.621,2.09,,2.5863
600585,2026-07-10 00:00:00,16.7,17.11,17.27,16.59,31373102.0,533544940.0,0.784,0.41,,2.4551
600585,2026-07-13 00:00:00,17.02,16.99,17.15,16.88,22951851.0,389574010.0,0.574,-0.12,,-0.7013
600585,2026-07-14 00:00:00,16.93,16.87,16.98,16.66,37174792.0,623308120.0,0.935,-0.12,,-0.7063
600585,2026-07-15 00:00:00,16.81,17.65,17.68,16.76,48709472.0,844341980.0,1.225,0.78,,4.6236
600585,2026-07-16 00:00:00,17.54,17.55,17.69,17.26,30183245.0,527161020.0,0.759,-0.1,,-0.5666
600585,2026-07-17 00:00:00,17.52,17.67,17.9,17.47,39571656.0,699871310.0,0.995,0.12,,0.6838
600585,2026-07-20 00:00:00,17.49,17.82,17.84,17.41,42585046.0,753879050.0,1.071,0.15,,0.8489
600585,2026-07-21 00:00:00,17.8,17.59,18.14,17.53,49887887.0,887507680.0,1.254,-0.23,,-1.2907
600585,2026-07-22 00:00:00,17.59,17.85,17.89,17.32,32342929.0,570796860.0,0.813,0.26,,1.4781
600585,2026-07-23 00:00:00,17.7,18.15,18.16,17.61,31895748.0,572920610.0,0.802,0.3,,1.6807
600585,2026-07-24 00:00:00,18.08,17.77,18.2,17.76,21170175.0,379701820.0,0.532,-0.38,,-2.0937
600588,2026-07-10 00:00:00,9.35,9.67,10.1,9.26,75884439.0,740736430.0,2.221,0.32,,3.4225
600588,2026-07-13 00:00:00,9.55,9.36,9.74,9.2,59177619.0,557560780.0,1.732,-0.31,,-3.2058
600588,2026-07-14 00:00:00,9.4,9.2,9.44,8.96,57736647.0,526577700.0,1.69,-0.16,,-1.7094
600588,2026-07-15 00:00:00,9.1,9.31,9.47,9.08,48157153.0,449103250.0,1.409,0.11,,1.1957
600588,2026-07-16 00:00:00,9.26,9.36,9.51,9.13,52277772.0,489645770.0,1.53,0.05,,0.5371
600588,2026-07-17 00:00:00,9.32,8.82,9.42,8.8,67911749.0,612416830.0,1.988,-0.54,,-5.7692
600588,2026-07-20 00:00:00,8.93,9.14,9.23,8.86,65737330.0,592489200.0,1.924,0.32,,3.6281
600588,2026-07-21 00:00:00,9.06,9.34,9.47,9.06,66082532.0,611424370.0,1.934,0.2,,2.1882
600588,2026-07-22 00:00:00,9.28,9.56,9.97,9.23,86665721.0,833474300.0,2.536,0.22,,2.3555
600588,2026-07-23 00:00:00,9.5,9.45,9.55,9.26,44129897.0,412579950.0,1.292,-0.11,,-1.1506
600588,2026-07-24 00:00:00,9.3,8.97,9.3,8.96,50002250.0,454298490.0,1.463,-0.48,,-5.0794
600600,2026-07-10 00:00:00,50.45,51.15,51.32,50.03,5911118.0,314497980.0,0.834,0.7,,1.3875
600600,2026-07-13 00:00:00,50.94,51.31,51.53,50.55,4874853.0,260752090.0,0.687,0.16,,0.3128
600600,2026-07-14 00:00:00,51.33,51.48,51.64,50.9,5747516.0,308687300.0,0.811,0.17,,0.3313
600600,2026-07-15 00:00:00,51.38,52.59,52.87,51.05,10273145.0,561878980.0,1.449,1.11,,2.1562
600600,2026-07-16 00:00:00,52.17,52.86,53.07,52.0,8484569.0,446349120.0,1.197,0.27,,0.5134
600600,2026-07-17 00:00:00,52.75,52.51,53.36,52.37,6984108.0,368941270.0,0.985,-0.35,,-0.6621
600600,2026-07-20 00:00:00,52.53,54.05,54.11,52.53,10653837.0,571780100.0,1.502,1.54,,2.9328
600600,2026-07-21 00:00:00,54.0,53.56,55.22,53.33,11691017.0,634135070.0,1.649,-0.49,,-0.9066
600600,2026-07-22 00:00:00,53.21,53.84,53.95,52.52,8034395.0,426948860.0,1.133,0.28,,0.5228
600600,2026-07-23 00:00:00,53.58,53.85,54.04,53.05,4561440.0,244600910.0,0.643,0.01,,0.0186
600600,2026-07-24 00:00:00,53.63,52.82,53.98,52.77,3832056.0,204019600.0,0.54,-1.03,,-1.9127
600660,2026-07-10 00:00:00,50.58,50.79,51.63,49.89,11495420.0,585248560.0,0.574,0.21,,0.4152
600660,2026-07-13 00:00:00,50.61,51.0,51.04,49.86,13147171.0,663319240.0,0.656,0.21,,0.4135
600660,2026-07-14 00:00:00,50.44,50.7,50.7,49.98,7832665.0,394574650.0,0.391,-0.3,,-0.5882
600660,2026-07-15 00:00:00,50.9,52.9,53.27,50.58,17368973.0,912382340.0,0.867,2.2,,4.3393
600660,2026-07-16 00:00:00,52.8,53.0,53.68,52.11,13130967.0,695521920.0,0.656,0.1,,0.189
600660,2026-07-17 00:00:00,53.74,53.88,54.39,53.13,20392866.0,1100650350.0,1.018,0.88,,1.6604
600660,2026-07-20 00:00:00,53.74,54.94,54.96,53.56,16048497.0,874948400.0,0.801,1.06,,1.9673
600660,2026-07-21 00:00:00,54.98,54.8,56.66,54.17,18047840.0,998730520.0,0.901,-0.14,,-0.2548
600660,2026-07-22 00:00:00,54.28,55.69,55.8,54.03,15954750.0,878989730.0,0.797,0.89,,1.6241
600660,2026-07-23 00:00:00,55.14,56.41,56.53,55.0,11615788.0,652438840.0,0.58,0.72,,1.2929
600660,2026-07-24 00:00:00,56.4,55.67,56.8,55.57,7724914.0,431949770.0,0.386,-0.74,,-1.3118
600674,2026-07-10 00:00:00,14.65,14.67,14.74,14.33,37837618.0,550819220.0,0.776,0.02,,0.1365
600674,2026-07-13 00:00:00,14.61,15.1,15.13,14.58,53601210.0,800725530.0,1.1,0.43,,2.9312
600674,2026-07-14 00:00:00,15.0,15.3,15.33,14.95,52371922.0,794924170.0,1.074,0.2,,1.3245
600674,2026-07-15 00:00:00,15.26,15.62,15.67,15.22,52096042.0,810847270.0,1.069,0.32,,2.0915
600674,2026-07-16 00:00:00,15.57,15.47,15.72,15.35,50418012.0,782180530.0,1.034,-0.15,,-0.9603
600674,2026-07-17 00:00:00,15.45,15.79,15.89,15.4,70901218.0,1115543700.0,1.455,0.32,,2.0685
600674,2026-07-20 00:00:00,15.62,16.18,16.24,15.61,80438694.0,1286063080.0,1.65,0.39,,2.4699
600674,2026-07-21 00:00:00,16.2,16.15,16.49,15.98,65477121.0,1060559540.0,1.343,-0.03,,-0.1854
600674,2026-07-22 00:00:00,16.03,16.29,16.3,15.88,51075558.0,822605620.0,1.048,0.14,,0.8669
600674,2026-07-23 00:00:00,16.26,16.36,16.44,16.19,40289360.0,658714940.0,0.827,0.07,,0.4297
600674,2026-07-24 00:00:00,16.44,16.08,16.46,16.05,39050544.0,635501920.0,0.801,-0.28,,-1.7115
600690,2026-07-10 00:00:00,20.0,20.35,20.37,19.66,49171365.0,988919720.0,0.786,0.35,,1.75
600690,2026-07-13 00:00:00,20.18,20.25,20.35,20.08,37484802.0,756870730.0,0.6,-0.1,,-0.4914
600690,2026-07-14 00:00:00,20.21,20.33,20.39,20.02,39265604.0,793634370.0,0.628,0.08,,0.3951
600690,2026-07-15 00:00:00,20.21,21.02,21.11,20.15,78529919.0,1631007800.0,1.256,0.69,,3.394
600690,2026-07-16 00:00:00,20.92,21.11,21.34,20.89,53330966.0,1124072860.0,0.853,0.09,,0.4282
600690,2026-07-17 00:00:00,21.05,20.95,21.25,20.86,45033860.0,947064200.0,0.72,-0.16,,-0.7579
600690,2026-07-20 00:00:00,20.95,21.46,21.48,20.94,56000571.0,1194074370.0,0.896,0.51,,2.4344
600690,2026-07-21 00:00:00,21.45,21.85,22.32,21.35,94521945.0,2074448900.0,1.512,0.39,,1.8173
600690,2026-07-22 00:00:00,21.76,21.92,21.92,21.54,49076302.0,1067884010.0,0.785,0.07,,0.3204
600690,2026-07-23 00:00:00,21.78,21.86,21.88,21.62,30383675.0,662269330.0,0.486,-0.06,,-0.2737
600690,2026-07-24 00:00:00,21.72,21.76,21.86,21.58,42908337.0,932415750.0,0.686,-0.1,,-0.4575
600741,2026-07-10 00:00:00,15.8,15.96,16.13,15.62,14260241.0,227015880.0,0.452,0.16,,1.0127
600741,2026-07-13 00:00:00,15.9,15.95,16.01,15.76,14643964.0,232746330.0,0.465,-0.01,,-0.0627
600741,2026-07-14 00:00:00,15.9,16.15,16.15,15.81,13943234.0,223063830.0,0.442,0.2,,1.2539
600741,2026-07-15 00:00:00,16.2,16.64,16.71,16.1,25412222.0,418313330.0,0.806,0.49,,3.0341
600741,2026-07-16 00:00:00,16.57,16.78,17.05,16.5,21145285.0,356311100.0,0.671,0.14,,0.8413
600741,2026-07-17 00:00:00,16.79,16.89,17.14,16.77,24087570.0,408291860.0,0.764,0.11,,0.6555
600741,2026-07-20 00:00:00,16.89,17.05,17.27,16.82,23512900.0,400463620.0,0.746,0.16,,0.9473
600741,2026-07-21 00:00:00,17.05,17.24,17.68,16.98,38903685.0,675845750.0,1.234,0.19,,1.1144
600741,2026-07-22 00:00:00,17.4,17.2,17.4,16.98,16974753.0,290878410.0,0.538,-0.04,,-0.232
600741,2026-07-23 00:00:00,17.15,17.2,17.32,17.08,16844011.0,289803340.0,0.534,0.0,,0.0
600741,2026-07-24 00:00:00,17.2,17.35,17.44,17.07,20821430.0,359861660.0,0.66,0.15,,0.8721
600760,2026-07-10 00:00:00,39.53,40.35,41.35,39.25,22686437.0,916372350.0,0.802,0.82,,2.0744
600760,2026-07-13 00:00:00,40.2,39.12,40.2,38.91,17450990.0,685086640.0,0.617,-1.23,,-3.0483
600760,2026-07-14 00:00:00,38.99,38.86,39.06,38.38,11123195.0,430253730.0,0.393,-0.26,,-0.6646
600760,2026-07-15 00:00:00,38.33,39.79,40.15,38.0,20791863.0,820333570.0,0.735,0.93,,2.3932
600760,2026-07-16 00:00:00,39.61,39.95,40.09,39.5,12211338.0,486359480.0,0.432,0.16,,0.4021
600760,2026-07-17 00:00:00,39.8,40.21,40.73,39.66,20306023.0,820502750.0,0.718,0.26,,0.6508
600760,2026-07-20 00:00:00,40.59,41.99,42.27,40.5,29227491.0,1221181060.0,1.033,1.78,,4.4268
600760,2026-07-21 00:00:00,42.56,42.12,42.98,41.8,25559277.0,1084877810.0,0.903,0.13,,0.3096
600760,2026-07-22 00:00:00,41.92,42.74,42.95,41.6,17948244.0,762323090.0,0.634,0.62,,1.472
600760,2026-07-23 00:00:00,42.74,43.34,43.6,42.3,18617766.0,802060880.0,0.658,0.6,,1.4038
600760,2026-07-24 00:00:00,43.8,43.3,43.99,42.94,20048667.0,872468100.0,0.709,-0.04,,-0.0923
600795,2026-07-10 00:00:00,4.58,4.62,4.64,4.52,159062900.0,752640190.0,0.892,0.04,,0.8734
600795,2026-07-13 00:00:00,4.63,4.67,4.68,4.62,113081617.0,525544660.0,0.634,0.05,,1.0823
600795,2026-07-14 00:00:00,4.66,4.76,4.76,4.65,118256334.0,557088210.0,0.663,0.09,,1.9272
600795,2026-07-15 00:00:00,4.72,4.74,4.75,4.69,102143542.0,482716280.0,0.573,-0.02,,-0.4202
600795,2026-07-16 00:00:00,4.73,4.67,4.75,4.65,107563172.0,503801580.0,0.603,-0.07,,-1.4768
600795,2026-07-17 00:00:00,4.66,4.75,4.8,4.66,216791530.0,1030748300.0,1.216,0.08,,1.7131
600795,2026-07-20 00:00:00,4.75,4.88,4.9,4.72,232734450.0,1123304310.0,1.305,0.13,,2.7368
600795,2026-07-21 00:00:00,4.88,4.85,4.93,4.8,193773010.0,941109740.0,1.086,-0.03,,-0.6148
600795,2026-07-22 00:00:00,4.83,4.9,4.9,4.81,164052010.0,796999760.0,0.92,0.05,,1.0309
600795,2026-07-23 00:00:00,4.94,5.04,5.05,4.92,247230960.0,1238547120.0,1.386,0.14,,2.8571
600795,2026-07-24 00:00:00,5.01,4.93,5.05,4.92,151503510.0,754264960.0,0.849,-0.11,,-2.1825
600803,2026-07-10 00:00:00,15.4,15.5,15.66,15.15,9062733.0,139797600.0,0.295,0.1,,0.6494
600803,2026-07-13 00:00:00,15.6,15.97,16.12,15.55,11966831.0,190929060.0,0.39,0.47,,3.0323
600803,2026-07-14 00:00:00,16.26,16.02,16.33,15.8,10303777.0,164907700.0,0.335,0.05,,0.3131
600803,2026-07-15 00:00:00,15.91,16.31,16.42,15.85,6934390.0,112787738.0,0.226,0.29,,1.8102
600803,2026-07-16 00:00:00,16.47,16.3,16.57,16.11,7177471.0,116957755.0,0.234,-0.01,,-0.0613
600803,2026-07-17 00:00:00,16.28,16.31,16.67,16.27,8569792.0,141284750.0,0.279,0.01,,0.0613
600803,2026-07-20 00:00:00,16.31,16.93,17.08,16.3,12291443.0,206734110.0,0.4,0.62,,3.8013
600803,2026-07-21 00:00:00,16.88,16.98,17.44,16.71,13332250.0,227533130.0,0.434,0.05,,0.2953
600803,2026-07-22 00:00:00,16.97,17.09,17.12,16.66,8653985.0,146421200.0,0.282,0.11,,0.6478
600803,2026-07-23 00:00:00,17.1,17.67,17.74,17.1,9902900.0,172906080.0,0.322,0.58,,3.3938
600803,2026-07-24 00:00:00,17.68,17.21,17.95,17.19,6914149.0,120731191.0,0.225,-0.46,,-2.6033
600809,2026-07-10 00:00:00,105.0,110.3,111.3,103.64,18416049.0,2003136300.0,1.51,5.3,,5.0476
600809,2026-07-13 00:00:00,109.5,109.56,110.58,108.58,8308059.0,909211650.0,0.681,-0.74,,-0.6709
600809,2026-07-14 00:00:00,109.98,110.5,110.9,108.35,7754523.0,848160380.0,0.636,0.94,,0.858
600809,2026-07-15 00:00:00,108.4,118.25,119.6,108.22,20690230.0,2399840500.0,1.696,7.75,,7.0136
600809,2026-07-16 00:00:00,117.26,119.15,120.75,117.07,13362639.0,1590732500.0,1.095,0.9,,0.7611
600809,2026-07-17 00:00:00,119.15,116.24,120.5,116.11,10943215.0,1286938430.0,0.897,-2.91,,-2.4423
600809,2026-07-20 00:00:00,117.0,122.43,123.17,117.0,16740018.0,2028429700.0,1.372,6.19,,5.3252
600809,2026-07-21 00:00:00,122.77,121.09,125.23,120.44,16639007.0,2034161800.0,1.364,-1.34,,-1.0945
600809,2026-07-22 00:00:00,119.12,125.0,125.0,119.02,13822348.0,1691436400.0,1.133,3.91,,3.229
600809,2026-07-23 00:00:00,124.58,122.98,124.85,120.36,11154708.0,1362489700.0,0.914,-2.02,,-1.616
600809,2026-07-24 00:00:00,123.95,120.56,123.95,119.89,7782229.0,940314420.0,0.638,-2.42,,-1.9678
600845,2026-07-10 00:00:00,19.82,20.0,20.39,19.5,33527736.0,668578270.0,1.571,0.18,,0.9082
600845,2026-07-13 00:00:00,20.15,20.14,20.58,19.52,30388394.0,611097820.0,1.424,0.14,,0.7
600845,2026-07-14 00:00:00,19.95,18.7,19.96,18.58,33403068.0,633580100.0,1.565,-1.44,,-7.15
600845,2026-07-15 00:00:00,18.7,18.84,19.01,18.57,18667317.0,350867580.0,0.875,0.14,,0.7487
600845,2026-07-16 00:00:00,18.59,19.04,19.36,18.59,19162891.0,366216610.0,0.898,0.2,,1.0616
600845,2026-07-17 00:00:00,18.87,18.65,19.2,18.44,21326729.0,401484920.0,0.999,-0.39,,-2.0483
600845,2026-07-20 00:00:00,18.82,18.72,19.01,18.3,19813085.0,369409780.0,0.928,0.07,,0.3753
600845,2026-07-21 00:00:00,18.66,19.02,19.15,18.51,22024865.0,417284430.0,1.032,0.3,,1.6026
600845,2026-07-22 00:00:00,18.85,18.59,19.08,18.55,21771462.0,408723180.0,1.02,-0.43,,-2.2608
600845,2026-07-23 00:00:00,18.44,17.87,18.6,17.73,27041394.0,484563230.0,1.267,-0.72,,-3.8731
600845,2026-07-24 00:00:00,17.53,17.46,17.82,17.43,12854235.0,226581900.0,0.602,-0.41,,-2.2943
600875,2026-07-10 00:00:00,27.72,27.61,28.8,27.51,56059722.0,1605245500.0,2.477,-0.11,,-0.3968
600875,2026-07-13 00:00:00,27.62,26.37,27.89,26.28,47779123.0,1304356590.0,2.111,-1.24,,-4.4911
600875,2026-07-14 00:00:00,26.12,26.85,26.85,25.32,53794974.0,1427165500.0,2.377,0.48,,1.8203
600875,2026-07-15 00:00:00,26.58,25.92,26.68,25.83,36677308.0,977434000.0,1.621,-0.93,,-3.4637
600875,2026-07-16 00:00:00,25.7,25.29,26.15,25.17,42893446.0,1121062550.0,1.895,-0.63,,-2.4306
600875,2026-07-17 00:00:00,25.29,24.34,25.43,24.07,44067835.0,1114102270.0,1.947,-0.95,,-3.7564
600875,2026-07-20 00:00:00,24.47,24.66,25.26,24.07,51093811.0,1289922700.0,2.257,0.32,,1.3147
600875,2026-07-21 00:00:00,24.85,25.65,25.94,24.35,56753095.0,1458491900.0,2.508,0.99,,4.0146
600875,2026-07-22 00:00:00,25.62,25.61,26.18,25.31,44361893.0,1164742270.0,1.96,-0.04,,-0.1559
600875,2026-07-23 00:00:00,26.34,27.22,27.27,26.08,85950828.0,2347714300.0,3.798,1.61,,6.2866
600875,2026-07-24 00:00:00,26.65,25.58,26.7,25.53,53514156.0,1390855900.0,2.364,-1.64,,-6.025
600886,2026-07-10 00:00:00,13.65,13.73,13.79,13.45,33267947.0,453406930.0,0.446,0.08,,0.5861
600886,2026-07-13 00:00:00,13.68,13.98,14.02,13.66,43511663.0,605188380.0,0.584,0.25,,1.8208
600886,2026-07-14 00:00:00,13.92,14.23,14.25,13.89,45729625.0,644919960.0,0.614,0.25,,1.7883
600886,2026-07-15 00:00:00,14.15,14.54,14.57,14.11,50288649.0,725829420.0,0.675,0.31,,2.1785
600886,2026-07-16 00:00:00,14.5,14.49,14.69,14.4,73757226.0,1070942330.0,0.99,-0.05,,-0.3439
600886,2026-07-17 00:00:00,14.48,14.76,14.88,14.44,83643048.0,1232818970.0,1.122,0.27,,1.8634
600886,2026-07-20 00:00:00,14.61,14.95,14.98,14.59,79673621.0,1183414200.0,1.069,0.19,,1.2873
600886,2026-07-21 00:00:00,15.03,15.03,15.46,14.74,78347745.0,1184390580.0,1.051,0.08,,0.5351
600886,2026-07-22 00:00:00,14.9,15.3,15.4,14.87,65934572.0,1001650870.0,0.885,0.27,,1.7964
600886,2026-07-23 00:00:00,15.33,15.12,15.35,15.07,55808994.0,847454160.0,0.749,-0.18,,-1.1765
600886,2026-07-24 00:00:00,15.2,14.82,15.2,14.78,60622656.0,908689340.0,0.813,-0.3,,-1.9841
600887,2026-07-10 00:00:00,24.8,24.88,24.9,24.38,70410517.0,1738990100.0,1.119,0.08,,0.3226
600887,2026-07-13 00:00:00,24.66,25.03,25.18,24.52,59559387.0,1483719700.0,0.946,0.15,,0.6029
600887,2026-07-14 00:00:00,24.92,25.28,25.33,24.91,54182551.0,1362876800.0,0.861,0.25,,0.9988
600887,2026-07-15 00:00:00,25.1,25.93,25.98,25.05,76805418.0,1975868600.0,1.22,0.65,,2.5712
600887,2026-07-16 00:00:00,25.93,26.03,26.25,25.76,59565204.0,1550440900.0,0.946,0.1,,0.3857
600887,2026-07-17 00:00:00,26.15,26.11,26.44,26.03,67180326.0,1760922600.0,1.067,0.08,,0.3073
600887,2026-07-20 00:00:00,26.02,27.0,27.0,26.0,100746344.0,2696156200.0,1.601,0.89,,3.4087
600887,2026-07-21 00:00:00,27.31,27.07,27.68,26.92,115257956.0,3139262600.0,1.831,0.07,,0.2593
600887,2026-07-22 00:00:00,26.91,27.38,27.38,26.8,71216454.0,1930644200.0,1.132,0.31,,1.1452
600887,2026-07-23 00:00:00,27.5,27.23,27.5,27.02,59740540.0,1626183200.0,0.949,-0.15,,-0.5478
600887,2026-07-24 00:00:00,27.48,27.04,27.48,26.88,57118637.0,1546192400.0,0.908,-0.19,,-0.6978
600893,2026-07-10 00:00:00,35.7,35.77,37.61,35.25,53813071.0,1963673900.0,2.019,0.07,,0.1961
600893,2026-07-13 00:00:00,35.76,33.13,35.76,33.0,53074760.0,1790688700.0,1.992,-2.64,,-7.3805
600893,2026-07-14 00:00:00,32.9,32.82,33.11,31.86,36389071.0,1179043830.0,1.365,-0.31,,-0.9357
600893,2026-07-15 00:00:00,33.4,33.7,35.17,33.38,52066455.0,1795640100.0,1.954,0.88,,2.6813
600893,2026-07-16 00:00:00,33.43,33.4,34.53,33.3,32143927.0,1087111290.0,1.206,-0.3,,-0.8902
600893,2026-07-17 00:00:00,33.25,32.33,33.56,32.17,31900685.0,1047704700.0,1.197,-1.07,,-3.2036
600893,2026-07-20 00:00:00,32.78,33.15,33.86,32.3,40440773.0,1336402990.0,1.517,0.82,,2.5363
600893,2026-07-21 00:00:00,33.17,33.79,33.83,32.81,38166979.0,1272548330.0,1.432,0.64,,1.9306
600893,2026-07-22 00:00:00,33.51,33.92,34.72,33.15,29156022.0,990271540.0,1.094,0.13,,0.3847
600893,2026-07-23 00:00:00,33.95,35.6,35.73,33.95,40891790.0,1432313700.0,1.534,1.68,,4.9528
600893,2026-07-24 00:00:00,35.23,34.6,35.82,34.56,27326538.0,960616740.0,1.025,-1.0,,-2.809
600900,2026-07-10 00:00:00,26.96,27.24,27.33,26.81,147074300.0,4103252800.0,0.601,0.28,,1.0386
600900,2026-07-13 00:00:00,27.14,27.63,27.69,27.01,200809210.0,5671275800.0,0.821,0.39,,1.4317
600900,2026-07-14 00:00:00,27.61,27.76,27.94,27.42,159241010.0,4530406200.0,0.651,0.13,,0.4705
600900,2026-07-15 00:00:00,27.61,27.89,27.98,27.46,119360883.0,3415566800.0,0.488,0.13,,0.4683
600900,2026-07-16 00:00:00,27.86,27.45,27.97,27.34,146113460.0,4139610600.0,0.597,-0.44,,-1.5776
600900,2026-07-17 00:00:00,27.61,27.99,28.19,27.35,242860130.0,6802221700.0,0.993,0.54,,1.9672
600900,2026-07-20 00:00:00,27.75,28.98,28.98,27.75,229266920.0,6567613800.0,0.937,0.99,,3.537
600900,2026-07-21 00:00:00,29.0,28.73,29.54,28.51,255005590.0,7372431500.0,1.042,-0.25,,-0.8627
600900,2026-07-22 00:00:00,28.53,29.09,29.09,28.34,168282570.0,4833398600.0,0.688,0.36,,1.253
600900,2026-07-23 00:00:00,29.09,28.94,29.17,28.66,108155288.0,3122728900.0,0.442,-0.15,,-0.5156
600900,2026-07-24 00:00:00,29.2,28.9,29.3,28.75,102175770.0,2952607900.0,0.418,-0.04,,-0.1382
600905,2026-07-10 00:00:00,3.65,3.7,3.71,3.61,105177774.0,390488730.0,0.368,0.05,,1.3699
600905,2026-07-13 00:00:00,3.7,3.69,3.7,3.65,82701963.0,307226880.0,0.289,-0.01,,-0.2703
600905,2026-07-14 00:00:00,3.67,3.73,3.74,3.66,98724990.0,370411550.0,0.345,0.04,,1.084
600905,2026-07-15 00:00:00,3.68,3.73,3.73,3.64,107792899.0,403067270.0,0.377,0.0,,0.0
600905,2026-07-16 00:00:00,3.72,3.73,3.74,3.69,102094534.0,383430180.0,0.357,0.0,,0.0
600905,2026-07-17 00:00:00,3.72,3.76,3.8,3.71,185647430.0,707750790.0,0.649,0.03,,0.8043
600905,2026-07-20 00:00:00,3.77,3.89,3.93,3.76,213883470.0,831089340.0,0.748,0.13,,3.4574
600905,2026-07-21 00:00:00,3.89,3.91,3.96,3.83,212343910.0,837936380.0,0.743,0.02,,0.5141
600905,2026-07-22 00:00:00,3.89,3.93,3.93,3.86,140094100.0,545461850.0,0.49,0.02,,0.5115
600905,2026-07-23 00:00:00,3.93,3.94,3.96,3.9,118607716.0,466556310.0,0.415,0.01,,0.2545
600905,2026-07-24 00:00:00,3.93,3.86,3.95,3.86,113861782.0,443283260.0,0.398,-0.08,,-2.0305
600918,2026-07-10 00:00:00,5.29,5.25,5.31,5.18,32894620.0,174355390.0,0.721,-0.04,,-0.7561
600918,2026-07-13 00:00:00,5.39,5.55,5.78,5.37,133724630.0,739343130.0,2.931,0.3,,5.7143
600918,2026-07-14 00:00:00,5.51,5.64,5.68,5.43,105545714.0,589753440.0,2.313,0.09,,1.6216
600918,2026-07-15 00:00:00,5.57,5.71,5.77,5.57,91330278.0,517187990.0,2.002,0.07,,1.2411
600918,2026-07-16 00:00:00,5.67,5.72,5.74,5.61,59292782.0,337439750.0,1.3,0.01,,0.1751
600918,2026-07-17 00:00:00,5.69,5.64,5.82,5.64,68443800.0,391470090.0,1.5,-0.08,,-1.3986
600918,2026-07-20 00:00:00,5.66,5.7,5.75,5.6,60699393.0,343862670.0,1.33,0.06,,1.0638
600918,2026-07-21 00:00:00,5.7,5.68,5.83,5.65,65141294.0,373177250.0,1.428,-0.02,,-0.3509
600918,2026-07-22 00:00:00,5.65,5.62,5.65,5.54,45708591.0,255785680.0,1.002,-0.06,,-1.0563
600918,2026-07-23 00:00:00,5.6,5.66,5.66,5.58,34186879.0,192563710.0,0.749,0.04,,0.7117
600918,2026-07-24 00:00:00,5.63,5.51,5.66,5.5,35350936.0,196907070.0,0.775,-0.15,,-2.6502
600919,2026-07-10 00:00:00,11.2,11.08,11.24,11.05,100638423.0,1120171090.0,0.548,-0.12,,-1.0714
600919,2026-07-13 00:00:00,11.1,11.22,11.33,11.03,133913379.0,1503950500.0,0.73,0.14,,1.2635
600919,2026-07-14 00:00:00,11.18,11.33,11.36,11.13,127102480.0,1432932000.0,0.693,0.11,,0.9804
600919,2026-07-15 00:00:00,11.26,11.45,11.48,11.22,95089820.0,1079864050.0,0.518,0.12,,1.0591
600919,2026-07-16 00:00:00,11.42,11.25,11.53,11.22,110084256.0,1243091270.0,0.6,-0.2,,-1.7467
600919,2026-07-17 00:00:00,11.25,11.31,11.41,11.22,117404507.0,1332397810.0,0.64,0.06,,0.5333
600919,2026-07-20 00:00:00,11.31,11.51,11.55,11.29,122868179.0,1409016400.0,0.67,0.2,,1.7683
600919,2026-07-21 00:00:00,11.5,11.32,11.61,11.26,130693535.0,1491906800.0,0.712,-0.19,,-1.6507
600919,2026-07-22 00:00:00,11.32,11.4,11.41,11.18,84845106.0,958509160.0,0.462,0.08,,0.7067
600919,2026-07-23 00:00:00,11.35,11.54,11.63,11.32,112717774.0,1296946010.0,0.614,0.14,,1.2281
600919,2026-07-24 00:00:00,11.57,11.57,11.66,11.51,63310551.0,733799950.0,0.345,0.03,,0.26
600926,2026-07-10 00:00:00,15.25,15.14,15.25,15.03,37144115.0,561747230.0,0.512,-0.11,,-0.7213
600926,2026-07-13 00:00:00,15.13,15.46,15.46,15.05,43125341.0,660873110.0,0.595,0.32,,2.1136
600926,2026-07-14 00:00:00,15.4,15.62,15.66,15.32,51154330.0,794310800.0,0.706,0.16,,1.0349
600926,2026-07-15 00:00:00,15.55,15.79,15.81,15.5,43452052.0,682889320.0,0.599,0.17,,1.0883
600926,2026-07-16 00:00:00,15.78,15.59,15.88,15.49,34917800.0,545465840.0,0.482,-0.2,,-1.2666
600926,2026-07-17 00:00:00,15.63,15.56,15.75,15.51,42044433.0,657167760.0,0.58,-0.03,,-0.1924
600926,2026-07-20 00:00:00,15.59,15.75,15.87,15.56,53755722.0,846264840.0,0.742,0.19,,1.2211
600926,2026-07-21 00:00:00,15.76,15.49,15.97,15.45,55910336.0,876716660.0,0.771,-0.26,,-1.6508
600926,2026-07-22 00:00:00,15.46,15.65,15.65,15.33,41369872.0,640756880.0,0.571,0.16,,1.0329
600926,2026-07-23 00:00:00,15.59,15.83,15.84,15.51,31024736.0,486976250.0,0.428,0.18,,1.1502
600926,2026-07-24 00:00:00,15.84,15.74,15.95,15.69,36774775.0,580146760.0,0.507,-0.09,,-0.5685
600930,2026-07-10 00:00:00,4.62,4.68,4.74,4.55,69665620.0,325235190.0,2.157,0.06,,1.2987
600930,2026-07-13 00:00:00,4.66,4.58,4.7,4.55,61441827.0,282025440.0,1.902,-0.1,,-2.1368
600930,2026-07-14 00:00:00,4.56,4.65,4.65,4.53,55109545.0,253343700.0,1.706,0.07,,1.5284
600930,2026-07-15 00:00:00,4.65,4.7,4.7,4.61,46693478.0,218530510.0,1.446,0.05,,1.0753
600930,2026-07-16 00:00:00,4.7,4.29,4.71,4.24,290822620.0,1267610610.0,2.707,-0.41,,-8.7234
600930,2026-07-17 00:00:00,4.27,4.26,4.35,4.21,175771640.0,751945130.0,1.636,-0.03,,-0.6993
600930,2026-07-20 00:00:00,4.26,4.39,4.4,4.16,261622840.0,1129377670.0,2.435,0.13,,3.0516
600930,2026-07-21 00:00:00,4.37,4.31,4.38,4.25,240111200.0,1032212570.0,2.235,-0.08,,-1.8223
600930,2026-07-22 00:00:00,4.27,4.29,4.3,4.24,175219800.0,748667790.0,1.631,-0.02,,-0.464
600930,2026-07-23 00:00:00,4.27,4.37,4.38,4.25,239769100.0,1038685160.0,2.232,0.08,,1.8648
600930,2026-07-24 00:00:00,4.35,4.16,4.36,4.14,282626090.0,1193080640.0,2.631,-0.21,,-4.8055
600938,2026-07-10 00:00:00,27.5,28.15,28.4,27.5,50112154.0,1400957300.0,1.676,0.65,,2.3636
600938,2026-07-13 00:00:00,28.77,28.82,28.85,28.18,64126826.0,1833791700.0,2.145,0.67,,2.3801
600938,2026-07-14 00:00:00,29.51,29.52,29.88,28.7,96404155.0,2822155500.0,3.224,0.7,,2.4289
600938,2026-07-15 00:00:00,28.93,29.79,29.95,28.74,62296348.0,1839938100.0,2.084,0.27,,0.9146
600938,2026-07-16 00:00:00,29.68,28.96,29.94,28.88,53499102.0,1564868900.0,1.789,-0.83,,-2.7862
600938,2026-07-17 00:00:00,29.01,28.97,29.35,28.82,49011962.0,1424918200.0,1.639,0.01,,0.0345
600938,2026-07-20 00:00:00,29.6,31.87,31.87,29.51,96424379.0,2998057700.0,3.225,2.9,,10.0104
600938,2026-07-21 00:00:00,31.8,30.93,31.98,30.76,105543363.0,3292878700.0,3.53,-0.94,,-2.9495
600938,2026-07-22 00:00:00,31.68,32.39,32.63,31.46,88384881.0,2831983600.0,2.956,1.46,,4.7203
600938,2026-07-23 00:00:00,32.8,32.99,33.3,32.4,81349712.0,2676790300.0,2.721,0.6,,1.8524
600938,2026-07-24 00:00:00,33.67,31.91,33.83,31.81,101079075.0,3316243100.0,3.381,-1.08,,-3.2737
600941,2026-07-10 00:00:00,88.71,89.98,90.0,88.0,10540106.0,940676260.0,1.168,1.27,,1.4316
600941,2026-07-13 00:00:00,89.6,91.43,91.53,89.41,10608523.0,962005540.0,1.175,1.45,,1.6115
600941,2026-07-14 00:00:00,91.03,91.8,92.13,90.68,9829241.0,899982270.0,1.089,0.37,,0.4047
600941,2026-07-15 00:00:00,91.1,92.8,92.98,91.1,10140754.0,936907500.0,1.123,1.0,,1.0893
600941,2026-07-16 00:00:00,92.79,93.05,93.6,92.46,9533640.0,887470270.0,1.056,0.25,,0.2694
600941,2026-07-17 00:00:00,93.0,93.4,94.6,92.81,16682878.0,1567074500.0,1.848,0.35,,0.3761
600941,2026-07-20 00:00:00,93.4,95.8,96.08,93.4,20161171.0,1925214000.0,2.233,2.4,,2.5696
600941,2026-07-21 00:00:00,95.81,94.94,96.47,94.01,19419588.0,1849703300.0,2.151,-0.86,,-0.8977
600941,2026-07-22 00:00:00,94.7,94.09,94.8,92.01,21248306.0,1978783500.0,2.354,-0.85,,-0.8953
600941,2026-07-23 00:00:00,93.79,94.43,95.1,93.79,9313618.0,880427690.0,1.032,0.34,,0.3614
600941,2026-07-24 00:00:00,94.58,94.69,95.2,94.4,9188498.0,871615890.0,1.018,0.26,,0.2753
600958,2026-07-10 00:00:00,9.04,8.92,9.05,8.9,70071932.0,640816400.0,0.938,-0.12,,-1.3274
600958,2026-07-13 00:00:00,8.87,8.83,8.92,8.8,45841110.0,414195370.0,0.614,-0.09,,-1.009
600958,2026-07-14 00:00:00,8.82,8.92,8.92,8.76,43399127.0,392823630.0,0.581,0.09,,1.0193
600958,2026-07-15 00:00:00,8.9,9.09,9.15,8.87,62410372.0,575510130.0,0.836,0.17,,1.9058
600958,2026-07-16 00:00:00,9.03,9.0,9.12,8.92,52648327.0,483666920.0,0.705,-0.09,,-0.9901
600958,2026-07-17 00:00:00,8.97,8.93,9.06,8.86,54480597.0,499815790.0,0.729,-0.07,,-0.7778
600958,2026-07-20 00:00:00,8.95,9.09,9.11,8.94,57926674.0,523373390.0,0.776,0.16,,1.7917
600958,2026-07-21 00:00:00,9.03,9.12,9.2,9.03,55091439.0,501805270.0,0.738,0.03,,0.33
600958,2026-07-22 00:00:00,9.05,8.99,9.08,8.92,60480681.0,543236210.0,0.81,-0.13,,-1.4254
600958,2026-07-23 00:00:00,8.98,9.12,9.13,8.97,56268520.0,508940010.0,0.753,0.13,,1.4461
600958,2026-07-24 00:00:00,9.09,8.86,9.12,8.84,64908843.0,580569770.0,0.869,-0.26,,-2.8509
600989,2026-07-10 00:00:00,19.85,20.32,20.64,19.6,77503657.0,1567722100.0,1.057,0.47,,2.3678
600989,2026-07-13 00:00:00,20.51,20.72,20.77,19.87,107313828.0,2182385000.0,1.463,0.4,,1.9685
600989,2026-07-14 00:00:00,21.48,22.03,22.12,21.08,179886530.0,3893605500.0,2.453,1.31,,6.3224
600989,2026-07-15 00:00:00,21.74,22.07,22.59,21.56,114807403.0,2544826500.0,1.566,0.04,,0.1816
600989,2026-07-16 00:00:00,21.9,21.57,22.26,21.42,89495496.0,1951036600.0,1.22,-0.5,,-2.2655
600989,2026-07-17 00:00:00,21.6,21.3,22.28,21.06,100282183.0,2167720500.0,1.368,-0.27,,-1.2517
600989,2026-07-20 00:00:00,21.95,23.28,23.43,21.94,172972880.0,3959381900.0,2.359,1.98,,9.2958
600989,2026-07-21 00:00:00,22.6,22.57,22.95,22.01,139955580.0,3141096400.0,1.909,-0.71,,-3.0498
600989,2026-07-22 00:00:00,22.83,23.72,23.88,22.6,130517731.0,3052663100.0,1.78,1.15,,5.0953
600989,2026-07-23 00:00:00,24.01,24.29,24.94,23.44,136624050.0,3313558400.0,1.863,0.57,,2.403
600989,2026-07-24 00:00:00,24.66,23.38,25.0,23.2,110043880.0,2649287100.0,1.501,-0.91,,-3.7464
600999,2026-07-10 00:00:00,21.09,20.11,21.14,20.09,145334070.0,3055926500.0,1.958,-0.98,,-4.6468
600999,2026-07-13 00:00:00,20.0,20.01,20.35,19.82,101828293.0,2088734500.0,1.372,-0.1,,-0.4973
600999,2026-07-14 00:00:00,19.95,19.95,20.03,19.37,97995586.0,1975423100.0,1.32,-0.06,,-0.2999
600999,2026-07-15 00:00:00,20.07,20.45,20.79,19.99,122173470.0,2545180400.0,1.646,0.5,,2.5063
600999,2026-07-16 00:00:00,20.01,19.48,20.15,19.34,108812474.0,2138044200.0,1.466,-0.97,,-4.7433
600999,2026-07-17 00:00:00,19.29,18.92,19.59,18.86,109545462.0,2099678300.0,1.476,-0.56,,-2.8747
600999,2026-07-20 00:00:00,18.95,18.84,19.28,18.63,108393335.0,2053790700.0,1.46,-0.08,,-0.4228
600999,2026-07-21 00:00:00,18.88,18.94,19.0,18.42,101128004.0,1893232400.0,1.363,0.1,,0.5308
600999,2026-07-22 00:00:00,18.76,18.85,19.09,18.53,79903534.0,1507194700.0,1.077,-0.09,,-0.4752
600999,2026-07-23 00:00:00,18.85,19.08,19.18,18.78,75855422.0,1439834900.0,1.022,0.23,,1.2202
600999,2026-07-24 00:00:00,18.89,18.65,18.97,18.55,72705796.0,1360870500.0,0.98,-0.43,,-2.2537
601006,2026-07-10 00:00:00,4.69,4.68,4.71,4.62,110499500.0,515797820.0,0.556,-0.01,,-0.2132
601006,2026-07-13 00:00:00,4.66,4.65,4.69,4.63,117058871.0,545095740.0,0.589,-0.03,,-0.641
601006,2026-07-14 00:00:00,4.64,4.68,4.68,4.6,140356300.0,650182520.0,0.707,0.03,,0.6452
601006,2026-07-15 00:00:00,4.66,4.75,4.76,4.64,162829160.0,765512660.0,0.82,0.07,,1.4957
601006,2026-07-16 00:00:00,4.73,4.68,4.77,4.66,124085262.0,582849160.0,0.625,-0.07,,-1.4737
601006,2026-07-17 00:00:00,4.68,4.71,4.77,4.68,148764510.0,704559580.0,0.749,0.03,,0.641
601006,2026-07-20 00:00:00,4.71,4.85,4.86,4.71,175395480.0,843001650.0,0.883,0.14,,2.9724
601006,2026-07-21 00:00:00,4.83,4.8,4.91,4.77,160032550.0,774752050.0,0.806,-0.05,,-1.0309
601006,2026-07-22 00:00:00,4.78,4.83,4.84,4.73,110217807.0,526213100.0,0.555,0.03,,0.625
601006,2026-07-23 00:00:00,4.83,4.89,4.9,4.8,104930175.0,510948040.0,0.528,0.06,,1.2422
601006,2026-07-24 00:00:00,4.89,4.86,4.92,4.85,74527694.0,364253240.0,0.375,-0.03,,-0.6135
601009,2026-07-10 00:00:00,10.64,10.64,10.72,10.5,43382365.0,459767600.0,0.351,0.0,,0.0
601009,2026-07-13 00:00:00,10.64,10.85,10.87,10.58,52989320.0,571675190.0,0.429,0.21,,1.9737
601009,2026-07-14 00:00:00,10.82,11.01,11.02,10.75,53988059.0,589526560.0,0.437,0.16,,1.4747
601009,2026-07-15 00:00:00,10.89,11.21,11.28,10.87,54353137.0,605469470.0,0.44,0.2,,1.8165
601009,2026-07-16 00:00:00,11.21,11.23,11.32,11.14,45906273.0,514498890.0,0.371,0.02,,0.1784
601009,2026-07-17 00:00:00,11.25,11.18,11.36,11.1,60713789.0,681538560.0,0.491,-0.05,,-0.4452
601009,2026-07-20 00:00:00,11.18,11.27,11.35,11.11,62393142.0,702723340.0,0.505,0.09,,0.805
601009,2026-07-21 00:00:00,11.25,11.1,11.39,11.01,69500301.0,777353960.0,0.562,-0.17,,-1.5084
601009,2026-07-22 00:00:00,11.03,11.17,11.17,10.91,56420307.0,622541760.0,0.456,0.07,,0.6306
601009,2026-07-23 00:00:00,11.13,11.24,11.36,11.1,46376119.0,522120400.0,0.375,0.07,,0.6267
601009,2026-07-24 00:00:00,11.3,11.26,11.4,11.21,37411269.0,422869120.0,0.303,0.02,,0.1779
601012,2026-07-10 00:00:00,11.89,12.11,12.42,11.8,137675100.0,1668151000.0,1.817,0.22,,1.8503
601012,2026-07-13 00:00:00,12.14,11.63,12.14,11.62,105180763.0,1237628890.0,1.388,-0.48,,-3.9637
601012,2026-07-14 00:00:00,11.62,11.73,11.73,11.45,79276521.0,916370360.0,1.046,0.1,,0.8598
601012,2026-07-15 00:00:00,11.55,12.0,12.18,11.41,148098420.0,1764738200.0,1.954,0.27,,2.3018
601012,2026-07-16 00:00:00,11.88,11.86,12.02,11.8,93640057.0,1112805160.0,1.236,-0.14,,-1.1667
601012,2026-07-17 00:00:00,11.81,11.75,11.98,11.7,103457811.0,1225036460.0,1.365,-0.11,,-0.9275
601012,2026-07-20 00:00:00,11.75,12.0,12.03,11.7,123170414.0,1462382000.0,1.625,0.25,,2.1277
601012,2026-07-21 00:00:00,12.14,11.93,12.14,11.8,104863003.0,1247505510.0,1.384,-0.07,,-0.5833
601012,2026-07-22 00:00:00,11.87,12.57,12.69,11.8,249970280.0,3111244100.0,3.299,0.64,,5.3646
601012,2026-07-23 00:00:00,12.6,12.8,12.82,12.45,141150220.0,1786328200.0,1.863,0.23,,1.8298
601012,2026-07-24 00:00:00,12.82,12.42,12.82,12.38,104471627.0,1309127990.0,1.379,-0.38,,-2.9688
601018,2026-07-10 00:00:00,3.26,3.28,3.31,3.23,48345603.0,158282170.0,0.249,0.02,,0.6135
601018,2026-07-13 00:00:00,3.28,3.3,3.31,3.27,50741201.0,167361360.0,0.261,0.02,,0.6098
601018,2026-07-14 00:00:00,3.29,3.35,3.36,3.28,62549601.0,208300780.0,0.322,0.05,,1.5152
601018,2026-07-15 00:00:00,3.34,3.4,3.41,3.33,60302000.0,204134920.0,0.31,0.05,,1.4925
601018,2026-07-16 00:00:00,3.39,3.37,3.42,3.34,52619500.0,177319140.0,0.271,-0.03,,-0.8824
601018,2026-07-17 00:00:00,3.36,3.42,3.45,3.36,112456300.0,384485250.0,0.578,0.05,,1.4837
601018,2026-07-20 00:00:00,3.4,3.44,3.45,3.39,91125100.0,312213070.0,0.468,0.02,,0.5848
601018,2026-07-21 00:00:00,3.44,3.39,3.48,3.37,90332415.0,309018580.0,0.464,-0.05,,-1.4535
601018,2026-07-22 00:00:00,3.38,3.41,3.42,3.33,64553800.0,218267590.0,0.332,0.02,,0.59
601018,2026-07-23 00:00:00,3.4,3.42,3.43,3.39,37159696.0,126774778.0,0.191,0.01,,0.2933
601018,2026-07-24 00:00:00,3.42,3.4,3.45,3.4,41342619.0,141569660.0,0.213,-0.02,,-0.5848
601021,2026-07-10 00:00:00,46.0,46.03,46.5,45.38,7683546.0,353507130.0,0.785,0.03,,0.0652
601021,2026-07-13 00:00:00,45.39,45.19,45.4,44.72,7362093.0,331253160.0,0.753,-0.84,,-1.8249
601021,2026-07-14 00:00:00,44.4,45.26,45.26,44.37,5814671.0,260633030.0,0.594,0.07,,0.1549
601021,2026-07-15 00:00:00,45.02,45.99,46.26,44.81,8628927.0,394396170.0,0.882,0.73,,1.6129
601021,2026-07-16 00:00:00,45.9,45.48,46.35,45.27,5022391.0,228867830.0,0.513,-0.51,,-1.1089
601021,2026-07-17 00:00:00,45.29,45.6,46.2,45.21,7223712.0,330266200.0,0.738,0.12,,0.2639
601021,2026-07-20 00:00:00,45.08,45.92,46.4,44.92,10002251.0,457848590.0,1.022,0.32,,0.7018
601021,2026-07-21 00:00:00,46.08,45.56,46.98,45.34,7943972.0,366398000.0,0.812,-0.36,,-0.784
601021,2026-07-22 00:00:00,45.08,45.5,45.75,45.05,5530134.0,250827440.0,0.565,-0.06,,-0.1317
601021,2026-07-23 00:00:00,45.2,46.15,46.37,45.1,6272583.0,287816340.0,0.641,0.65,,1.4286
601021,2026-07-24 00:00:00,45.69,44.64,46.03,44.61,8105088.0,364986780.0,0.829,-1.51,,-3.2719
601058,2026-07-10 00:00:00,12.28,12.44,12.53,12.05,30278217.0,373803770.0,0.921,0.16,,1.3029
601058,2026-07-13 00:00:00,12.31,13.05,13.07,12.1,67808449.0,866782650.0,2.062,0.61,,4.9035
601058,2026-07-14 00:00:00,12.82,12.94,13.08,12.66,44361588.0,570932630.0,1.349,-0.11,,-0.8429
601058,2026-07-15 00:00:00,12.88,13.33,13.49,12.83,49963244.0,666485300.0,1.52,0.39,,3.0139
601058,2026-07-16 00:00:00,13.33,13.78,13.86,13.25,75347371.0,1029073580.0,2.292,0.45,,3.3758
601058,2026-07-17 00:00:00,13.7,13.54,13.93,13.5,54493637.0,746943290.0,1.657,-0.24,,-1.7417
601058,2026-07-20 00:00:00,13.4,13.3,13.6,13.04,62665768.0,833777850.0,1.906,-0.24,,-1.7725
601058,2026-07-21 00:00:00,13.3,13.41,13.87,13.27,62372469.0,841722930.0,1.897,0.11,,0.8271
601058,2026-07-22 00:00:00,13.38,13.36,13.55,13.08,46429624.0,619442450.0,1.412,-0.05,,-0.3729
601058,2026-07-23 00:00:00,13.21,13.7,13.75,13.2,37423210.0,507372570.0,1.138,0.34,,2.5449
601058,2026-07-24 00:00:00,13.49,13.21,13.54,13.12,26445200.0,351390690.0,0.804,-0.49,,-3.5766
601059,2026-07-10 00:00:00,16.69,16.59,16.69,16.54,7145100.0,118626044.0,0.22,-0.1,,-0.5992
601059,2026-07-13 00:00:00,16.59,16.37,16.67,16.35,10357447.0,170645120.0,0.319,-0.22,,-1.3261
601059,2026-07-14 00:00:00,16.3,16.52,16.52,16.22,7315528.0,120102263.0,0.226,0.15,,0.9163
601059,2026-07-15 00:00:00,16.58,17.23,17.28,16.52,19418431.0,330852010.0,0.599,0.71,,4.2978
601059,2026-07-16 00:00:00,17.0,16.85,17.08,16.73,11314700.0,190525870.0,0.349,-0.38,,-2.2055
601059,2026-07-17 00:00:00,16.8,16.51,16.96,16.44,14538525.0,242704450.0,0.448,-0.34,,-2.0178
601059,2026-07-20 00:00:00,16.51,16.74,16.85,16.51,11376715.0,189771430.0,0.351,0.23,,1.3931
601059,2026-07-21 00:00:00,16.61,16.64,16.89,16.5,10345500.0,172399390.0,0.319,-0.1,,-0.5974
601059,2026-07-22 00:00:00,16.58,16.55,16.68,16.36,7848943.0,129348956.0,0.242,-0.09,,-0.5409
601059,2026-07-23 00:00:00,16.53,16.81,16.83,16.5,7385145.0,123372781.0,0.228,0.26,,1.571
601059,2026-07-24 00:00:00,16.74,16.45,16.8,16.45,4965700.0,82318469.0,0.153,-0.36,,-2.1416
601066,2026-07-10 00:00:00,29.04,27.25,29.06,27.24,72452260.0,2043485700.0,1.115,-1.79,,-6.1639
601066,2026-07-13 00:00:00,26.9,26.66,27.19,25.6,43965057.0,1168691960.0,0.677,-0.59,,-2.1651
601066,2026-07-14 00:00:00,26.35,26.96,26.96,26.13,34323925.0,912453140.0,0.528,0.3,,1.1253
601066,2026-07-15 00:00:00,27.07,27.82,28.0,26.71,45106190.0,1239149510.0,0.694,0.86,,3.1899
601066,2026-07-16 00:00:00,27.35,26.91,27.55,26.74,30986156.0,837365200.0,0.477,-0.91,,-3.271
601066,2026-07-17 00:00:00,26.73,26.5,27.5,26.5,38144112.0,1031633080.0,0.587,-0.41,,-1.5236
601066,2026-07-20 00:00:00,26.68,26.66,27.12,26.2,33589684.0,895926210.0,0.517,0.16,,0.6038
601066,2026-07-21 00:00:00,26.7,26.65,26.93,25.95,40679627.0,1073868840.0,0.626,-0.01,,-0.0375
601066,2026-07-22 00:00:00,26.3,26.84,27.33,26.15,41277868.0,1108306640.0,0.636,0.19,,0.7129
601066,2026-07-23 00:00:00,26.71,26.91,27.23,26.31,27666105.0,741487950.0,0.426,0.07,,0.2608
601066,2026-07-24 00:00:00,26.85,26.07,26.86,26.0,28495487.0,749843180.0,0.439,-0.84,,-3.1215
601077,2026-07-10 00:00:00,6.33,6.3,6.4,6.26,54548957.0,343802530.0,0.617,-0.03,,-0.4739
601077,2026-07-13 00:00:00,6.29,6.59,6.6,6.26,89199468.0,577560130.0,1.009,0.29,,4.6032
601077,2026-07-14 00:00:00,6.55,6.69,6.71,6.5,77925708.0,516916090.0,0.882,0.1,,1.5175
601077,2026-07-15 00:00:00,6.67,6.69,6.73,6.61,44588082.0,297980920.0,0.505,0.0,,0.0
601077,2026-07-16 00:00:00,6.72,6.64,6.75,6.58,39557692.0,262779300.0,0.448,-0.05,,-0.7474
601077,2026-07-17 00:00:00,6.62,6.71,6.84,6.61,75566276.0,511142600.0,0.855,0.07,,1.0542
601077,2026-07-20 00:00:00,6.73,6.81,6.86,6.68,55824811.0,378651350.0,0.632,0.1,,1.4903
601077,2026-07-21 00:00:00,6.8,6.58,6.9,6.56,104524544.0,699261410.0,1.183,-0.23,,-3.3774
601077,2026-07-22 00:00:00,6.61,6.7,6.72,6.56,64769901.0,431155020.0,0.733,0.12,,1.8237
601077,2026-07-23 00:00:00,6.68,6.67,6.75,6.58,52732085.0,352391720.0,0.597,-0.03,,-0.4478
601077,2026-07-24 00:00:00,6.7,6.61,6.72,6.57,50884141.0,337483940.0,0.576,-0.06,,-0.8996
601088,2026-07-10 00:00:00,40.86,41.01,41.13,40.42,30245890.0,1265554000.0,0.183,0.15,,0.3671
601088,2026-07-13 00:00:00,41.2,42.65,42.78,40.72,47572926.0,2001428300.0,0.289,1.64,,3.999
601088,2026-07-14 00:00:00,42.66,43.42,44.36,42.47,50931426.0,2215626900.0,0.309,0.77,,1.8054
601088,2026-07-15 00:00:00,42.98,43.69,43.8,42.88,29444869.0,1278319060.0,0.179,0.27,,0.6218
601088,2026-07-16 00:00:00,43.78,43.27,44.24,42.65,30455912.0,1313300330.0,0.185,-0.42,,-0.9613
601088,2026-07-17 00:00:00,43.18,43.95,44.44,43.02,47985076.0,2105597700.0,0.291,0.68,,1.5715
601088,2026-07-20 00:00:00,43.9,46.14,46.14,43.73,57333385.0,2589603800.0,0.348,2.19,,4.9829
601088,2026-07-21 00:00:00,46.15,45.1,46.8,44.3,62161100.0,2812898500.0,0.377,-1.04,,-2.254
601088,2026-07-22 00:00:00,44.68,45.44,45.44,44.05,47093898.0,2106736500.0,0.286,0.34,,0.7539
601088,2026-07-23 00:00:00,45.4,45.32,45.7,44.67,31408468.0,1421404600.0,0.191,-0.12,,-0.2641
601088,2026-07-24 00:00:00,46.0,45.7,46.0,45.09,33796367.0,1538930000.0,0.205,0.38,,0.8385
601100,2026-07-10 00:00:00,107.82,111.01,113.49,106.84,9950990.0,1099966170.0,0.742,3.19,,2.9586
601100,2026-07-13 00:00:00,110.41,106.0,112.75,105.52,7826080.0,845838040.0,0.584,-5.01,,-4.5131
601100,2026-07-14 00:00:00,105.63,107.7,107.7,103.25,7430700.0,783965050.0,0.554,1.7,,1.6038
601100,2026-07-15 00:00:00,106.5,110.58,112.5,106.5,7108053.0,785190630.0,0.53,2.88,,2.6741
601100,2026-07-16 00:00:00,108.08,108.21,111.98,107.73,6228326.0,679197500.0,0.465,-2.37,,-2.1432
601100,2026-07-17 00:00:00,108.23,103.51,109.5,103.18,8391734.0,880827570.0,0.626,-4.7,,-4.3434
601100,2026-07-20 00:00:00,104.99,103.51,105.3,100.52,7888969.0,811375720.0,0.588,0.0,,0.0
601100,2026-07-21 00:00:00,102.96,106.55,107.15,102.96,7731087.0,813416310.0,0.577,3.04,,2.9369
601100,2026-07-22 00:00:00,106.0,104.08,106.0,102.84,5873286.0,610385000.0,0.438,-2.47,,-2.3182
601100,2026-07-23 00:00:00,104.0,107.42,107.6,102.4,5572848.0,592702570.0,0.416,3.34,,3.2091
601100,2026-07-24 00:00:00,105.99,106.79,107.49,105.0,5315160.0,565164560.0,0.396,-0.63,,-0.5865
601111,2026-07-10 00:00:00,5.93,6.0,6.03,5.87,68056196.0,405979920.0,0.585,0.07,,1.1804
601111,2026-07-13 00:00:00,5.88,5.86,5.91,5.84,65871056.0,386528590.0,0.566,-0.14,,-2.3333
601111,2026-07-14 00:00:00,5.79,5.92,5.92,5.73,64827335.0,377580460.0,0.557,0.06,,1.0239
601111,2026-07-15 00:00:00,5.84,5.97,5.99,5.81,64576315.0,383003570.0,0.555,0.05,,0.8446
601111,2026-07-16 00:00:00,5.92,5.9,5.99,5.86,75334034.0,445807280.0,0.647,-0.07,,-1.1725
601111,2026-07-17 00:00:00,5.86,5.84,5.94,5.8,62026260.0,363712240.0,0.533,-0.06,,-1.0169
601111,2026-07-20 00:00:00,5.8,5.87,5.92,5.79,74158833.0,433714490.0,0.637,0.03,,0.5137
601111,2026-07-21 00:00:00,5.88,5.91,6.0,5.86,88781689.0,526377390.0,0.763,0.04,,0.6814
601111,2026-07-22 00:00:00,5.86,5.98,6.0,5.86,95252827.0,566577490.0,0.819,0.07,,1.1844
601111,2026-07-23 00:00:00,5.98,6.07,6.11,5.94,91304942.0,551545820.0,0.785,0.09,,1.505
601111,2026-07-24 00:00:00,6.0,5.96,6.05,5.95,67906796.0,406811100.0,0.584,-0.11,,-1.8122
601117,2026-07-10 00:00:00,7.3,7.39,7.47,7.21,66923567.0,492082180.0,1.099,0.09,,1.2329
601117,2026-07-13 00:00:00,7.34,7.34,7.41,7.29,61927661.0,454512780.0,1.017,-0.05,,-0.6766
601117,2026-07-14 00:00:00,7.38,7.55,7.55,7.32,80382678.0,595865790.0,1.32,0.21,,2.861
601117,2026-07-15 00:00:00,7.5,7.65,7.66,7.48,73671502.0,559633100.0,1.21,0.1,,1.3245
601117,2026-07-16 00:00:00,7.58,7.54,7.64,7.49,60600474.0,457015870.0,0.995,-0.11,,-1.4379
601117,2026-07-17 00:00:00,7.5,7.44,7.61,7.41,91424491.0,688585810.0,1.502,-0.1,,-1.3263
601117,2026-07-20 00:00:00,7.48,7.67,7.68,7.48,101608843.0,771775530.0,1.669,0.23,,3.0914
601117,2026-07-21 00:00:00,7.63,7.66,7.73,7.54,94850435.0,725210730.0,1.558,-0.01,,-0.1304
601117,2026-07-22 00:00:00,7.61,7.71,7.75,7.54,78818035.0,605085950.0,1.295,0.05,,0.6527
601117,2026-07-23 00:00:00,7.7,7.82,7.82,7.63,80890543.0,627201910.0,1.329,0.11,,1.4267
601117,2026-07-24 00:00:00,7.75,7.57,7.83,7.57,75446325.0,579873590.0,1.239,-0.25,,-3.1969
601127,2026-07-10 00:00:00,58.74,59.9,61.39,58.11,32148192.0,1933126200.0,2.065,1.16,,1.9748
601127,2026-07-13 00:00:00,56.31,53.91,56.77,53.91,46111837.0,2525053400.0,2.961,-5.99,,-10.0
601127,2026-07-14 00:00:00,52.18,53.38,54.03,52.01,39561844.0,2086628000.0,2.541,-0.53,,-0.9831
601127,2026-07-15 00:00:00,53.92,55.89,56.88,53.68,41152539.0,2289142100.0,2.643,2.51,,4.7021
601127,2026-07-16 00:00:00,55.89,56.37,57.92,55.06,29683879.0,1679042500.0,1.906,0.48,,0.8588
601127,2026-07-17 00:00:00,56.37,54.3,56.93,54.06,25405617.0,1400462800.0,1.632,-2.07,,-3.6722
601127,2026-07-20 00:00:00,54.3,55.61,55.78,54.24,26534582.0,1459688800.0,1.704,1.31,,2.4125
601127,2026-07-21 00:00:00,56.4,55.51,56.74,55.17,26532926.0,1479572200.0,1.704,-0.1,,-0.1798
601127,2026-07-22 00:00:00,55.2,55.98,56.21,54.76,23367032.0,1298824070.0,1.501,0.47,,0.8467
601127,2026-07-23 00:00:00,56.25,56.38,56.46,55.06,16936884.0,947204440.0,1.088,0.4,,0.7145
601127,2026-07-24 00:00:00,56.0,54.33,56.38,54.05,17843734.0,981369810.0,1.146,-2.05,,-3.636
601136,2026-07-10 00:00:00,14.13,14.08,14.28,13.97,9910515.0,140506090.0,0.363,-0.05,,-0.3539
601136,2026-07-13 00:00:00,14.07,13.91,14.15,13.86,10429791.0,146266720.0,0.382,-0.17,,-1.2074
601136,2026-07-14 00:00:00,13.81,13.96,13.98,13.68,8766900.0,122066776.0,0.321,0.05,,0.3595
601136,2026-07-15 00:00:00,13.76,14.06,14.11,13.42,16123775.0,224800480.0,0.59,0.1,,0.7163
601136,2026-07-16 00:00:00,13.93,14.0,14.05,13.76,10538600.0,147150120.0,0.386,-0.06,,-0.4267
601136,2026-07-17 00:00:00,13.89,13.87,14.13,13.78,14530794.0,204139250.0,0.532,-0.13,,-0.9286
601136,2026-07-20 00:00:00,13.89,14.26,14.28,13.87,16907061.0,240049180.0,0.619,0.39,,2.8118
601136,2026-07-21 00:00:00,14.27,14.35,14.59,14.17,17013936.0,245707150.0,0.623,0.09,,0.6311
601136,2026-07-22 00:00:00,14.33,14.11,14.34,13.98,10278587.0,145763430.0,0.376,-0.24,,-1.6725
601136,2026-07-23 00:00:00,14.1,14.32,14.35,14.07,8402885.0,120258809.0,0.307,0.21,,1.4883
601136,2026-07-24 00:00:00,14.23,13.87,14.34,13.86,7645386.0,107562050.0,0.28,-0.45,,-3.1425
601138,2026-07-10 00:00:00,71.0,66.27,71.0,66.2,208238410.0,14277350000.0,1.049,-4.73,,-6.662
601138,2026-07-13 00:00:00,65.3,63.08,66.16,62.5,126413447.0,8102096300.0,0.637,-3.19,,-4.8136
601138,2026-07-14 00:00:00,62.9,65.6,65.75,62.08,142228470.0,9114464700.0,0.717,2.52,,3.9949
601138,2026-07-15 00:00:00,65.88,63.62,65.99,63.5,91756030.0,5924843300.0,0.462,-1.98,,-3.0183
601138,2026-07-16 00:00:00,62.35,63.02,64.94,61.46,98286733.0,6234675300.0,0.495,-0.6,,-0.9431
601138,2026-07-17 00:00:00,62.02,57.59,62.44,56.82,154904250.0,9200843600.0,0.781,-5.43,,-8.6163
601138,2026-07-20 00:00:00,58.88,56.5,59.69,55.04,147788550.0,8488593200.0,0.745,-1.09,,-1.8927
601138,2026-07-21 00:00:00,57.5,60.98,61.9,55.31,185678570.0,10894852400.0,0.936,4.48,,7.9292
601138,2026-07-22 00:00:00,60.26,60.71,62.98,59.88,158687160.0,9759614600.0,0.8,-0.27,,-0.4428
601138,2026-07-23 00:00:00,61.99,62.88,64.15,60.99,159923480.0,10074798900.0,0.806,2.17,,3.5744
601138,2026-07-24 00:00:00,61.05,60.25,61.42,60.17,111063990.0,6745296000.0,0.56,-2.63,,-4.1826
601166,2026-07-10 00:00:00,17.18,17.33,17.35,17.1,95555075.0,1649227500.0,0.452,0.15,,0.8731
601166,2026-07-13 00:00:00,17.28,17.47,17.48,17.2,95935029.0,1669317600.0,0.453,0.14,,0.8078
601166,2026-07-14 00:00:00,17.4,17.45,17.52,17.25,107062023.0,1861827200.0,0.506,-0.02,,-0.1145
601166,2026-07-15 00:00:00,17.39,17.81,17.82,17.26,131312524.0,2313919700.0,0.621,0.36,,2.063
601166,2026-07-16 00:00:00,17.83,17.66,18.01,17.63,82198355.0,1458549100.0,0.388,-0.15,,-0.8422
601166,2026-07-17 00:00:00,17.69,17.75,17.88,17.61,118618008.0,2103559700.0,0.561,0.09,,0.5096
601166,2026-07-20 00:00:00,17.69,18.34,18.36,17.66,181787970.0,3294877800.0,0.859,0.59,,3.3239
601166,2026-07-21 00:00:00,18.38,17.89,18.53,17.86,168736910.0,3065077200.0,0.797,-0.45,,-2.4537
601166,2026-07-22 00:00:00,17.89,18.18,18.18,17.73,104057721.0,1871500500.0,0.492,0.29,,1.621
601166,2026-07-23 00:00:00,18.11,18.26,18.3,18.05,87974858.0,1599682400.0,0.416,0.08,,0.44
601166,2026-07-24 00:00:00,18.39,18.33,18.45,18.23,109758300.0,2010109900.0,0.519,0.07,,0.3834
601169,2026-07-10 00:00:00,4.87,4.9,4.91,4.84,147936000.0,720985560.0,0.7,0.03,,0.616
601169,2026-07-13 00:00:00,4.88,4.96,4.98,4.87,133744536.0,660281870.0,0.633,0.06,,1.2245
601169,2026-07-14 00:00:00,4.95,5.01,5.02,4.93,150246980.0,748438900.0,0.711,0.05,,1.0081
601169,2026-07-15 00:00:00,4.98,5.08,5.09,4.96,160676980.0,810592320.0,0.76,0.07,,1.3972
601169,2026-07-16 00:00:00,5.08,5.03,5.1,5.02,110656822.0,558925910.0,0.523,-0.05,,-0.9843
601169,2026-07-17 00:00:00,5.03,5.03,5.1,5.02,157197120.0,795563400.0,0.744,0.0,,0.0
601169,2026-07-20 00:00:00,5.03,5.12,5.13,5.01,210409420.0,1070806900.0,0.995,0.09,,1.7893
601169,2026-07-21 00:00:00,5.11,5.03,5.15,5.02,195428960.0,992914770.0,0.924,-0.09,,-1.7578
601169,2026-07-22 00:00:00,5.03,5.08,5.08,4.98,151851880.0,763502830.0,0.718,0.05,,0.994
601169,2026-07-23 00:00:00,5.06,5.09,5.1,5.03,110944391.0,562690430.0,0.525,0.01,,0.1969
601169,2026-07-24 00:00:00,5.08,5.06,5.11,5.06,94321017.0,479750860.0,0.446,-0.03,,-0.5894
601186,2026-07-10 00:00:00,6.09,6.17,6.2,6.05,49771952.0,305996570.0,0.433,0.08,,1.3136
601186,2026-07-13 00:00:00,6.16,6.17,6.2,6.15,39586177.0,244312250.0,0.344,0.0,,0.0
601186,2026-07-14 00:00:00,6.16,6.24,6.25,6.15,41063971.0,254949130.0,0.357,0.07,,1.1345
601186,2026-07-15 00:00:00,6.23,6.36,6.36,6.22,52159565.0,328841830.0,0.453,0.12,,1.9231
601186,2026-07-16 00:00:00,6.34,6.37,6.39,6.32,43823855.0,278624630.0,0.381,0.01,,0.1572
601186,2026-07-17 00:00:00,6.37,6.4,6.48,6.36,74419439.0,477879900.0,0.647,0.03,,0.471
601186,2026-07-20 00:00:00,6.41,6.48,6.48,6.38,103297164.0,665013670.0,0.898,0.08,,1.25
601186,2026-07-21 00:00:00,6.47,6.45,6.57,6.43,92492681.0,600659340.0,0.804,-0.03,,-0.463
601186,2026-07-22 00:00:00,6.44,6.53,6.54,6.35,80594190.0,521341890.0,0.701,0.08,,1.2403
601186,2026-07-23 00:00:00,6.52,6.58,6.58,6.5,52522532.0,344213480.0,0.457,0.05,,0.7657
601186,2026-07-24 00:00:00,6.55,6.5,6.61,6.5,55904340.0,366066790.0,0.486,-0.08,,-1.2158
601211,2026-07-10 00:00:00,18.85,18.3,18.86,18.24,145894880.0,2692662500.0,1.081,-0.55,,-2.9178
601211,2026-07-13 00:00:00,18.3,18.34,18.47,18.17,101458064.0,1858568300.0,0.752,0.04,,0.2186
601211,2026-07-14 00:00:00,18.29,18.17,18.33,17.75,118690261.0,2135611300.0,0.879,-0.17,,-0.9269
601211,2026-07-15 00:00:00,18.08,18.58,18.79,18.05,115321350.0,2131096100.0,0.854,0.41,,2.2565
601211,2026-07-16 00:00:00,18.5,18.54,18.71,18.29,89118408.0,1647444400.0,0.66,-0.04,,-0.2153
601211,2026-07-17 00:00:00,18.55,18.3,18.69,18.21,101430804.0,1869752500.0,0.752,-0.24,,-1.2945
601211,2026-07-20 00:00:00,18.31,19.03,19.19,18.28,204706000.0,3864615500.0,1.517,0.73,,3.9891
601211,2026-07-21 00:00:00,19.2,18.82,19.2,18.51,109797935.0,2063504600.0,0.814,-0.21,,-1.1035
601211,2026-07-22 00:00:00,18.66,18.94,18.94,18.52,83361029.0,1567982600.0,0.618,0.12,,0.6376
601211,2026-07-23 00:00:00,18.98,19.05,19.09,18.74,73423151.0,1391417500.0,0.544,0.11,,0.5808
601211,2026-07-24 00:00:00,19.12,19.22,19.29,18.96,106567272.0,2038294600.0,0.79,0.17,,0.8924
601225,2026-07-10 00:00:00,22.58,22.92,23.22,22.24,37585400.0,855517390.0,0.388,0.34,,1.5058
601225,2026-07-13 00:00:00,23.03,23.95,24.11,22.7,63002384.0,1484517700.0,0.65,1.03,,4.4939
601225,2026-07-14 00:00:00,23.73,24.55,24.92,23.73,64304569.0,1569494400.0,0.663,0.6,,2.5052
601225,2026-07-15 00:00:00,24.36,24.61,25.18,24.11,44748490.0,1104512060.0,0.462,0.06,,0.2444
601225,2026-07-16 00:00:00,24.61,23.87,24.77,23.72,39363950.0,944894220.0,0.406,-0.74,,-3.0069
601225,2026-07-17 00:00:00,23.91,24.3,24.56,23.75,51070011.0,1237283590.0,0.527,0.43,,1.8014
601225,2026-07-20 00:00:00,24.3,25.0,25.17,24.11,83057349.0,2054088100.0,0.857,0.7,,2.8807
601225,2026-07-21 00:00:00,24.7,23.98,25.05,23.8,81285932.0,1965085900.0,0.838,-1.02,,-4.08
601225,2026-07-22 00:00:00,23.86,24.89,24.89,23.8,54626067.0,1331561420.0,0.563,0.91,,3.7948
601225,2026-07-23 00:00:00,24.65,25.25,25.47,24.52,51417833.0,1290949970.0,0.53,0.36,,1.4464
601225,2026-07-24 00:00:00,25.44,24.7,25.6,24.61,36498848.0,914617840.0,0.377,-0.55,,-2.1782
601229,2026-07-10 00:00:00,8.95,8.91,9.01,8.87,46973282.0,418660020.0,0.331,-0.04,,-0.4469
601229,2026-07-13 00:00:00,8.89,9.09,9.09,8.86,58493002.0,527363470.0,0.412,0.18,,2.0202
601229,2026-07-14 00:00:00,9.05,9.04,9.15,9.0,60471494.0,547982900.0,0.426,-0.05,,-0.5501
601229,2026-07-15 00:00:00,8.99,9.13,9.17,8.96,66738739.0,606321360.0,0.47,0.09,,0.9956
601229,2026-07-16 00:00:00,9.14,9.03,9.21,9.01,49785999.0,451587770.0,0.35,-0.1,,-1.0953
601229,2026-07-17 00:00:00,9.05,9.08,9.17,9.04,70691247.0,644529650.0,0.498,0.05,,0.5537
601229,2026-07-20 00:00:00,9.08,9.28,9.3,9.05,77343488.0,713145860.0,0.544,0.2,,2.2026
601229,2026-07-21 00:00:00,9.3,9.1,9.43,9.08,89209591.0,825544130.0,0.628,-0.18,,-1.9397
601229,2026-07-22 00:00:00,9.09,9.15,9.16,9.0,48527046.0,440932460.0,0.342,0.05,,0.5495
601229,2026-07-23 00:00:00,9.11,9.12,9.21,9.07,54383378.0,496495730.0,0.383,-0.03,,-0.3279
601229,2026-07-24 00:00:00,9.13,9.14,9.23,9.12,48765350.0,447401850.0,0.343,0.02,,0.2193
601236,2026-07-10 00:00:00,6.95,6.9,6.96,6.84,12456307.0,85996200.0,0.265,-0.05,,-0.7194
601236,2026-07-13 00:00:00,6.89,6.85,6.94,6.82,12829965.0,88106265.0,0.273,-0.05,,-0.7246
601236,2026-07-14 00:00:00,6.84,6.89,6.91,6.8,12351838.0,84750624.0,0.263,0.04,,0.5839
601236,2026-07-15 00:00:00,6.9,7.12,7.13,6.87,27481163.0,193317000.0,0.586,0.23,,3.3382
601236,2026-07-16 00:00:00,7.08,7.09,7.12,6.99,15753957.0,111130328.0,0.336,-0.03,,-0.4213
601236,2026-07-17 00:00:00,7.05,7.02,7.18,6.99,22409080.0,158928380.0,0.478,-0.07,,-0.9873
601236,2026-07-20 00:00:00,7.09,7.2,7.2,7.03,32916223.0,234981040.0,0.701,0.18,,2.5641
601236,2026-07-21 00:00:00,7.21,7.12,7.32,7.09,30341474.0,218153230.0,0.647,-0.08,,-1.1111
601236,2026-07-22 00:00:00,7.05,7.04,7.12,6.96,19197494.0,134748810.0,0.409,-0.08,,-1.1236
601236,2026-07-23 00:00:00,7.04,7.09,7.1,7.0,11399733.0,80588018.0,0.243,0.05,,0.7102
601236,2026-07-24 00:00:00,7.08,6.91,7.1,6.9,13228986.0,92278775.0,0.282,-0.18,,-2.5388
601238,2026-07-10 00:00:00,5.1,5.19,5.28,5.03,37539828.0,194949970.0,0.508,0.09,,1.7647
601238,2026-07-13 00:00:00,5.03,4.89,5.05,4.86,55797466.0,275144330.0,0.756,-0.3,,-5.7803
601238,2026-07-14 00:00:00,4.86,4.94,4.94,4.82,29394603.0,143833640.0,0.398,0.05,,1.0225
601238,2026-07-15 00:00:00,4.94,5.08,5.09,4.9,31603931.0,159418080.0,0.428,0.14,,2.834
601238,2026-07-16 00:00:00,5.08,5.16,5.2,4.99,32096162.0,164510640.0,0.435,0.08,,1.5748
601238,2026-07-17 00:00:00,5.2,5.04,5.22,5.02,30052833.0,153434530.0,0.407,-0.12,,-2.3256
601238,2026-07-20 00:00:00,5.03,5.18,5.19,5.02,33495042.0,171878880.0,0.454,0.14,,2.7778
601238,2026-07-21 00:00:00,5.18,5.1,5.28,5.09,36094024.0,186761810.0,0.489,-0.08,,-1.5444
601238,2026-07-22 00:00:00,5.12,5.12,5.12,5.02,22333600.0,113501077.0,0.303,0.02,,0.3922
601238,2026-07-23 00:00:00,5.12,5.27,5.3,5.09,30330830.0,157917210.0,0.411,0.15,,2.9297
601238,2026-07-24 00:00:00,5.22,5.1,5.27,5.1,19833108.0,102547976.0,0.269,-0.17,,-3.2258
601288,2026-07-10 00:00:00,6.08,6.23,6.23,6.07,409298160.0,2524140700.0,0.128,0.15,,2.4671
601288,2026-07-13 00:00:00,6.22,6.37,6.38,6.2,488012070.0,3086917400.0,0.153,0.14,,2.2472
601288,2026-07-14 00:00:00,6.34,6.37,6.41,6.26,409069450.0,2596584000.0,0.128,0.0,,0.0
601288,2026-07-15 00:00:00,6.29,6.37,6.39,6.27,354249600.0,2244559000.0,0.111,0.0,,0.0
601288,2026-07-16 00:00:00,6.37,6.3,6.41,6.21,372331830.0,2344844000.0,0.117,-0.07,,-1.0989
601288,2026-07-17 00:00:00,6.29,6.39,6.42,6.28,537527270.0,3423703300.0,0.168,0.09,,1.4286
601288,2026-07-20 00:00:00,6.35,6.61,6.61,6.33,635574370.0,4146881300.0,0.199,0.22,,3.4429
601288,2026-07-21 00:00:00,6.65,6.43,6.66,6.4,533115840.0,3475939300.0,0.167,-0.18,,-2.7231
601288,2026-07-22 00:00:00,6.4,6.52,6.53,6.32,403548640.0,2603602500.0,0.126,0.09,,1.3997
601288,2026-07-23 00:00:00,6.52,6.59,6.6,6.48,275349420.0,1804205700.0,0.086,0.07,,1.0736
601288,2026-07-24 00:00:00,6.64,6.66,6.67,6.58,377708190.0,2506649700.0,0.118,0.07,,1.0622
601298,2026-07-10 00:00:00,8.03,8.1,8.14,7.97,14434900.0,116403036.0,0.268,0.07,,0.8717
601298,2026-07-13 00:00:00,8.1,8.22,8.23,8.05,14945400.0,121971634.0,0.277,0.12,,1.4815
601298,2026-07-14 00:00:00,8.21,8.42,8.45,8.18,16190813.0,135522930.0,0.3,0.2,,2.4331
601298,2026-07-15 00:00:00,8.37,8.47,8.54,8.37,12690654.0,107614479.0,0.235,0.05,,0.5938
601298,2026-07-16 00:00:00,8.44,8.37,8.54,8.34,11743200.0,98718516.0,0.218,-0.1,,-1.1806
601298,2026-07-17 00:00:00,8.38,8.59,8.68,8.37,25602821.0,219685280.0,0.475,0.22,,2.6284
601298,2026-07-20 00:00:00,8.57,8.73,8.73,8.55,20873398.0,180761790.0,0.387,0.14,,1.6298
601298,2026-07-21 00:00:00,8.72,8.63,8.87,8.58,19925181.0,173900360.0,0.37,-0.1,,-1.1455
601298,2026-07-22 00:00:00,8.58,8.62,8.67,8.52,13349530.0,114750096.0,0.248,-0.01,,-0.1159
601298,2026-07-23 00:00:00,8.55,8.62,8.73,8.55,10985887.0,94971197.0,0.204,0.0,,0.0
601298,2026-07-24 00:00:00,8.63,8.63,8.78,8.61,11937187.0,103728668.0,0.221,0.01,,0.116
601318,2026-07-10 00:00:00,49.47,49.48,49.97,48.97,76494557.0,3787725100.0,0.718,0.01,,0.0202
601318,2026-07-13 00:00:00,49.36,49.53,49.73,49.11,71652351.0,3539328300.0,0.672,0.05,,0.1011
601318,2026-07-14 00:00:00,49.5,49.6,49.76,48.5,97987332.0,4809693600.0,0.919,0.07,,0.1413
601318,2026-07-15 00:00:00,49.58,50.95,51.2,49.45,128669396.0,6486059100.0,1.207,1.35,,2.7218
601318,2026-07-16 00:00:00,50.7,50.67,51.29,50.24,81279871.0,4120400700.0,0.763,-0.28,,-0.5496
601318,2026-07-17 00:00:00,50.66,50.7,51.45,50.58,107232650.0,5464125000.0,1.006,0.03,,0.0592
601318,2026-07-20 00:00:00,50.72,53.23,53.27,50.71,175445100.0,9212523700.0,1.646,2.53,,4.9901
601318,2026-07-21 00:00:00,53.68,52.89,54.65,52.51,159979520.0,8540611600.0,1.501,-0.34,,-0.6387
601318,2026-07-22 00:00:00,52.44,53.95,53.98,52.01,107427296.0,5722414400.0,1.008,1.06,,2.0042
601318,2026-07-23 00:00:00,53.8,54.3,54.59,53.45,73954738.0,3998147300.0,0.694,0.35,,0.6487
601318,2026-07-24 00:00:00,54.58,54.02,54.6,53.6,85262157.0,4598516000.0,0.8,-0.28,,-0.5157
601319,2026-07-10 00:00:00,7.1,7.06,7.17,6.95,111222773.0,782266180.0,0.313,-0.04,,-0.5634
601319,2026-07-13 00:00:00,7.0,7.07,7.08,6.95,71928202.0,505028860.0,0.203,0.01,,0.1416
601319,2026-07-14 00:00:00,7.03,7.16,7.18,6.94,83929651.0,592436170.0,0.236,0.09,,1.273
601319,2026-07-15 00:00:00,7.14,7.41,7.46,7.13,147306390.0,1078877030.0,0.415,0.25,,3.4916
601319,2026-07-16 00:00:00,7.35,7.3,7.4,7.22,81466358.0,593736670.0,0.23,-0.11,,-1.4845
601319,2026-07-17 00:00:00,7.27,7.25,7.38,7.18,89262353.0,649643660.0,0.252,-0.05,,-0.6849
601319,2026-07-20 00:00:00,7.25,7.54,7.57,7.22,133008916.0,991396520.0,0.375,0.29,,4.0
601319,2026-07-21 00:00:00,7.56,7.41,7.67,7.37,146035330.0,1091175150.0,0.411,-0.13,,-1.7241
601319,2026-07-22 00:00:00,7.38,7.55,7.64,7.31,114115260.0,855505600.0,0.322,0.14,,1.8893
601319,2026-07-23 00:00:00,7.54,7.59,7.62,7.47,72800546.0,549816720.0,0.205,0.04,,0.5298
601319,2026-07-24 00:00:00,7.58,7.45,7.63,7.43,68132510.0,512617580.0,0.192,-0.14,,-1.8445
601328,2026-07-10 00:00:00,6.54,6.61,6.65,6.51,171067570.0,1126976730.0,0.656,0.07,,1.0703
601328,2026-07-13 00:00:00,6.6,6.77,6.79,6.58,266835040.0,1797845900.0,1.023,0.16,,2.4206
601328,2026-07-14 00:00:00,6.75,6.78,6.83,6.71,208907050.0,1414100100.0,0.801,0.01,,0.1477
601328,2026-07-15 00:00:00,6.74,6.83,6.86,6.71,197288810.0,1343565500.0,0.757,0.05,,0.7375
601328,2026-07-16 00:00:00,6.86,6.77,6.89,6.73,162597700.0,1102328890.0,0.624,-0.06,,-0.8785
601328,2026-07-17 00:00:00,6.76,6.83,6.85,6.74,221425760.0,1510474800.0,0.849,0.06,,0.8863
601328,2026-07-20 00:00:00,6.81,7.03,7.03,6.79,350195130.0,2436084700.0,1.343,0.2,,2.9283
601328,2026-07-21 00:00:00,7.05,6.81,7.08,6.8,308789490.0,2139447100.0,1.184,-0.22,,-3.1294
601328,2026-07-22 00:00:00,6.78,6.95,6.95,6.76,199843450.0,1371151600.0,0.767,0.14,,2.0558
601328,2026-07-23 00:00:00,6.94,6.95,6.99,6.89,134912900.0,936211600.0,0.518,0.0,,0.0
601328,2026-07-24 00:00:00,7.01,7.04,7.05,6.98,230953110.0,1621970100.0,0.886,0.09,,1.295
601336,2026-07-10 00:00:00,61.85,62.98,63.3,61.4,25003919.0,1564784000.0,1.199,1.13,,1.827
601336,2026-07-13 00:00:00,62.21,61.98,62.7,60.87,23073281.0,1423533600.0,1.106,-1.0,,-1.5878
601336,2026-07-14 00:00:00,63.48,64.51,64.97,61.81,41989294.0,2659488200.0,2.014,2.53,,4.082
601336,2026-07-15 00:00:00,64.0,65.55,66.66,63.55,39626126.0,2576060400.0,1.9,1.04,,1.6122
601336,2026-07-16 00:00:00,64.88,64.35,65.33,63.88,22485860.0,1450411900.0,1.078,-1.2,,-1.8307
601336,2026-07-17 00:00:00,63.89,62.8,64.78,62.61,25110709.0,1599151500.0,1.204,-1.55,,-2.4087
601336,2026-07-20 00:00:00,63.0,64.84,65.45,62.99,36171249.0,2332861500.0,1.735,2.04,,3.2484
601336,2026-07-21 00:00:00,64.89,64.64,65.89,63.66,29051421.0,1876402200.0,1.393,-0.2,,-0.3085
601336,2026-07-22 00:00:00,64.01,65.33,65.88,63.23,30952461.0,2007519300.0,1.484,0.69,,1.0675
601336,2026-07-23 00:00:00,65.04,65.72,66.1,64.51,23061560.0,1506509400.0,1.106,0.39,,0.597
601336,2026-07-24 00:00:00,65.31,63.12,65.59,62.62,27336196.0,1752829800.0,1.311,-2.6,,-3.9562
601360,2026-07-10 00:00:00,8.77,9.06,9.53,8.72,151333350.0,1383616000.0,2.162,0.29,,3.3067
601360,2026-07-13 00:00:00,9.16,8.9,9.25,8.8,114692068.0,1031346860.0,1.639,-0.16,,-1.766
601360,2026-07-14 00:00:00,8.91,8.82,8.98,8.55,99652767.0,867701140.0,1.424,-0.08,,-0.8989
601360,2026-07-15 00:00:00,8.76,9.0,9.25,8.75,115995785.0,1045747960.0,1.657,0.18,,2.0408
601360,2026-07-16 00:00:00,8.92,9.05,9.16,8.84,100886421.0,909815770.0,1.441,0.05,,0.5556
601360,2026-07-17 00:00:00,8.99,8.6,9.21,8.58,109686643.0,964710700.0,1.567,-0.45,,-4.9724
601360,2026-07-20 00:00:00,8.64,8.76,8.8,8.53,90679586.0,786907460.0,1.296,0.16,,1.8605
601360,2026-07-21 00:00:00,8.71,8.98,9.01,8.68,118829777.0,1056493040.0,1.698,0.22,,2.5114
601360,2026-07-22 00:00:00,8.9,9.09,9.33,8.78,157867370.0,1420639800.0,2.255,0.11,,1.2249
601360,2026-07-23 00:00:00,8.91,8.85,8.93,8.75,111938419.0,987193860.0,1.599,-0.24,,-2.6403
601360,2026-07-24 00:00:00,8.73,8.43,8.75,8.41,90162549.0,772393830.0,1.288,-0.42,,-4.7458
601377,2026-07-10 00:00:00,6.1,6.16,6.21,6.02,116141578.0,712102730.0,1.345,0.06,,0.9836
601377,2026-07-13 00:00:00,6.11,6.08,6.16,6.05,83801205.0,511206640.0,0.97,-0.08,,-1.2987
601377,2026-07-14 00:00:00,6.06,6.13,6.13,6.03,72248327.0,439831270.0,0.837,0.05,,0.8224
601377,2026-07-15 00:00:00,6.13,6.21,6.24,6.11,117679826.0,727398810.0,1.363,0.08,,1.3051
601377,2026-07-16 00:00:00,6.16,6.17,6.19,6.12,72832246.0,448577770.0,0.843,-0.04,,-0.6441
601377,2026-07-17 00:00:00,6.15,6.12,6.22,6.07,114084057.0,703339580.0,1.321,-0.05,,-0.8104
601377,2026-07-20 00:00:00,6.15,6.2,6.24,6.12,110773194.0,684455900.0,1.283,0.08,,1.3072
601377,2026-07-21 00:00:00,6.2,6.18,6.25,6.13,105493352.0,652167560.0,1.222,-0.02,,-0.3226
601377,2026-07-22 00:00:00,6.15,6.13,6.16,6.09,75080379.0,459167100.0,0.869,-0.05,,-0.8091
601377,2026-07-23 00:00:00,6.13,6.22,6.23,6.12,78158516.0,482950290.0,0.905,0.09,,1.4682
601377,2026-07-24 00:00:00,6.19,6.08,6.2,6.08,70901951.0,435434270.0,0.821,-0.14,,-2.2508
601390,2026-07-10 00:00:00,4.2,4.28,4.3,4.17,127208889.0,540558020.0,0.626,0.08,,1.9048
601390,2026-07-13 00:00:00,4.26,4.25,4.28,4.23,99061208.0,421254680.0,0.487,-0.03,,-0.7009
601390,2026-07-14 00:00:00,4.24,4.33,4.33,4.22,128607287.0,550719720.0,0.633,0.08,,1.8824
601390,2026-07-15 00:00:00,4.31,4.45,4.45,4.3,155340440.0,683966370.0,0.764,0.12,,2.7714
601390,2026-07-16 00:00:00,4.43,4.44,4.47,4.39,110497652.0,489173280.0,0.544,-0.01,,-0.2247
601390,2026-07-17 00:00:00,4.43,4.43,4.51,4.41,134262760.0,599083280.0,0.661,-0.01,,-0.2252
601390,2026-07-20 00:00:00,4.43,4.53,4.55,4.43,169093370.0,761485210.0,0.832,0.1,,2.2573
601390,2026-07-21 00:00:00,4.52,4.49,4.61,4.48,179096470.0,811712170.0,0.881,-0.04,,-0.883
601390,2026-07-22 00:00:00,4.5,4.57,4.58,4.44,160420120.0,726337620.0,0.789,0.08,,1.7817
601390,2026-07-23 00:00:00,4.55,4.6,4.6,4.53,100326218.0,459127480.0,0.494,0.03,,0.6565
601390,2026-07-24 00:00:00,4.57,4.52,4.61,4.51,105478117.0,480224730.0,0.519,-0.08,,-1.7391
601398,2026-07-10 00:00:00,7.24,7.33,7.33,7.23,406838240.0,2963875400.0,0.151,0.09,,1.2431
601398,2026-07-13 00:00:00,7.31,7.53,7.54,7.29,650783510.0,4856619000.0,0.241,0.2,,2.7285
601398,2026-07-14 00:00:00,7.46,7.5,7.54,7.42,476481950.0,3562493800.0,0.177,-0.03,,-0.3984
601398,2026-07-15 00:00:00,7.43,7.51,7.52,7.4,402361820.0,3001141600.0,0.149,0.01,,0.1333
601398,2026-07-16 00:00:00,7.51,7.39,7.53,7.36,351740090.0,2612814900.0,0.131,-0.12,,-1.5979
601398,2026-07-17 00:00:00,7.4,7.57,7.59,7.39,715159830.0,5370117200.0,0.265,0.18,,2.4357
601398,2026-07-20 00:00:00,7.5,7.74,7.74,7.48,622076230.0,4764728800.0,0.231,0.17,,2.2457
601398,2026-07-21 00:00:00,7.79,7.56,7.81,7.51,575878520.0,4397171000.0,0.214,-0.18,,-2.3256
601398,2026-07-22 00:00:00,7.51,7.6,7.6,7.42,430154250.0,3235032400.0,0.16,0.04,,0.5291
601398,2026-07-23 00:00:00,7.58,7.68,7.7,7.56,315688300.0,2414611900.0,0.117,0.08,,1.0526
601398,2026-07-24 00:00:00,7.76,7.75,7.79,7.67,368952150.0,2849308900.0,0.137,0.07,,0.9115
601456,2026-07-10 00:00:00,8.86,8.87,8.9,8.75,17910579.0,158315610.0,0.409,0.01,,0.1129
601456,2026-07-13 00:00:00,8.82,8.88,8.88,8.78,19457685.0,171873690.0,0.445,0.01,,0.1127
601456,2026-07-14 00:00:00,8.87,8.94,8.94,8.79,19087535.0,169389060.0,0.436,0.06,,0.6757
601456,2026-07-15 00:00:00,8.91,9.07,9.12,8.89,27962886.0,252327880.0,0.639,0.13,,1.4541
601456,2026-07-16 00:00:00,9.02,9.02,9.08,8.96,18485100.0,166653000.0,0.422,-0.05,,-0.5513
601456,2026-07-17 00:00:00,9.02,8.97,9.1,8.92,26801304.0,241634980.0,0.612,-0.05,,-0.5543
601456,2026-07-20 00:00:00,9.02,9.12,9.12,8.97,30747697.0,278463530.0,0.703,0.15,,1.6722
601456,2026-07-21 00:00:00,9.11,9.09,9.25,9.07,29938404.0,273742410.0,0.684,-0.03,,-0.3289
601456,2026-07-22 00:00:00,9.05,9.01,9.09,8.92,17757800.0,159510220.0,0.406,-0.08,,-0.8801
601456,2026-07-23 00:00:00,9.01,9.06,9.07,8.97,13559200.0,122500969.0,0.31,0.05,,0.5549
601456,2026-07-24 00:00:00,9.04,8.89,9.06,8.89,14588546.0,130701242.0,0.333,-0.17,,-1.8764
601600,2026-07-10 00:00:00,8.18,8.35,8.55,8.11,294424790.0,2456801800.0,2.23,0.17,,2.0782
601600,2026-07-13 00:00:00,8.2,8.11,8.3,8.07,201194480.0,1640440300.0,1.524,-0.24,,-2.8743
601600,2026-07-14 00:00:00,8.29,8.86,8.92,8.13,556133360.0,4774370700.0,4.212,0.75,,9.2478
601600,2026-07-15 00:00:00,8.69,8.98,9.12,8.67,479445330.0,4283258200.0,3.631,0.12,,1.3544
601600,2026-07-16 00:00:00,8.8,8.68,8.99,8.6,282622020.0,2483323000.0,2.141,-0.3,,-3.3408
601600,2026-07-17 00:00:00,8.62,8.44,8.7,8.33,254089390.0,2154489300.0,1.924,-0.24,,-2.765
601600,2026-07-20 00:00:00,8.61,9.17,9.26,8.53,501550140.0,4494813100.0,3.799,0.73,,8.6493
601600,2026-07-21 00:00:00,9.17,9.16,9.3,8.93,403587220.0,3680455800.0,3.057,-0.01,,-0.1091
601600,2026-07-22 00:00:00,9.09,9.43,9.56,9.09,357978830.0,3362012900.0,2.711,0.27,,2.9476
601600,2026-07-23 00:00:00,9.41,9.78,9.97,9.22,436215440.0,4228515900.0,3.304,0.35,,3.7116
601600,2026-07-24 00:00:00,9.59,9.44,9.78,9.3,313313010.0,2970812200.0,2.373,-0.34,,-3.4765
601601,2026-07-10 00:00:00,28.14,28.47,28.87,27.68,51758344.0,1529810600.0,0.756,0.33,,1.1727
601601,2026-07-13 00:00:00,28.4,28.44,28.61,28.06,45674853.0,1345037700.0,0.667,-0.03,,-0.1054
601601,2026-07-14 00:00:00,28.47,28.87,28.9,27.78,58959894.0,1742202600.0,0.861,0.43,,1.512
601601,2026-07-15 00:00:00,28.79,30.21,30.44,28.79,92578770.0,2856242600.0,1.353,1.34,,4.6415
601601,2026-07-16 00:00:00,30.0,29.88,30.32,29.46,58426229.0,1812395300.0,0.854,-0.33,,-1.0924
601601,2026-07-17 00:00:00,30.02,29.75,30.23,29.48,67086242.0,2004615300.0,0.98,-0.13,,-0.4351
601601,2026-07-20 00:00:00,29.79,31.63,31.83,29.75,108311174.0,3371753400.0,1.582,1.88,,6.3193
601601,2026-07-21 00:00:00,31.8,31.63,32.41,31.11,93055089.0,2946586500.0,1.36,0.0,,0.0
601601,2026-07-22 00:00:00,31.31,32.75,32.8,31.08,86137138.0,2769761700.0,1.258,1.12,,3.5409
601601,2026-07-23 00:00:00,32.75,32.81,32.9,32.23,53027341.0,1727502400.0,0.775,0.06,,0.1832
601601,2026-07-24 00:00:00,32.79,31.95,33.09,31.55,70890878.0,2273385600.0,1.036,-0.86,,-2.6212
601607,2026-07-10 00:00:00,15.73,15.78,15.89,15.45,14126089.0,226641840.0,0.507,0.05,,0.3179
601607,2026-07-13 00:00:00,15.8,15.98,16.05,15.77,16973278.0,276643260.0,0.609,0.2,,1.2674
601607,2026-07-14 00:00:00,15.94,16.26,16.43,15.9,23713794.0,394000870.0,0.85,0.28,,1.7522
601607,2026-07-15 00:00:00,16.18,16.52,16.57,16.11,21262849.0,357474600.0,0.762,0.26,,1.599
601607,2026-07-16 00:00:00,16.45,16.69,16.75,16.36,23133393.0,392044480.0,0.829,0.17,,1.0291
601607,2026-07-17 00:00:00,16.69,16.61,16.95,16.6,24209564.0,405793360.0,0.868,-0.08,,-0.4793
601607,2026-07-20 00:00:00,16.63,16.92,16.94,16.5,22546451.0,378272900.0,0.808,0.31,,1.8663
601607,2026-07-21 00:00:00,16.85,16.64,17.05,16.61,21471451.0,361052900.0,0.77,-0.28,,-1.6548
601607,2026-07-22 00:00:00,16.6,16.75,16.79,16.42,17333519.0,288326440.0,0.621,0.11,,0.6611
601607,2026-07-23 00:00:00,16.65,16.59,16.74,16.5,9649967.0,160127410.0,0.346,-0.16,,-0.9552
601607,2026-07-24 00:00:00,16.62,16.38,16.69,16.34,8930799.0,147104390.0,0.32,-0.21,,-1.2658
601618,2026-07-10 00:00:00,2.51,2.57,2.6,2.48,148835160.0,380106090.0,0.834,0.06,,2.3904
601618,2026-07-13 00:00:00,2.57,2.54,2.58,2.53,100873712.0,257324910.0,0.565,-0.03,,-1.1673
601618,2026-07-14 00:00:00,2.54,2.58,2.59,2.53,98876700.0,253144060.0,0.554,0.04,,1.5748
601618,2026-07-15 00:00:00,2.58,2.63,2.64,2.57,108376159.0,283863490.0,0.607,0.05,,1.938
601618,2026-07-16 00:00:00,2.62,2.64,2.65,2.6,104459437.0,274739410.0,0.585,0.01,,0.3802
601618,2026-07-17 00:00:00,2.62,2.61,2.67,2.61,126855004.0,335198370.0,0.711,-0.03,,-1.1364
601618,2026-07-20 00:00:00,2.61,2.67,2.69,2.61,136406470.0,363087870.0,0.764,0.06,,2.2989
601618,2026-07-21 00:00:00,2.68,2.66,2.7,2.64,114679387.0,306342390.0,0.642,-0.01,,-0.3745
601618,2026-07-22 00:00:00,2.65,2.68,2.69,2.62,99331178.0,264376460.0,0.556,0.02,,0.7519
601618,2026-07-23 00:00:00,2.68,2.7,2.71,2.66,82115185.0,220891920.0,0.46,0.02,,0.7463
601618,2026-07-24 00:00:00,2.69,2.65,2.72,2.65,90871316.0,243726240.0,0.509,-0.05,,-1.8519
601628,2026-07-10 00:00:00,36.9,37.42,37.83,36.53,37152525.0,1381031500.0,0.178,0.52,,1.4092
601628,2026-07-13 00:00:00,37.2,37.73,37.99,36.72,41959197.0,1563578300.0,0.202,0.31,,0.8284
601628,2026-07-14 00:00:00,37.51,38.72,39.08,36.61,55916120.0,2117998100.0,0.269,0.99,,2.6239
601628,2026-07-15 00:00:00,39.33,40.42,41.01,38.51,84728418.0,3360378600.0,0.407,1.7,,4.3905
601628,2026-07-16 00:00:00,39.68,38.92,40.2,38.67,45664644.0,1789284800.0,0.219,-1.5,,-3.711
601628,2026-07-17 00:00:00,38.6,39.05,39.56,38.17,56677082.0,2207054200.0,0.272,0.13,,0.334
601628,2026-07-20 00:00:00,38.52,40.6,40.66,38.36,50998529.0,2029967000.0,0.245,1.55,,3.9693
601628,2026-07-21 00:00:00,40.17,40.17,41.63,39.5,59365707.0,2395326600.0,0.285,-0.43,,-1.0591
601628,2026-07-22 00:00:00,39.61,41.0,41.38,39.44,43868955.0,1779384900.0,0.211,0.83,,2.0662
601628,2026-07-23 00:00:00,41.0,41.73,42.0,40.28,41744630.0,1720188700.0,0.201,0.73,,1.7805
601628,2026-07-24 00:00:00,41.55,40.31,41.75,39.9,42230897.0,1717041700.0,0.203,-1.42,,-3.4028
601633,2026-07-10 00:00:00,14.72,14.91,15.1,14.46,17284801.0,262643530.0,0.278,0.19,,1.2908
601633,2026-07-13 00:00:00,14.91,15.0,15.04,14.76,14732853.0,219102580.0,0.237,0.09,,0.6036
601633,2026-07-14 00:00:00,14.98,15.03,15.08,14.88,12788823.0,191715960.0,0.206,0.03,,0.2
601633,2026-07-15 00:00:00,15.0,15.58,15.6,14.91,22089795.0,341272650.0,0.355,0.55,,3.6593
601633,2026-07-16 00:00:00,15.54,15.89,15.95,15.4,21236682.0,334240700.0,0.341,0.31,,1.9897
601633,2026-07-17 00:00:00,15.85,15.66,16.14,15.56,20147266.0,317834510.0,0.324,-0.23,,-1.4475
601633,2026-07-20 00:00:00,15.7,16.36,16.44,15.7,26994323.0,434384600.0,0.434,0.7,,4.47
601633,2026-07-21 00:00:00,16.37,16.09,16.84,16.06,29238860.0,479699490.0,0.47,-0.27,,-1.6504
601633,2026-07-22 00:00:00,16.06,16.08,16.14,15.75,19442842.0,309807460.0,0.313,-0.01,,-0.0622
601633,2026-07-23 00:00:00,16.09,16.21,16.26,15.86,13777065.0,221865900.0,0.222,0.13,,0.8085
601633,2026-07-24 00:00:00,16.12,16.12,16.36,16.08,11007451.0,178006430.0,0.177,-0.09,,-0.5552
601658,2026-07-10 00:00:00,4.89,4.95,4.95,4.88,147035510.0,736226110.0,0.203,0.06,,1.227
601658,2026-07-13 00:00:00,4.94,5.05,5.05,4.92,189820890.0,950669950.0,0.262,0.1,,2.0202
601658,2026-07-14 00:00:00,5.02,5.04,5.05,4.99,156648430.0,786433880.0,0.216,-0.01,,-0.198
601658,2026-07-15 00:00:00,5.0,5.09,5.09,4.99,153767910.0,776266720.0,0.212,0.05,,0.9921
601658,2026-07-16 00:00:00,5.08,5.05,5.1,5.03,117205954.0,593464400.0,0.162,-0.04,,-0.7859
601658,2026-07-17 00:00:00,5.04,5.09,5.11,5.03,171285460.0,872262480.0,0.236,0.04,,0.7921
601658,2026-07-20 00:00:00,5.06,5.18,5.19,5.05,231416920.0,1191426650.0,0.319,0.09,,1.7682
601658,2026-07-21 00:00:00,5.2,5.05,5.22,5.04,226240510.0,1159267590.0,0.312,-0.13,,-2.5097
601658,2026-07-22 00:00:00,5.03,5.11,5.11,5.0,143903730.0,727671030.0,0.198,0.06,,1.1881
601658,2026-07-23 00:00:00,5.1,5.11,5.13,5.08,110689268.0,565102580.0,0.153,0.0,,0.0
601658,2026-07-24 00:00:00,5.12,5.12,5.15,5.08,155629930.0,795168120.0,0.215,0.01,,0.1957
601668,2026-07-10 00:00:00,4.29,4.32,4.33,4.23,204627090.0,932640280.0,0.495,0.03,,0.6993
601668,2026-07-13 00:00:00,4.31,4.37,4.37,4.28,221610540.0,1021878700.0,0.536,0.05,,1.1574
601668,2026-07-14 00:00:00,4.36,4.42,4.43,4.35,258471190.0,1206687730.0,0.626,0.05,,1.1442
601668,2026-07-15 00:00:00,4.41,4.45,4.47,4.38,272131850.0,1280913300.0,0.659,0.03,,0.6787
601668,2026-07-16 00:00:00,4.48,4.47,4.53,4.45,333010710.0,1493002200.0,0.806,0.02,,0.4494
601668,2026-07-17 00:00:00,4.47,4.53,4.57,4.46,307896490.0,1395548900.0,0.745,0.06,,1.3423
601668,2026-07-20 00:00:00,4.53,4.65,4.66,4.53,463790710.0,2136694900.0,1.122,0.12,,2.649
601668,2026-07-21 00:00:00,4.69,4.63,4.74,4.61,439425040.0,2053405100.0,1.064,-0.02,,-0.4301
601668,2026-07-22 00:00:00,4.62,4.7,4.7,4.56,311484570.0,1445148200.0,0.754,0.07,,1.5119
601668,2026-07-23 00:00:00,4.7,4.7,4.72,4.66,209925730.0,984124200.0,0.508,0.0,,0.0
601668,2026-07-24 00:00:00,4.7,4.7,4.74,4.67,202378720.0,950046390.0,0.49,0.0,,0.0
601669,2026-07-10 00:00:00,4.62,4.66,4.69,4.59,99884604.0,464265030.0,0.764,0.04,,0.8658
601669,2026-07-13 00:00:00,4.64,4.6,4.66,4.59,87832372.0,404931750.0,0.672,-0.06,,-1.2876
601669,2026-07-14 00:00:00,4.59,4.66,4.67,4.58,95259833.0,440356750.0,0.729,0.06,,1.3043
601669,2026-07-15 00:00:00,4.64,4.74,4.75,4.64,125791839.0,591771140.0,0.962,0.08,,1.7167
601669,2026-07-16 00:00:00,4.72,4.72,4.75,4.68,103977278.0,490049050.0,0.795,-0.02,,-0.4219
601669,2026-07-17 00:00:00,4.72,4.71,4.78,4.68,166193020.0,788065260.0,1.271,-0.01,,-0.2119
601669,2026-07-20 00:00:00,4.71,4.83,4.84,4.71,192485300.0,921592130.0,1.473,0.12,,2.5478
601669,2026-07-21 00:00:00,4.85,4.8,4.87,4.76,174703220.0,840213760.0,1.337,-0.03,,-0.6211
601669,2026-07-22 00:00:00,4.78,4.82,4.84,4.75,132167068.0,633901690.0,1.011,0.02,,0.4167
601669,2026-07-23 00:00:00,4.84,4.91,4.92,4.79,166736670.0,812555270.0,1.276,0.09,,1.8672
601669,2026-07-24 00:00:00,4.87,4.75,4.9,4.75,143986720.0,693456640.0,1.102,-0.16,,-3.2587
601688,2026-07-10 00:00:00,20.3,20.18,20.5,19.85,70010674.0,1412549500.0,0.958,-0.12,,-0.5911
601688,2026-07-13 00:00:00,20.18,19.8,20.25,19.77,72055964.0,1437193100.0,0.986,-0.38,,-1.8831
601688,2026-07-14 00:00:00,19.68,20.08,20.09,19.55,68391945.0,1360559000.0,0.936,0.28,,1.4141
601688,2026-07-15 00:00:00,20.12,20.63,20.86,20.1,96803137.0,1982802900.0,1.325,0.55,,2.739
601688,2026-07-16 00:00:00,20.39,20.36,20.66,20.22,65709931.0,1337784990.0,0.899,-0.27,,-1.3088
601688,2026-07-17 00:00:00,20.32,19.87,20.49,19.86,78664553.0,1586810300.0,1.077,-0.49,,-2.4067
601688,2026-07-20 00:00:00,19.98,20.47,20.57,19.92,92486647.0,1877627700.0,1.266,0.6,,3.0196
601688,2026-07-21 00:00:00,20.85,20.63,20.86,20.28,80330716.0,1647878700.0,1.099,0.16,,0.7816
601688,2026-07-22 00:00:00,20.42,20.63,20.76,20.36,55656742.0,1144187410.0,0.762,0.0,,0.0
601688,2026-07-23 00:00:00,20.63,20.85,20.9,20.42,54189949.0,1122121800.0,0.742,0.22,,1.0664
601688,2026-07-24 00:00:00,20.77,20.4,20.8,20.25,59211683.0,1209881810.0,0.81,-0.45,,-2.1583
601689,2026-07-10 00:00:00,56.0,57.36,59.15,55.78,53105400.0,3056677800.0,3.056,1.36,,2.4286
601689,2026-07-13 00:00:00,56.02,53.95,56.27,53.71,36515523.0,2006846700.0,2.101,-3.41,,-5.9449
601689,2026-07-14 00:00:00,53.95,54.36,54.4,52.35,27510899.0,1471876500.0,1.583,0.41,,0.76
601689,2026-07-15 00:00:00,54.5,54.5,55.59,52.57,30581636.0,1659465200.0,1.76,0.14,,0.2575
601689,2026-07-16 00:00:00,53.55,54.47,55.72,53.22,28226079.0,1545202700.0,1.624,-0.03,,-0.055
601689,2026-07-17 00:00:00,54.9,50.67,54.93,50.25,38670269.0,2015232700.0,2.225,-3.8,,-6.9763
601689,2026-07-20 00:00:00,50.67,48.52,51.39,47.1,36956185.0,1821237500.0,2.127,-2.15,,-4.2431
601689,2026-07-21 00:00:00,48.83,50.36,50.36,47.98,31634650.0,1562559400.0,1.82,1.84,,3.7923
601689,2026-07-22 00:00:00,49.66,49.49,50.15,48.65,25685443.0,1266779570.0,1.478,-0.87,,-1.7276
601689,2026-07-23 00:00:00,47.73,48.17,48.31,46.0,36209478.0,1720129200.0,2.084,-1.32,,-2.6672
601689,2026-07-24 00:00:00,45.9,45.62,46.93,45.37,26962960.0,1241863940.0,1.552,-2.55,,-5.2938
601698,2026-07-10 00:00:00,29.82,32.88,32.88,28.91,65581883.0,2073521800.0,1.553,3.06,,10.2616
601698,2026-07-13 00:00:00,34.0,31.56,34.88,29.88,135046180.0,4312077100.0,3.197,-1.32,,-4.0146
601698,2026-07-14 00:00:00,30.6,28.91,30.97,28.4,77460831.0,2239615500.0,1.834,-2.65,,-8.3967
601698,2026-07-15 00:00:00,28.09,27.83,29.3,27.83,47301282.0,1341680350.0,1.12,-1.08,,-3.7357
601698,2026-07-16 00:00:00,27.14,27.42,28.12,26.87,31187404.0,858489890.0,0.738,-0.41,,-1.4732
601698,2026-07-17 00:00:00,27.2,25.59,27.6,25.3,40789344.0,1073278620.0,0.966,-1.83,,-6.674
601698,2026-07-20 00:00:00,25.82,24.55,26.16,24.0,41100028.0,1029646810.0,0.973,-1.04,,-4.0641
601698,2026-07-21 00:00:00,24.62,25.18,25.33,23.57,38160475.0,938510570.0,0.903,0.63,,2.5662
601698,2026-07-22 00:00:00,24.9,24.72,25.9,24.7,30876070.0,775676050.0,0.731,-0.46,,-1.8268
601698,2026-07-23 00:00:00,24.47,25.61,26.1,24.35,37547069.0,951610850.0,0.889,0.89,,3.6003
601698,2026-07-24 00:00:00,25.29,25.03,25.6,25.02,22288669.0,563551830.0,0.528,-0.58,,-2.2647
601728,2026-07-10 00:00:00,5.55,5.64,5.69,5.55,118266200.0,665594600.0,0.152,0.09,,1.6216
601728,2026-07-13 00:00:00,5.6,5.71,5.71,5.59,123598667.0,699329850.0,0.159,0.07,,1.2411
601728,2026-07-14 00:00:00,5.69,5.75,5.77,5.68,113626396.0,651303340.0,0.146,0.04,,0.7005
601728,2026-07-15 00:00:00,5.72,5.88,5.89,5.71,123320149.0,720942540.0,0.159,0.13,,2.2609
601728,2026-07-16 00:00:00,5.88,5.89,5.96,5.85,99375494.0,584699480.0,0.128,0.01,,0.1701
601728,2026-07-17 00:00:00,5.88,6.01,6.02,5.86,182764030.0,1090740220.0,0.235,0.12,,2.0374
601728,2026-07-20 00:00:00,6.01,6.24,6.24,5.92,264829930.0,1625349800.0,0.341,0.23,,3.827
601728,2026-07-21 00:00:00,6.3,6.1,6.3,6.04,225663420.0,1384253500.0,0.291,-0.14,,-2.2436
601728,2026-07-22 00:00:00,6.05,6.02,6.06,5.87,213860840.0,1272762410.0,0.276,-0.08,,-1.3115
601728,2026-07-23 00:00:00,6.03,6.04,6.1,5.99,123272516.0,744752570.0,0.159,0.02,,0.3322
601728,2026-07-24 00:00:00,6.1,6.16,6.18,6.04,145220800.0,890212130.0,0.187,0.12,,1.9868
601766,2026-07-10 00:00:00,5.38,5.5,5.52,5.35,173527130.0,947752310.0,0.713,0.12,,2.2305
601766,2026-07-13 00:00:00,5.48,5.44,5.52,5.38,178961270.0,973152630.0,0.736,-0.06,,-1.0909
601766,2026-07-14 00:00:00,5.41,5.51,5.52,5.38,131089160.0,715178700.0,0.539,0.07,,1.2868
601766,2026-07-15 00:00:00,5.5,5.6,5.61,5.48,149774040.0,835059930.0,0.616,0.09,,1.6334
601766,2026-07-16 00:00:00,5.58,5.61,5.64,5.54,126723493.0,708899320.0,0.521,0.01,,0.1786
601766,2026-07-17 00:00:00,5.58,5.65,5.72,5.58,234769520.0,1332280670.0,0.965,0.04,,0.713
601766,2026-07-20 00:00:00,5.68,6.03,6.04,5.67,538468810.0,3197415000.0,2.213,0.38,,6.7257
601766,2026-07-21 00:00:00,6.03,5.99,6.11,5.94,386945210.0,2328962400.0,1.591,-0.04,,-0.6633
601766,2026-07-22 00:00:00,5.99,5.99,6.01,5.89,229343380.0,1368044100.0,0.943,0.0,,0.0
601766,2026-07-23 00:00:00,5.95,6.0,6.02,5.92,148429160.0,887879640.0,0.61,0.01,,0.1669
601766,2026-07-24 00:00:00,5.99,5.94,6.02,5.93,118098456.0,706284990.0,0.485,-0.06,,-1.0
601788,2026-07-10 00:00:00,15.01,14.98,15.12,14.83,31457787.0,471127950.0,0.805,-0.03,,-0.1999
601788,2026-07-13 00:00:00,14.81,14.85,15.07,14.81,25854434.0,385019430.0,0.662,-0.13,,-0.8678
601788,2026-07-14 00:00:00,14.85,14.78,14.85,14.49,30021003.0,441075430.0,0.768,-0.07,,-0.4714
601788,2026-07-15 00:00:00,14.69,14.96,15.08,14.67,35448611.0,528575340.0,0.907,0.18,,1.2179
601788,2026-07-16 00:00:00,14.84,14.79,14.96,14.72,25214879.0,372918260.0,0.645,-0.17,,-1.1364
601788,2026-07-17 00:00:00,14.83,14.61,14.97,14.6,33803676.0,499798580.0,0.865,-0.18,,-1.217
601788,2026-07-20 00:00:00,14.65,14.85,14.91,14.62,31559949.0,466022170.0,0.808,0.24,,1.6427
601788,2026-07-21 00:00:00,14.89,14.95,15.08,14.79,37205971.0,555208100.0,0.952,0.1,,0.6734
601788,2026-07-22 00:00:00,14.86,14.78,14.93,14.71,24849090.0,367878670.0,0.636,-0.17,,-1.1371
601788,2026-07-23 00:00:00,14.81,14.93,14.93,14.73,21725749.0,322241900.0,0.556,0.15,,1.0149
601788,2026-07-24 00:00:00,14.83,14.39,14.85,14.37,32675353.0,476693560.0,0.836,-0.54,,-3.6169
601800,2026-07-10 00:00:00,5.74,5.86,5.88,5.69,46684733.0,275111110.0,0.398,0.12,,2.0906
601800,2026-07-13 00:00:00,5.84,5.83,5.87,5.8,28046471.0,165792690.0,0.239,-0.03,,-0.5119
601800,2026-07-14 00:00:00,5.81,5.89,5.89,5.78,31789284.0,188160120.0,0.271,0.06,,1.0292
601800,2026-07-15 00:00:00,5.87,6.01,6.02,5.85,52805452.0,318569070.0,0.45,0.12,,2.0374
601800,2026-07-16 00:00:00,5.99,6.01,6.05,5.96,32578466.0,198229630.0,0.278,0.0,,0.0
601800,2026-07-17 00:00:00,6.0,5.99,6.1,5.96,52689919.0,322483050.0,0.45,-0.02,,-0.3328
601800,2026-07-20 00:00:00,6.01,6.16,6.17,6.0,67824589.0,419839370.0,0.579,0.17,,2.8381
601800,2026-07-21 00:00:00,6.17,6.14,6.32,6.08,87766204.0,550832750.0,0.749,-0.02,,-0.3247
601800,2026-07-22 00:00:00,6.14,6.2,6.21,6.03,53750208.0,333677690.0,0.459,0.06,,0.9772
601800,2026-07-23 00:00:00,6.18,6.22,6.23,6.15,31186567.0,193105220.0,0.266,0.02,,0.3226
601800,2026-07-24 00:00:00,6.18,6.1,6.24,6.1,35242853.0,216988860.0,0.301,-0.12,,-1.9293
601808,2026-07-10 00:00:00,11.0,11.29,11.3,10.83,28039945.0,311904160.0,0.947,0.29,,2.6364
601808,2026-07-13 00:00:00,11.46,11.38,11.54,11.27,20972496.0,238443670.0,0.708,0.09,,0.7972
601808,2026-07-14 00:00:00,11.58,11.7,11.9,11.5,43038309.0,503532770.0,1.454,0.32,,2.812
601808,2026-07-15 00:00:00,11.5,11.57,11.72,11.4,27997888.0,324204320.0,0.946,-0.13,,-1.1111
601808,2026-07-16 00:00:00,11.55,11.68,11.75,11.37,24008896.0,277877490.0,0.811,0.11,,0.9507
601808,2026-07-17 00:00:00,11.67,11.57,11.94,11.48,21479481.0,250880270.0,0.726,-0.11,,-0.9418
601808,2026-07-20 00:00:00,11.81,12.27,12.27,11.76,50792150.0,615449570.0,1.716,0.7,,6.0501
601808,2026-07-21 00:00:00,12.08,12.01,12.26,11.88,38976912.0,469000450.0,1.317,-0.26,,-2.119
601808,2026-07-22 00:00:00,12.1,12.38,12.39,12.01,34120534.0,417303160.0,1.153,0.37,,3.0808
601808,2026-07-23 00:00:00,12.39,12.55,12.61,12.29,30198326.0,377227300.0,1.02,0.17,,1.3732
601808,2026-07-24 00:00:00,12.73,12.17,12.95,12.15,35530508.0,443266320.0,1.2,-0.38,,-3.0279
601816,2026-07-10 00:00:00,4.62,4.66,4.67,4.58,142829240.0,661531740.0,0.292,0.04,,0.8658
601816,2026-07-13 00:00:00,4.65,4.68,4.69,4.64,126127441.0,588389280.0,0.258,0.02,,0.4292
601816,2026-07-14 00:00:00,4.66,4.72,4.72,4.64,162101140.0,761113200.0,0.331,0.04,,0.8547
601816,2026-07-15 00:00:00,4.69,4.77,4.78,4.68,170678470.0,810511020.0,0.349,0.05,,1.0593
601816,2026-07-16 00:00:00,4.78,4.74,4.8,4.72,130227368.0,618851090.0,0.266,-0.03,,-0.6289
601816,2026-07-17 00:00:00,4.73,4.82,4.86,4.72,313984710.0,1509103900.0,0.642,0.08,,1.6878
601816,2026-07-20 00:00:00,4.81,4.94,4.95,4.8,252920830.0,1238830820.0,0.517,0.12,,2.4896
601816,2026-07-21 00:00:00,4.93,4.94,5.03,4.93,346828150.0,1725201200.0,0.709,0.0,,0.0
601816,2026-07-22 00:00:00,4.94,5.01,5.02,4.9,203495560.0,1010700800.0,0.416,0.07,,1.417
601816,2026-07-23 00:00:00,4.99,5.04,5.05,4.98,137440990.0,690764230.0,0.281,0.03,,0.5988
601816,2026-07-24 00:00:00,5.05,5.02,5.07,5.0,139172330.0,700872960.0,0.285,-0.02,,-0.3968
601818,2026-07-10 00:00:00,3.04,3.06,3.06,3.02,139633510.0,425004080.0,0.301,0.02,,0.6579
601818,2026-07-13 00:00:00,3.05,3.09,3.09,3.04,224694600.0,690864970.0,0.484,0.03,,0.9804
601818,2026-07-14 00:00:00,3.08,3.12,3.12,3.06,246437500.0,762884070.0,0.531,0.03,,0.9709
601818,2026-07-15 00:00:00,3.1,3.15,3.16,3.09,207186980.0,649287770.0,0.447,0.03,,0.9615
601818,2026-07-16 00:00:00,3.15,3.12,3.17,3.11,180781190.0,566567840.0,0.39,-0.03,,-0.9524
601818,2026-07-17 00:00:00,3.12,3.13,3.16,3.11,266120100.0,835858050.0,0.574,0.01,,0.3205
601818,2026-07-20 00:00:00,3.12,3.18,3.18,3.11,290484970.0,918094130.0,0.626,0.05,,1.5974
601818,2026-07-21 00:00:00,3.17,3.12,3.2,3.11,314200600.0,992021350.0,0.677,-0.06,,-1.8868
601818,2026-07-22 00:00:00,3.11,3.15,3.15,3.09,215489010.0,672863150.0,0.464,0.03,,0.9615
601818,2026-07-23 00:00:00,3.14,3.16,3.17,3.13,179398570.0,565789600.0,0.387,0.01,,0.3175
601818,2026-07-24 00:00:00,3.16,3.15,3.18,3.15,167196030.0,529627610.0,0.36,-0.01,,-0.3165
601825,2026-07-10 00:00:00,7.75,7.66,7.8,7.63,26739511.0,206112110.0,0.285,-0.09,,-1.1613
601825,2026-07-13 00:00:00,7.66,7.85,7.87,7.63,32368061.0,251484500.0,0.345,0.19,,2.4804
601825,2026-07-14 00:00:00,7.82,7.95,7.98,7.77,23699866.0,187232740.0,0.253,0.1,,1.2739
601825,2026-07-15 00:00:00,7.93,8.06,8.11,7.88,29316884.0,234696690.0,0.313,0.11,,1.3836
601825,2026-07-16 00:00:00,8.04,7.98,8.19,7.93,19459780.0,155690050.0,0.208,-0.08,,-0.9926
601825,2026-07-17 00:00:00,8.0,7.99,8.12,7.96,25711403.0,206911460.0,0.274,0.01,,0.1253
601825,2026-07-20 00:00:00,8.03,8.29,8.32,7.97,41132875.0,337848750.0,0.439,0.3,,3.7547
601825,2026-07-21 00:00:00,8.21,8.22,8.4,8.08,46041862.0,379695480.0,0.491,-0.07,,-0.8444
601825,2026-07-22 00:00:00,8.22,8.24,8.25,8.08,27445932.0,224316300.0,0.293,0.02,,0.2433
601825,2026-07-23 00:00:00,8.16,8.21,8.25,8.14,18189269.0,148983610.0,0.194,-0.03,,-0.3641
601825,2026-07-24 00:00:00,8.24,8.18,8.29,8.18,20794167.0,171287910.0,0.222,-0.03,,-0.3654
601838,2026-07-10 00:00:00,17.95,18.08,18.29,17.87,26856794.0,509934200.0,0.634,0.13,,0.7242
601838,2026-07-13 00:00:00,18.0,18.02,18.25,17.78,26184468.0,472519320.0,0.618,-0.06,,-0.3319
601838,2026-07-14 00:00:00,17.99,17.79,18.04,17.7,24080964.0,430326460.0,0.568,-0.23,,-1.2764
601838,2026-07-15 00:00:00,17.79,18.31,18.36,17.73,29045333.0,526836310.0,0.685,0.52,,2.923
601838,2026-07-16 00:00:00,18.22,18.29,18.46,18.01,17646521.0,321250590.0,0.416,-0.02,,-0.1092
601838,2026-07-17 00:00:00,18.3,18.25,18.61,18.21,24193318.0,444753740.0,0.571,-0.04,,-0.2187
601838,2026-07-20 00:00:00,18.21,18.48,18.63,18.2,26003352.0,479830800.0,0.614,0.23,,1.2603
601838,2026-07-21 00:00:00,18.48,18.12,18.75,18.09,29692553.0,546771850.0,0.701,-0.36,,-1.9481
601838,2026-07-22 00:00:00,18.14,18.52,18.58,17.99,23295378.0,426427680.0,0.55,0.4,,2.2075
601838,2026-07-23 00:00:00,18.42,18.59,18.65,18.34,15987424.0,295806590.0,0.377,0.07,,0.378
601838,2026-07-24 00:00:00,18.53,18.45,18.69,18.38,14128900.0,261206530.0,0.333,-0.14,,-0.7531
601857,2026-07-10 00:00:00,9.29,9.27,9.3,9.12,163520100.0,1508465600.0,0.101,-0.02,,-0.2153
601857,2026-07-13 00:00:00,9.35,9.66,9.66,9.3,263056200.0,2495961400.0,0.163,0.39,,4.2071
601857,2026-07-14 00:00:00,9.8,10.0,10.03,9.72,327606470.0,3238522200.0,0.202,0.34,,3.5197
601857,2026-07-15 00:00:00,9.83,10.02,10.05,9.78,159925690.0,1590742700.0,0.099,0.02,,0.2
601857,2026-07-16 00:00:00,10.04,9.99,10.15,9.86,179104720.0,1784140000.0,0.111,-0.03,,-0.2994
601857,2026-07-17 00:00:00,10.0,10.29,10.33,9.96,265004010.0,2693440800.0,0.164,0.3,,3.003
601857,2026-07-20 00:00:00,10.37,11.01,11.11,10.36,380031000.0,4098568000.0,0.235,0.72,,6.9971
601857,2026-07-21 00:00:00,10.85,10.67,10.89,10.54,300265800.0,3210226800.0,0.185,-0.34,,-3.0881
601857,2026-07-22 00:00:00,10.78,10.92,10.92,10.65,181024700.0,1951009500.0,0.112,0.25,,2.343
601857,2026-07-23 00:00:00,10.74,10.88,11.02,10.73,155247480.0,1690238600.0,0.096,-0.04,,-0.3663
601857,2026-07-24 00:00:00,11.0,11.03,11.18,10.77,247691100.0,2716843500.0,0.153,0.15,,1.3787
601868,2026-07-10 00:00:00,2.53,2.55,2.58,2.51,310173980.0,790667300.0,0.957,0.02,,0.7905
601868,2026-07-13 00:00:00,2.53,2.49,2.55,2.48,291967600.0,731864810.0,0.9,-0.06,,-2.3529
601868,2026-07-14 00:00:00,2.48,2.52,2.53,2.47,272960140.0,681591460.0,0.842,0.03,,1.2048
601868,2026-07-15 00:00:00,2.52,2.55,2.56,2.51,319002890.0,810975870.0,0.984,0.03,,1.1905
601868,2026-07-16 00:00:00,2.54,2.52,2.57,2.51,321271420.0,813978390.0,0.991,-0.03,,-1.1765
601868,2026-07-17 00:00:00,2.52,2.52,2.56,2.51,358831580.0,909012960.0,1.107,0.0,,0.0
601868,2026-07-20 00:00:00,2.54,2.57,2.58,2.53,433278940.0,1108898770.0,1.336,0.05,,1.9841
601868,2026-07-21 00:00:00,2.59,2.57,2.59,2.55,352433750.0,903187340.0,1.087,0.0,,0.0
601868,2026-07-22 00:00:00,2.55,2.58,2.59,2.54,322793730.0,827303730.0,0.995,0.01,,0.3891
601868,2026-07-23 00:00:00,2.57,2.64,2.66,2.55,560213350.0,1465674200.0,1.728,0.06,,2.3256
601868,2026-07-24 00:00:00,2.6,2.55,2.63,2.54,419672280.0,1082149370.0,1.294,-0.09,,-3.4091
601872,2026-07-10 00:00:00,15.5,15.47,15.9,15.34,95680095.0,1496139400.0,1.185,-0.03,,-0.1935
601872,2026-07-13 00:00:00,15.56,14.83,15.56,14.67,108124470.0,1617515000.0,1.339,-0.64,,-4.137
601872,2026-07-14 00:00:00,14.6,15.04,15.04,14.43,100316454.0,1477497700.0,1.242,0.21,,1.416
601872,2026-07-15 00:00:00,15.2,15.26,15.92,15.09,121650542.0,1886894400.0,1.507,0.22,,1.4628
601872,2026-07-16 00:00:00,14.94,14.16,14.96,14.1,126248983.0,1817280100.0,1.564,-1.1,,-7.2084
601872,2026-07-17 00:00:00,14.1,13.91,14.34,13.81,100907593.0,1417662300.0,1.25,-0.25,,-1.7655
601872,2026-07-20 00:00:00,14.13,14.29,14.36,13.86,120226660.0,1696672800.0,1.489,0.38,,2.7318
601872,2026-07-21 00:00:00,14.3,14.72,14.79,13.86,108763559.0,1555576300.0,1.347,0.43,,3.0091
601872,2026-07-22 00:00:00,14.73,15.76,15.79,14.72,129519182.0,2000066100.0,1.604,1.04,,7.0652
601872,2026-07-23 00:00:00,15.65,15.87,16.18,14.97,121077244.0,1878289300.0,1.5,0.11,,0.698
601872,2026-07-24 00:00:00,16.0,15.7,16.25,15.47,103328515.0,1641795900.0,1.28,-0.17,,-1.0712
601877,2026-07-10 00:00:00,24.18,24.29,24.78,23.75,17989788.0,437879130.0,0.837,0.11,,0.4549
601877,2026-07-13 00:00:00,24.22,23.65,24.35,23.59,15553513.0,370695730.0,0.724,-0.64,,-2.6348
601877,2026-07-14 00:00:00,23.63,23.95,23.95,23.3,16823580.0,397756930.0,0.783,0.3,,1.2685
601877,2026-07-15 00:00:00,23.93,24.04,24.43,23.78,17373109.0,418696510.0,0.808,0.09,,0.3758
601877,2026-07-16 00:00:00,24.0,23.81,24.11,23.64,17012776.0,405681970.0,0.792,-0.23,,-0.9567
601877,2026-07-17 00:00:00,23.78,23.51,24.2,23.5,21737529.0,517877720.0,1.012,-0.3,,-1.26
601877,2026-07-20 00:00:00,23.59,23.98,24.14,23.48,22570215.0,537861560.0,1.05,0.47,,1.9991
601877,2026-07-21 00:00:00,24.01,24.34,24.6,23.98,26296754.0,639347000.0,1.224,0.36,,1.5013
601877,2026-07-22 00:00:00,24.12,24.58,24.64,24.02,19424172.0,474323070.0,0.904,0.24,,0.986
601877,2026-07-23 00:00:00,24.61,25.46,25.49,24.43,33735020.0,847812190.0,1.57,0.88,,3.5801
601877,2026-07-24 00:00:00,25.1,24.45,25.31,24.45,22716086.0,563503240.0,1.057,-1.01,,-3.967
601878,2026-07-10 00:00:00,9.58,9.57,9.64,9.46,26068309.0,249037960.0,0.57,-0.01,,-0.1044
601878,2026-07-13 00:00:00,9.53,9.48,9.58,9.46,22950685.0,218388810.0,0.502,-0.09,,-0.9404
601878,2026-07-14 00:00:00,9.45,9.51,9.51,9.38,24721250.0,233648430.0,0.541,0.03,,0.3165
601878,2026-07-15 00:00:00,9.49,9.68,9.71,9.47,38388448.0,368893610.0,0.839,0.17,,1.7876
601878,2026-07-16 00:00:00,9.61,9.57,9.65,9.53,24935517.0,238695380.0,0.545,-0.11,,-1.1364
601878,2026-07-17 00:00:00,9.55,9.54,9.68,9.47,34737918.0,332711280.0,0.76,-0.03,,-0.3135
601878,2026-07-20 00:00:00,9.54,9.67,9.68,9.52,37811124.0,363777890.0,0.827,0.13,,1.3627
601878,2026-07-21 00:00:00,9.67,9.68,9.79,9.59,41275596.0,400076230.0,0.902,0.01,,0.1034
601878,2026-07-22 00:00:00,9.64,9.58,9.65,9.5,26713091.0,255349770.0,0.584,-0.1,,-1.0331
601878,2026-07-23 00:00:00,9.57,9.67,9.67,9.56,24995030.0,240529540.0,0.547,0.09,,0.9395
601878,2026-07-24 00:00:00,9.62,9.41,9.64,9.41,24568748.0,234016260.0,0.537,-0.26,,-2.6887
601881,2026-07-10 00:00:00,12.86,12.72,12.89,12.68,53551422.0,695849730.0,0.739,-0.14,,-1.0886
601881,2026-07-13 00:00:00,12.65,12.8,12.83,12.56,42686161.0,550827230.0,0.589,0.08,,0.6289
601881,2026-07-14 00:00:00,12.79,12.85,12.87,12.64,38647100.0,493406510.0,0.534,0.05,,0.3906
601881,2026-07-15 00:00:00,12.8,13.09,13.18,12.76,64226464.0,834073040.0,0.887,0.24,,1.8677
601881,2026-07-16 00:00:00,12.95,12.9,13.04,12.85,43731947.0,564506010.0,0.604,-0.19,,-1.4515
601881,2026-07-17 00:00:00,12.87,12.65,13.02,12.57,56229445.0,720325250.0,0.776,-0.25,,-1.938
601881,2026-07-20 00:00:00,12.66,12.79,12.87,12.62,49273148.0,628200300.0,0.68,0.14,,1.1067
601881,2026-07-21 00:00:00,12.77,12.85,12.98,12.68,57537855.0,737636060.0,0.794,0.06,,0.4691
601881,2026-07-22 00:00:00,12.78,12.7,12.81,12.61,37485330.0,476243710.0,0.518,-0.15,,-1.1673
601881,2026-07-23 00:00:00,12.69,12.86,12.87,12.66,34899042.0,446168430.0,0.482,0.16,,1.2598
601881,2026-07-24 00:00:00,12.81,12.45,12.83,12.43,43266996.0,544925130.0,0.597,-0.41,,-3.1882
601888,2026-07-10 00:00:00,50.55,52.28,52.71,49.87,43252812.0,2261932800.0,2.215,1.73,,3.4224
601888,2026-07-13 00:00:00,51.95,50.46,52.27,50.45,30841297.0,1581786000.0,1.58,-1.82,,-3.4813
601888,2026-07-14 00:00:00,50.9,50.92,51.34,50.21,20197439.0,1023512110.0,1.035,0.46,,0.9116
601888,2026-07-15 00:00:00,50.6,54.41,55.3,50.5,71404179.0,3836715200.0,3.657,3.49,,6.8539
601888,2026-07-16 00:00:00,53.7,54.52,55.32,53.33,42566997.0,2314569700.0,2.18,0.11,,0.2022
601888,2026-07-17 00:00:00,54.11,52.9,55.74,52.59,42019247.0,2252922700.0,2.152,-1.62,,-2.9714
601888,2026-07-20 00:00:00,52.5,54.67,55.14,52.4,50134368.0,2718260800.0,2.568,1.77,,3.3459
601888,2026-07-21 00:00:00,54.7,54.08,54.96,53.65,42228454.0,2285640800.0,2.163,-0.59,,-1.0792
601888,2026-07-22 00:00:00,53.8,55.7,55.96,53.28,54497119.0,3008316300.0,2.791,1.62,,2.9956
601888,2026-07-23 00:00:00,55.42,55.24,55.57,54.33,31531873.0,1731777300.0,1.615,-0.46,,-0.8259
601888,2026-07-24 00:00:00,54.9,53.2,55.21,53.02,32369094.0,1744791600.0,1.658,-2.04,,-3.693
601898,2026-07-10 00:00:00,12.78,12.67,12.89,12.59,49010944.0,623373390.0,0.536,-0.11,,-0.8607
601898,2026-07-13 00:00:00,12.7,12.87,13.06,12.47,57443668.0,731336740.0,0.628,0.2,,1.5785
601898,2026-07-14 00:00:00,12.93,13.25,13.5,12.85,78494032.0,1035272990.0,0.858,0.38,,2.9526
601898,2026-07-15 00:00:00,12.98,13.12,13.36,12.93,59750021.0,784570560.0,0.653,-0.13,,-0.9811
601898,2026-07-16 00:00:00,13.05,12.54,13.17,12.47,55249465.0,700232750.0,0.604,-0.58,,-4.4207
601898,2026-07-17 00:00:00,12.55,12.54,12.86,12.5,70443791.0,891711140.0,0.77,0.0,,0.0
601898,2026-07-20 00:00:00,12.69,13.79,13.79,12.69,93942306.0,1270000350.0,1.027,1.25,,9.9681
601898,2026-07-21 00:00:00,13.8,13.79,13.99,13.33,104809167.0,1435070900.0,1.145,0.0,,0.0
601898,2026-07-22 00:00:00,13.68,14.34,14.48,13.6,91947310.0,1291443650.0,1.005,0.55,,3.9884
601898,2026-07-23 00:00:00,14.2,14.27,14.43,14.03,55674341.0,792436440.0,0.608,-0.07,,-0.4881
601898,2026-07-24 00:00:00,14.34,13.67,14.65,13.66,58734972.0,823924810.0,0.642,-0.6,,-4.2046
601899,2026-07-10 00:00:00,28.0,27.72,28.45,27.08,265710030.0,7383491300.0,1.29,-0.28,,-1.0
601899,2026-07-13 00:00:00,27.23,27.36,27.63,26.74,213023840.0,5804744900.0,1.034,-0.36,,-1.2987
601899,2026-07-14 00:00:00,26.88,29.06,29.29,26.75,380320480.0,10725810000.0,1.846,1.7,,6.2135
601899,2026-07-15 00:00:00,29.06,28.83,29.34,28.56,268349110.0,7773489900.0,1.303,-0.23,,-0.7915
601899,2026-07-16 00:00:00,28.82,29.25,29.59,28.79,265438980.0,7773402400.0,1.288,0.42,,1.4568
601899,2026-07-17 00:00:00,28.65,28.36,28.82,27.92,290416860.0,8241056100.0,1.41,-0.89,,-3.0427
601899,2026-07-20 00:00:00,28.36,29.35,29.45,28.29,275768250.0,7992030500.0,1.339,0.99,,3.4908
601899,2026-07-21 00:00:00,29.95,30.21,30.33,29.13,342666970.0,10194288600.0,1.663,0.86,,2.9302
601899,2026-07-22 00:00:00,30.81,32.2,32.79,30.81,526165810.0,16851583000.0,2.554,1.99,,6.5872
601899,2026-07-23 00:00:00,32.52,33.06,33.68,31.92,439447610.0,14496609000.0,2.133,0.86,,2.6708
601899,2026-07-24 00:00:00,31.74,31.51,32.09,30.97,401039290.0,12602496400.0,1.947,-1.55,,-4.6884
601901,2026-07-10 00:00:00,7.19,7.14,7.2,7.09,59707899.0,426457110.0,0.725,-0.05,,-0.6954
601901,2026-07-13 00:00:00,7.11,7.14,7.27,7.1,67865167.0,487048860.0,0.824,0.0,,0.0
601901,2026-07-14 00:00:00,7.11,7.14,7.14,7.07,55721745.0,396097980.0,0.677,0.0,,0.0
601901,2026-07-15 00:00:00,7.11,7.23,7.25,7.11,73601602.0,528865580.0,0.894,0.09,,1.2605
601901,2026-07-16 00:00:00,7.17,7.14,7.22,7.12,52581544.0,376682400.0,0.639,-0.09,,-1.2448
601901,2026-07-17 00:00:00,7.12,6.97,7.17,6.93,87054907.0,614041210.0,1.058,-0.17,,-2.381
601901,2026-07-20 00:00:00,6.97,7.06,7.11,6.97,76158531.0,535499920.0,0.925,0.09,,1.2912
601901,2026-07-21 00:00:00,7.03,7.05,7.14,6.99,73404796.0,517992760.0,0.892,-0.01,,-0.1416
601901,2026-07-22 00:00:00,7.02,6.98,7.03,6.93,50966526.0,355352120.0,0.619,-0.07,,-0.9929
601901,2026-07-23 00:00:00,6.98,7.07,7.08,6.96,47901407.0,336455820.0,0.582,0.09,,1.2894
601901,2026-07-24 00:00:00,7.05,7.14,7.23,7.03,128018992.0,918559010.0,1.555,0.07,,0.9901
601916,2026-07-10 00:00:00,2.72,2.75,2.77,2.7,133271888.0,364710510.0,0.619,0.03,,1.1029
601916,2026-07-13 00:00:00,2.75,2.79,2.79,2.74,134037555.0,371308160.0,0.622,0.04,,1.4545
601916,2026-07-14 00:00:00,2.78,2.81,2.82,2.76,164009680.0,457983540.0,0.761,0.02,,0.7168
601916,2026-07-15 00:00:00,2.8,2.86,2.88,2.79,214607180.0,611292910.0,0.996,0.05,,1.7794
601916,2026-07-16 00:00:00,2.86,2.83,2.89,2.81,151701700.0,431986620.0,0.704,-0.03,,-1.049
601916,2026-07-17 00:00:00,2.83,2.81,2.88,2.81,185943430.0,528832270.0,0.863,-0.02,,-0.7067
601916,2026-07-20 00:00:00,2.82,2.88,2.9,2.81,211211550.0,606729530.0,0.98,0.07,,2.4911
601916,2026-07-21 00:00:00,2.87,2.84,2.91,2.83,182277900.0,522492260.0,0.846,-0.04,,-1.3889
601916,2026-07-22 00:00:00,2.83,2.85,2.87,2.81,141847890.0,402674720.0,0.658,0.01,,0.3521
601916,2026-07-23 00:00:00,2.85,2.88,2.89,2.84,137467610.0,394874060.0,0.638,0.03,,1.0526
601916,2026-07-24 00:00:00,2.88,2.87,2.9,2.87,94702872.0,273304290.0,0.44,-0.01,,-0.3472
601919,2026-07-10 00:00:00,13.92,13.98,14.01,13.8,56804499.0,791783890.0,0.452,0.06,,0.431
601919,2026-07-13 00:00:00,13.93,14.12,14.15,13.91,87281596.0,1229296450.0,0.695,0.14,,1.0014
601919,2026-07-14 00:00:00,14.14,14.41,14.42,14.07,95456961.0,1364265300.0,0.76,0.29,,2.0538
601919,2026-07-15 00:00:00,14.39,14.66,14.68,14.27,91108491.0,1325815130.0,0.726,0.25,,1.7349
601919,2026-07-16 00:00:00,14.65,14.55,14.76,14.5,77621997.0,1134545350.0,0.618,-0.11,,-0.7503
601919,2026-07-17 00:00:00,14.5,14.54,14.74,14.48,98704638.0,1439481000.0,0.786,-0.01,,-0.0687
601919,2026-07-20 00:00:00,14.54,14.93,14.98,14.51,136197680.0,2017343200.0,1.085,0.39,,2.6823
601919,2026-07-21 00:00:00,15.05,14.87,15.07,14.77,119873154.0,1787520100.0,0.955,-0.06,,-0.4019
601919,2026-07-22 00:00:00,14.88,15.14,15.15,14.79,117505832.0,1766371000.0,0.936,0.27,,1.8157
601919,2026-07-23 00:00:00,15.13,15.27,15.29,14.97,99310575.0,1506927200.0,0.791,0.13,,0.8587
601919,2026-07-24 00:00:00,15.3,15.32,15.4,15.27,101447893.0,1556149500.0,0.808,0.05,,0.3274
601939,2026-07-10 00:00:00,9.64,9.83,9.85,9.57,132220831.0,1318090040.0,1.378,0.19,,1.971
601939,2026-07-13 00:00:00,9.8,10.18,10.18,9.72,200150720.0,2011618200.0,2.086,0.35,,3.5605
601939,2026-07-14 00:00:00,10.04,10.04,10.09,9.91,149395390.0,1491394300.0,1.557,-0.14,,-1.3752
601939,2026-07-15 00:00:00,9.85,10.0,10.03,9.8,114477256.0,1138127710.0,1.193,-0.04,,-0.3984
601939,2026-07-16 00:00:00,10.0,9.8,10.05,9.74,127222595.0,1251566430.0,1.326,-0.2,,-2.0
601939,2026-07-17 00:00:00,9.76,10.16,10.2,9.75,228503090.0,2293741600.0,2.382,0.36,,3.6735
601939,2026-07-20 00:00:00,9.98,10.44,10.44,9.94,167191530.0,1724343300.0,1.743,0.28,,2.7559
601939,2026-07-21 00:00:00,10.38,10.19,10.51,10.13,150109320.0,1545823700.0,1.565,-0.25,,-2.3946
601939,2026-07-22 00:00:00,10.1,10.22,10.22,9.96,124137713.0,1253592950.0,1.294,0.03,,0.2944
601939,2026-07-23 00:00:00,10.11,10.24,10.25,10.1,73572470.0,750170250.0,0.767,0.02,,0.1957
601939,2026-07-24 00:00:00,10.24,10.26,10.34,10.22,79169522.0,813280420.0,0.825,0.02,,0.1953
601985,2026-07-10 00:00:00,8.73,8.75,8.79,8.66,93947251.0,834816390.0,0.498,0.02,,0.2291
601985,2026-07-13 00:00:00,8.72,8.66,8.75,8.64,81150814.0,717900540.0,0.43,-0.09,,-1.0286
601985,2026-07-14 00:00:00,8.63,8.7,8.74,8.6,98463179.0,870075790.0,0.521,0.04,,0.4619
601985,2026-07-15 00:00:00,8.65,8.8,8.8,8.64,107219541.0,955621830.0,0.568,0.1,,1.1494
601985,2026-07-16 00:00:00,8.78,8.71,8.82,8.69,89756500.0,798701110.0,0.475,-0.09,,-1.0227
601985,2026-07-17 00:00:00,8.75,8.79,8.9,8.72,130979073.0,1156602730.0,0.694,0.08,,0.9185
601985,2026-07-20 00:00:00,8.79,9.07,9.08,8.77,190476880.0,1710543100.0,1.009,0.28,,3.1854
601985,2026-07-21 00:00:00,9.04,8.97,9.15,8.93,190338320.0,1721055900.0,1.008,-0.1,,-1.1025
601985,2026-07-22 00:00:00,8.95,9.07,9.09,8.89,131526959.0,1186117280.0,0.697,0.1,,1.1148
601985,2026-07-23 00:00:00,9.06,9.09,9.11,9.03,88178652.0,800168710.0,0.467,0.02,,0.2205
601985,2026-07-24 00:00:00,9.09,8.9,9.1,8.88,84666711.0,760375980.0,0.448,-0.19,,-2.0902
601988,2026-07-10 00:00:00,5.71,5.79,5.81,5.68,265787230.0,1529201000.0,0.126,0.08,,1.4011
601988,2026-07-13 00:00:00,5.78,5.92,5.94,5.75,384244470.0,2259211600.0,0.182,0.13,,2.2453
601988,2026-07-14 00:00:00,5.88,5.87,5.9,5.79,301634730.0,1763745600.0,0.143,-0.05,,-0.8446
601988,2026-07-15 00:00:00,5.81,5.88,5.9,5.78,257680190.0,1505500500.0,0.122,0.01,,0.1704
601988,2026-07-16 00:00:00,5.88,5.8,5.92,5.76,243764540.0,1419162100.0,0.116,-0.08,,-1.3605
601988,2026-07-17 00:00:00,5.8,5.96,5.98,5.8,470140030.0,2778724500.0,0.223,0.16,,2.7586
601988,2026-07-20 00:00:00,5.92,6.08,6.11,5.89,463203740.0,2792747600.0,0.22,0.12,,2.0134
601988,2026-07-21 00:00:00,6.08,5.88,6.08,5.87,434694600.0,2591402600.0,0.206,-0.2,,-3.2895
601988,2026-07-22 00:00:00,5.86,5.94,5.94,5.8,287730400.0,1691163800.0,0.137,0.06,,1.0204
601988,2026-07-23 00:00:00,5.91,5.97,6.01,5.9,212862750.0,1269172400.0,0.101,0.03,,0.5051
601988,2026-07-24 00:00:00,5.99,6.01,6.04,5.97,256423300.0,1539131100.0,0.122,0.04,,0.67
601995,2026-07-10 00:00:00,37.12,36.17,37.33,36.11,36876891.0,1352145800.0,1.261,-0.95,,-2.5593
601995,2026-07-13 00:00:00,35.98,35.37,36.07,35.13,30204976.0,1072742530.0,1.033,-0.8,,-2.2118
601995,2026-07-14 00:00:00,35.0,35.44,35.44,34.75,24709085.0,867819870.0,0.845,0.07,,0.1979
601995,2026-07-15 00:00:00,35.75,38.34,38.8,35.51,79051480.0,2970474100.0,2.704,2.9,,8.1828
601995,2026-07-16 00:00:00,37.36,36.45,37.46,36.01,62143524.0,2267064400.0,2.126,-1.89,,-4.9296
601995,2026-07-17 00:00:00,36.05,35.38,36.55,35.27,42022468.0,1508182700.0,1.437,-1.07,,-2.9355
601995,2026-07-20 00:00:00,35.3,35.99,36.66,35.26,37076745.0,1329982270.0,1.268,0.61,,1.7241
601995,2026-07-21 00:00:00,36.06,35.73,36.32,35.27,35777730.0,1277988810.0,1.224,-0.26,,-0.7224
601995,2026-07-22 00:00:00,35.38,35.75,36.16,34.93,31240477.0,1115533810.0,1.069,0.02,,0.056
601995,2026-07-23 00:00:00,35.7,36.65,36.79,35.7,32528643.0,1183097820.0,1.113,0.9,,2.5175
601995,2026-07-24 00:00:00,36.3,35.61,36.45,35.61,22279207.0,801183270.0,0.762,-1.04,,-2.8377
601998,2026-07-10 00:00:00,7.13,7.15,7.18,7.07,48548744.0,346091620.0,0.119,0.02,,0.2805
601998,2026-07-13 00:00:00,7.12,7.34,7.34,7.08,75673063.0,549212800.0,0.186,0.19,,2.6573
601998,2026-07-14 00:00:00,7.3,7.35,7.37,7.25,66639180.0,487389920.0,0.164,0.01,,0.1362
601998,2026-07-15 00:00:00,7.28,7.44,7.48,7.28,63899804.0,472511680.0,0.157,0.09,,1.2245
601998,2026-07-16 00:00:00,7.46,7.33,7.54,7.28,58057061.0,426729130.0,0.142,-0.11,,-1.4785
601998,2026-07-17 00:00:00,7.33,7.33,7.43,7.28,71258277.0,524395630.0,0.175,0.0,,0.0
601998,2026-07-20 00:00:00,7.31,7.55,7.6,7.29,87380319.0,653877170.0,0.214,0.22,,3.0014
601998,2026-07-21 00:00:00,7.54,7.48,7.62,7.37,92073850.0,689708030.0,0.226,-0.07,,-0.9272
601998,2026-07-22 00:00:00,7.45,7.49,7.49,7.31,70269582.0,520758500.0,0.172,0.01,,0.1337
601998,2026-07-23 00:00:00,7.42,7.55,7.56,7.42,46885744.0,352202690.0,0.115,0.06,,0.8011
601998,2026-07-24 00:00:00,7.58,7.61,7.72,7.55,62919802.0,480566460.0,0.154,0.06,,0.7947
603019,2026-07-10 00:00:00,103.48,107.5,113.0,102.7,159883790.0,17409082000.0,10.928,4.02,,3.8848
603019,2026-07-13 00:00:00,110.0,106.13,113.0,103.0,123798266.0,13373549500.0,8.462,-1.37,,-1.2744
603019,2026-07-14 00:00:00,107.68,101.9,108.39,95.66,119955599.0,12018691200.0,8.199,-4.23,,-3.9857
603019,2026-07-15 00:00:00,99.0,96.76,101.5,95.68,76532082.0,7503251300.0,5.231,-5.14,,-5.0442
603019,2026-07-16 00:00:00,93.5,97.66,101.32,92.01,85878060.0,8404779100.0,5.87,0.9,,0.9301
603019,2026-07-17 00:00:00,96.67,87.89,98.64,87.89,97625989.0,8999104200.0,6.673,-9.77,,-10.0041
603019,2026-07-20 00:00:00,90.86,91.04,95.96,88.88,95276529.0,8806066300.0,6.512,3.15,,3.584
603019,2026-07-21 00:00:00,93.18,97.88,98.2,85.05,114298219.0,10553374500.0,7.812,6.84,,7.5132
603019,2026-07-22 00:00:00,97.0,102.15,105.43,96.33,125994575.0,12902364700.0,8.612,4.27,,4.3625
603019,2026-07-23 00:00:00,103.6,97.82,104.14,97.16,88235733.0,8829654500.0,6.031,-4.33,,-4.2389
603019,2026-07-24 00:00:00,95.8,97.5,101.5,95.8,67333194.0,6646060700.0,4.602,-0.32,,-0.3271
603195,2026-07-10 00:00:00,37.61,37.47,37.79,36.91,3547752.0,132719711.0,0.197,-0.14,,-0.3722
603195,2026-07-13 00:00:00,37.34,36.9,37.7,36.88,4783448.0,177892480.0,0.266,-0.57,,-1.5212
603195,2026-07-14 00:00:00,36.88,36.89,37.21,36.53,4533061.0,166644170.0,0.252,-0.01,,-0.0271
603195,2026-07-15 00:00:00,36.8,37.72,37.79,36.72,5333573.0,199520890.0,0.296,0.83,,2.2499
603195,2026-07-16 00:00:00,37.49,37.8,38.06,37.33,3134714.0,118444916.0,0.174,0.08,,0.2121
603195,2026-07-17 00:00:00,37.96,37.31,38.28,37.0,4249094.0,159634630.0,0.236,-0.49,,-1.2963
603195,2026-07-20 00:00:00,37.57,38.3,38.4,37.2,7319933.0,277776510.0,0.407,0.99,,2.6534
603195,2026-07-21 00:00:00,38.34,38.79,39.61,38.3,8316616.0,323469290.0,0.462,0.49,,1.2794
603195,2026-07-22 00:00:00,38.9,38.68,39.0,38.09,3502991.0,134862650.0,0.195,-0.11,,-0.2836
603195,2026-07-23 00:00:00,38.69,38.8,38.9,38.45,2629808.0,101849429.0,0.146,0.12,,0.3102
603195,2026-07-24 00:00:00,38.62,38.6,39.1,38.45,3021778.0,117090126.0,0.168,-0.2,,-0.5155
603259,2026-07-10 00:00:00,120.0,123.3,126.73,120.0,68307583.0,8472889100.0,2.762,3.3,,2.75
603259,2026-07-13 00:00:00,123.21,120.24,124.2,119.26,55387630.0,6711403700.0,2.239,-3.06,,-2.4818
603259,2026-07-14 00:00:00,118.88,127.51,127.75,117.92,75092356.0,9326276600.0,3.036,7.27,,6.0462
603259,2026-07-15 00:00:00,127.62,131.5,135.17,127.62,114997732.0,15180998000.0,4.65,3.99,,3.1292
603259,2026-07-16 00:00:00,128.2,127.0,131.4,125.0,83702202.0,10692844000.0,3.384,-4.5,,-3.4221
603259,2026-07-17 00:00:00,126.79,117.89,127.99,117.7,86148284.0,10414951900.0,3.483,-9.11,,-7.1732
603259,2026-07-20 00:00:00,117.74,124.22,124.78,117.01,69194022.0,8484725500.0,2.798,6.33,,5.3694
603259,2026-07-21 00:00:00,126.0,126.45,126.83,120.8,64827986.0,8016853100.0,2.621,2.23,,1.7952
603259,2026-07-22 00:00:00,125.12,125.9,130.9,124.41,60258822.0,7713833200.0,2.436,-0.55,,-0.435
603259,2026-07-23 00:00:00,126.0,127.45,129.18,124.22,46844542.0,5932335200.0,1.894,1.55,,1.2311
603259,2026-07-24 00:00:00,127.45,125.0,128.45,123.66,44375591.0,5571207600.0,1.794,-2.45,,-1.9223
603260,2026-07-10 00:00:00,42.78,40.78,44.75,40.74,25094793.0,1069813900.0,2.123,-2.0,,-4.6751
603260,2026-07-13 00:00:00,40.58,37.55,40.63,37.3,20499368.0,791135370.0,1.734,-3.23,,-7.9205
603260,2026-07-14 00:00:00,37.37,37.5,37.78,36.52,13186125.0,490920760.0,1.115,-0.05,,-0.1332
603260,2026-07-15 00:00:00,38.0,37.84,39.9,37.63,19991809.0,773350870.0,1.691,0.34,,0.9067
603260,2026-07-16 00:00:00,37.5,35.95,37.71,35.87,16310465.0,597851880.0,1.38,-1.89,,-4.9947
603260,2026-07-17 00:00:00,35.85,34.41,36.21,34.28,16835502.0,592858740.0,1.424,-1.54,,-4.2837
603260,2026-07-20 00:00:00,34.7,32.19,34.95,31.6,18393850.0,605521700.0,1.556,-2.22,,-6.4516
603260,2026-07-21 00:00:00,32.3,33.3,33.54,31.66,16331891.0,534171840.0,1.382,1.11,,3.4483
603260,2026-07-22 00:00:00,32.64,32.63,33.27,32.46,10074729.0,330662300.0,0.852,-0.67,,-2.012
603260,2026-07-23 00:00:00,32.63,33.73,33.77,32.43,11335463.0,376156220.0,0.959,1.1,,3.3711
603260,2026-07-24 00:00:00,33.12,32.13,33.32,32.1,9268095.0,302969020.0,0.784,-1.6,,-4.7436
603288,2026-07-10 00:00:00,33.27,33.72,34.07,32.97,17662115.0,594080030.0,0.318,0.45,,1.3526
603288,2026-07-13 00:00:00,33.4,34.4,34.63,33.3,22486708.0,765453320.0,0.404,0.68,,2.0166
603288,2026-07-14 00:00:00,34.26,34.56,34.9,34.17,20778492.0,717196710.0,0.374,0.16,,0.4651
603288,2026-07-15 00:00:00,34.42,35.55,36.0,34.26,29052382.0,1027891230.0,0.523,0.99,,2.8646
603288,2026-07-16 00:00:00,35.55,36.32,36.4,35.45,29544414.0,1065189920.0,0.531,0.77,,2.166
603288,2026-07-17 00:00:00,36.1,36.0,36.63,35.79,28666780.0,1037508150.0,0.516,-0.32,,-0.8811
603288,2026-07-20 00:00:00,36.01,37.0,37.0,35.72,32366308.0,1184792660.0,0.582,1.0,,2.7778
603288,2026-07-21 00:00:00,36.8,36.52,37.64,36.15,32347750.0,1188769090.0,0.582,-0.48,,-1.2973
603288,2026-07-22 00:00:00,36.39,36.45,36.68,35.93,26560673.0,963137380.0,0.478,-0.07,,-0.1917
603288,2026-07-23 00:00:00,36.25,36.65,36.69,35.97,15125450.0,550438530.0,0.272,0.2,,0.5487
603288,2026-07-24 00:00:00,36.6,35.85,36.7,35.83,15736426.0,569627490.0,0.283,-0.8,,-2.1828
603296,2026-07-10 00:00:00,81.66,82.8,86.03,80.56,49274251.0,4115824200.0,6.17,1.14,,1.396
603296,2026-07-13 00:00:00,82.49,79.19,85.6,79.0,32970274.0,2701433500.0,4.129,-3.61,,-4.3599
603296,2026-07-14 00:00:00,81.5,77.79,82.0,71.27,52563426.0,3935040500.0,6.582,-1.4,,-1.7679
603296,2026-07-15 00:00:00,77.96,78.2,80.94,76.78,30727661.0,2419894300.0,3.848,0.41,,0.5271
603296,2026-07-16 00:00:00,78.98,78.66,81.18,75.0,34552926.0,2737145800.0,4.327,0.46,,0.5882
603296,2026-07-17 00:00:00,77.88,71.76,79.01,71.38,33071194.0,2468414300.0,4.141,-6.9,,-8.7719
603296,2026-07-20 00:00:00,73.5,73.28,77.25,71.44,36907720.0,2733835900.0,4.622,1.52,,2.1182
603296,2026-07-21 00:00:00,74.5,79.7,79.88,72.4,35883549.0,2751709000.0,4.493,6.42,,8.7609
603296,2026-07-22 00:00:00,82.5,87.67,87.67,81.5,28140013.0,2418468400.0,3.524,7.97,,10.0
603296,2026-07-23 00:00:00,90.0,88.88,91.88,86.0,61755683.0,5504383000.0,7.733,1.21,,1.3802
603296,2026-07-24 00:00:00,86.8,88.19,91.88,86.01,42438359.0,3776330700.0,5.314,-0.69,,-0.7763
603369,2026-07-10 00:00:00,23.79,24.85,25.27,23.41,20996611.0,516461500.0,1.684,1.06,,4.4557
603369,2026-07-13 00:00:00,24.58,24.4,24.69,23.89,14176440.0,343539370.0,1.137,-0.45,,-1.8109
603369,2026-07-14 00:00:00,24.2,24.45,24.52,24.0,11852888.0,287324000.0,0.951,0.05,,0.2049
603369,2026-07-15 00:00:00,24.17,25.91,26.35,24.03,29529073.0,755216490.0,2.368,1.46,,5.9714
603369,2026-07-16 00:00:00,25.6,26.58,26.95,25.6,20905229.0,550129680.0,1.677,0.67,,2.5859
603369,2026-07-17 00:00:00,26.37,25.63,26.86,25.53,14616023.0,378556930.0,1.172,-0.95,,-3.5741
603369,2026-07-20 00:00:00,25.63,26.7,27.1,25.61,24588592.0,653131310.0,1.972,1.07,,4.1748
603369,2026-07-21 00:00:00,26.51,26.39,27.01,26.22,18919885.0,501681930.0,1.518,-0.31,,-1.161
603369,2026-07-22 00:00:00,26.25,26.86,26.91,25.75,15287156.0,403187270.0,1.226,0.47,,1.781
603369,2026-07-23 00:00:00,26.5,26.59,26.84,26.11,9621368.0,254570720.0,0.772,-0.27,,-1.0052
603369,2026-07-24 00:00:00,26.48,25.52,26.68,25.5,11113402.0,287835220.0,0.891,-1.07,,-4.0241
603392,2026-07-10 00:00:00,27.85,28.74,29.07,27.28,7034572.0,201006140.0,0.556,0.89,,3.1957
603392,2026-07-13 00:00:00,28.53,28.25,29.09,28.05,5245610.0,148479660.0,0.415,-0.49,,-1.7049
603392,2026-07-14 00:00:00,28.01,28.41,28.71,27.88,5095154.0,144729500.0,0.403,0.16,,0.5664
603392,2026-07-15 00:00:00,27.62,29.08,29.8,27.51,8230386.0,239492080.0,0.651,0.67,,2.3583
603392,2026-07-16 00:00:00,28.82,29.9,30.16,28.72,9430741.0,279858710.0,0.746,0.82,,2.8198
603392,2026-07-17 00:00:00,30.0,28.55,30.33,28.43,8105952.0,236328340.0,0.641,-1.35,,-4.5151
603392,2026-07-20 00:00:00,28.46,29.24,29.49,28.4,7773032.0,225487740.0,0.615,0.69,,2.4168
603392,2026-07-21 00:00:00,29.25,28.96,29.63,28.73,7134940.0,207843490.0,0.564,-0.28,,-0.9576
603392,2026-07-22 00:00:00,28.68,29.4,29.57,28.68,5930611.0,173498020.0,0.469,0.44,,1.5193
603392,2026-07-23 00:00:00,29.25,29.24,29.41,28.9,3673095.0,106998686.0,0.291,-0.16,,-0.5442
603392,2026-07-24 00:00:00,29.24,28.53,29.4,28.45,3393900.0,97879701.0,0.268,-0.71,,-2.4282
603501,2026-07-10 00:00:00,105.94,103.21,109.8,103.2,44859982.0,4794866700.0,3.717,-2.73,,-2.5769
603501,2026-07-13 00:00:00,103.21,102.49,107.53,101.0,34783250.0,3629731900.0,2.882,-0.72,,-0.6976
603501,2026-07-14 00:00:00,101.0,106.15,106.52,98.35,39928643.0,4084132300.0,3.309,3.66,,3.5711
603501,2026-07-15 00:00:00,109.58,111.12,112.3,105.58,65599235.0,7232406700.0,5.436,4.97,,4.6821
603501,2026-07-16 00:00:00,108.08,109.85,113.77,108.0,45522722.0,5082515900.0,3.772,-1.27,,-1.1429
603501,2026-07-17 00:00:00,109.03,104.12,112.48,103.33,48088804.0,5196279800.0,3.985,-5.73,,-5.2162
603501,2026-07-20 00:00:00,106.0,101.16,106.99,97.99,43160962.0,4400081700.0,3.577,-2.96,,-2.8429
603501,2026-07-21 00:00:00,104.0,102.42,104.0,98.24,34127642.0,3472224600.0,2.828,1.26,,1.2456
603501,2026-07-22 00:00:00,101.66,101.98,106.64,100.6,30476175.0,3144882100.0,2.526,-0.44,,-0.4296
603501,2026-07-23 00:00:00,103.5,96.66,103.5,96.08,29203193.0,2879192800.0,2.42,-5.32,,-5.2167
603501,2026-07-24 00:00:00,95.3,96.9,99.65,95.08,20858961.0,2037453400.0,1.729,0.24,,0.2483
603799,2026-07-10 00:00:00,41.9,41.51,43.09,41.5,56024500.0,2364782400.0,2.968,-0.39,,-0.9308
603799,2026-07-13 00:00:00,41.0,39.45,41.08,39.07,57720276.0,2303545100.0,3.058,-2.06,,-4.9627
603799,2026-07-14 00:00:00,39.2,41.4,41.49,38.8,64383874.0,2579818200.0,3.411,1.95,,4.943
603799,2026-07-15 00:00:00,41.02,39.88,41.3,39.75,51546664.0,2082489700.0,2.731,-1.52,,-3.6715
603799,2026-07-16 00:00:00,39.0,38.82,39.75,38.63,49133102.0,1924498600.0,2.603,-1.06,,-2.658
603799,2026-07-17 00:00:00,38.5,37.0,38.98,36.84,62236309.0,2346620000.0,3.297,-1.82,,-4.6883
603799,2026-07-20 00:00:00,37.37,36.21,37.69,35.58,59470987.0,2177717800.0,3.151,-0.79,,-2.1351
603799,2026-07-21 00:00:00,37.58,39.53,39.68,37.58,109589388.0,4262397900.0,5.806,3.32,,9.1687
603799,2026-07-22 00:00:00,39.51,39.8,41.07,39.03,91348680.0,3673662500.0,4.839,0.27,,0.683
603799,2026-07-23 00:00:00,39.8,41.55,41.92,39.6,93060378.0,3821098800.0,4.93,1.75,,4.397
603799,2026-07-24 00:00:00,40.52,39.31,40.87,39.18,64196307.0,2564629400.0,3.401,-2.24,,-5.3911
603893,2026-07-10 00:00:00,210.0,208.8,227.0,207.0,29823496.0,6470294900.0,7.052,-1.2,,-0.5714
603893,2026-07-13 00:00:00,208.79,219.0,227.0,208.78,24399516.0,5380124500.0,5.77,10.2,,4.8851
603893,2026-07-14 00:00:00,219.54,216.91,226.0,204.5,22893747.0,4876770200.0,5.414,-2.09,,-0.9543
603893,2026-07-15 00:00:00,215.0,210.5,218.99,205.51,16154230.0,3419320400.0,3.82,-6.41,,-2.9551
603893,2026-07-16 00:00:00,215.0,222.24,231.55,215.0,32119518.0,7236795500.0,7.595,11.74,,5.5772
603893,2026-07-17 00:00:00,227.0,202.0,230.98,200.4,36204015.0,7807343900.0,8.561,-20.24,,-9.1073
603893,2026-07-20 00:00:00,205.23,208.0,216.0,193.36,31757643.0,6571006500.0,7.51,6.0,,2.9703
603893,2026-07-21 00:00:00,206.91,208.05,212.88,190.0,34333852.0,6993016900.0,8.119,0.05,,0.024
603893,2026-07-22 00:00:00,203.7,228.86,228.86,203.7,37317239.0,8336664700.0,8.824,20.81,,10.0024
603893,2026-07-23 00:00:00,233.22,214.0,233.88,206.0,39937665.0,8693444200.0,9.444,-14.86,,-6.4931
603893,2026-07-24 00:00:00,207.52,221.8,231.0,207.52,32904800.0,7339205100.0,7.781,7.8,,3.6449
603986,2026-07-10 00:00:00,688.0,612.0,707.97,607.18,88745662.0,59381239000.0,13.276,-76.0,,-11.0465
603986,2026-07-13 00:00:00,580.0,550.8,600.0,550.8,66310699.0,37737379000.0,9.919,-61.2,,-10.0
603986,2026-07-14 00:00:00,551.0,583.99,587.2,534.58,67949024.0,38337660000.0,10.165,33.19,,6.0258
603986,2026-07-15 00:00:00,600.0,571.79,608.07,565.29,55370446.0,32494751000.0,8.283,-12.2,,-2.0891
603986,2026-07-16 00:00:00,543.26,514.61,548.0,514.61,54554237.0,28806874000.0,8.161,-57.18,,-10.0002
603986,2026-07-17 00:00:00,500.0,463.15,509.88,463.15,67208333.0,32122306000.0,10.054,-51.46,,-9.9998
603986,2026-07-20 00:00:00,479.0,432.3,485.87,416.88,71262184.0,32260373000.0,10.66,-30.85,,-6.6609
603986,2026-07-21 00:00:00,446.0,475.53,475.53,401.0,74390185.0,33087874000.0,11.128,43.23,,10.0
603986,2026-07-22 00:00:00,479.94,470.0,501.26,460.0,75906055.0,36826043000.0,11.355,-5.53,,-1.1629
603986,2026-07-23 00:00:00,480.0,451.96,483.16,444.22,47134043.0,21669876000.0,7.051,-18.04,,-3.8383
603986,2026-07-24 00:00:00,444.0,457.0,462.5,438.5,50554262.0,22860531000.0,7.562,5.04,,1.1151
603993,2026-07-10 00:00:00,17.54,17.5,18.1,17.26,260316430.0,4587975800.0,1.491,-0.04,,-0.2281
603993,2026-07-13 00:00:00,17.24,16.86,17.24,16.77,192636640.0,3261925200.0,1.103,-0.64,,-3.6571
603993,2026-07-14 00:00:00,16.8,18.21,18.34,16.62,313592600.0,5497052200.0,1.796,1.35,,8.0071
603993,2026-07-15 00:00:00,18.22,17.91,18.46,17.78,254814120.0,4608207000.0,1.459,-0.3,,-1.6474
603993,2026-07-16 00:00:00,17.78,18.2,18.58,17.72,256325260.0,4694044800.0,1.468,0.29,,1.6192
603993,2026-07-17 00:00:00,17.84,17.41,17.9,17.19,213625310.0,3731288400.0,1.224,-0.79,,-4.3407
603993,2026-07-20 00:00:00,17.7,17.99,18.19,17.41,259248020.0,4619612700.0,1.485,0.58,,3.3314
603993,2026-07-21 00:00:00,18.4,18.68,18.83,17.8,324879640.0,5936825900.0,1.861,0.69,,3.8355
603993,2026-07-22 00:00:00,19.0,19.61,20.33,18.9,465912870.0,9192484900.0,2.668,0.93,,4.9786
603993,2026-07-23 00:00:00,19.8,20.03,20.59,19.3,360488900.0,7232734600.0,2.065,0.42,,2.1418
603993,2026-07-24 00:00:00,19.25,19.04,19.8,18.72,273361310.0,5246957500.0,1.566,-0.99,,-4.9426
605117,2026-07-10 00:00:00,85.98,84.0,88.3,83.84,19783760.0,1705822600.0,1.554,-1.98,,-2.3029
605117,2026-07-13 00:00:00,84.5,84.18,87.85,83.0,21855729.0,1875252400.0,1.717,0.18,,0.2143
605117,2026-07-14 00:00:00,84.19,85.7,85.7,83.04,14328196.0,1212786530.0,1.125,1.52,,1.8057
605117,2026-07-15 00:00:00,86.3,85.4,89.19,84.95,15498935.0,1347340000.0,1.217,-0.3,,-0.3501
605117,2026-07-16 00:00:00,84.9,82.62,87.5,82.16,13050629.0,1100303980.0,1.025,-2.78,,-3.2553
605117,2026-07-17 00:00:00,82.0,80.15,83.27,79.47,12570630.0,1017161850.0,0.987,-2.47,,-2.9896
605117,2026-07-20 00:00:00,80.15,79.4,81.87,77.8,16713668.0,1335984130.0,1.313,-0.75,,-0.9357
605117,2026-07-21 00:00:00,79.01,81.27,81.65,77.48,14437961.0,1151921990.0,1.134,1.87,,2.3552
605117,2026-07-22 00:00:00,81.3,80.46,83.13,80.02,12304316.0,1002782260.0,0.966,-0.81,,-0.9967
605117,2026-07-23 00:00:00,80.5,88.51,88.51,80.5,24389299.0,2102832000.0,1.916,8.05,,10.005
605117,2026-07-24 00:00:00,89.55,88.45,92.21,88.28,26787164.0,2411017100.0,2.104,-0.06,,-0.0678
605499,2026-07-10 00:00:00,121.44,121.51,124.3,118.23,7101276.0,862354070.0,1.051,0.07,,0.0576
605499,2026-07-13 00:00:00,120.0,120.6,122.42,117.21,6837057.0,820223450.0,1.011,-0.91,,-0.7489
605499,2026-07-14 00:00:00,120.99,119.18,122.2,117.13,6524439.0,773234770.0,0.965,-1.42,,-1.1774
605499,2026-07-15 00:00:00,118.02,127.45,127.67,117.25,10031326.0,1242530460.0,1.484,8.27,,6.9391
605499,2026-07-16 00:00:00,126.0,129.65,130.79,125.45,9299422.0,1197517400.0,1.376,2.2,,1.7262
605499,2026-07-17 00:00:00,130.0,124.43,132.58,123.22,8069698.0,1024648550.0,1.194,-5.22,,-4.0262
605499,2026-07-20 00:00:00,124.25,126.57,127.85,123.01,6978798.0,877911420.0,1.032,2.14,,1.7198
605499,2026-07-21 00:00:00,126.0,130.8,133.65,125.01,10593630.0,1382887500.0,1.567,4.23,,3.342
605499,2026-07-22 00:00:00,129.34,130.8,131.38,126.66,6293668.0,814183730.0,0.931,0.0,,0.0
605499,2026-07-23 00:00:00,130.01,128.17,130.4,126.0,5360695.0,685116390.0,0.793,-2.63,,-2.0107
605499,2026-07-24 00:00:00,126.77,125.82,128.77,125.45,3839317.0,485224190.0,0.568,-2.35,,-1.8335
688008,2026-07-10 00:00:00,291.51,268.06,297.96,267.99,83099251.0,23714308000.0,7.259,-23.45,,-8.0443
688008,2026-07-13 00:00:00,263.0,252.79,273.99,250.55,56803521.0,14842277000.0,4.962,-15.27,,-5.6965
688008,2026-07-14 00:00:00,252.79,270.0,270.0,248.3,63614209.0,16538871000.0,5.557,17.21,,6.808
688008,2026-07-15 00:00:00,273.09,252.68,275.0,252.68,53509066.0,13901897000.0,4.674,-17.32,,-6.4148
688008,2026-07-16 00:00:00,233.03,211.13,241.38,204.12,116007957.0,25578638000.0,10.134,-41.55,,-16.4437
688008,2026-07-17 00:00:00,205.01,183.6,207.88,182.36,97688828.0,18880477000.0,8.534,-27.53,,-13.0394
688008,2026-07-20 00:00:00,195.0,189.94,198.0,180.25,77142386.0,14545176000.0,6.739,6.34,,3.4532
688008,2026-07-21 00:00:00,197.77,219.6,220.6,181.0,92938640.0,18811111000.0,8.119,29.66,,15.6155
688008,2026-07-22 00:00:00,218.0,223.0,239.0,215.0,90288829.0,20530811000.0,7.887,3.4,,1.5483
688008,2026-07-23 00:00:00,228.45,225.5,230.98,220.3,49001965.0,11030698200.0,4.281,2.5,,1.1211
688008,2026-07-24 00:00:00,224.0,233.66,237.4,223.0,59450624.0,13789726000.0,5.193,8.16,,3.6186
688009,2026-07-10 00:00:00,4.91,4.99,5.02,4.87,35979509.0,178549360.0,0.417,0.08,,1.6293
688009,2026-07-13 00:00:00,4.97,4.96,4.98,4.92,29396568.0,145597950.0,0.341,-0.03,,-0.6012
688009,2026-07-14 00:00:00,4.96,5.02,5.03,4.93,30688663.0,152706260.0,0.356,0.06,,1.2097
688009,2026-07-15 00:00:00,5.02,5.04,5.06,4.98,35182605.0,176258610.0,0.408,0.02,,0.3984
688009,2026-07-16 00:00:00,5.03,4.97,5.04,4.96,27831146.0,138835020.0,0.323,-0.07,,-1.3889
688009,2026-07-17 00:00:00,4.97,4.95,5.01,4.91,41305718.0,205005530.0,0.479,-0.02,,-0.4024
688009,2026-07-20 00:00:00,4.96,5.16,5.18,4.96,64049260.0,324176180.0,0.743,0.21,,4.2424
688009,2026-07-21 00:00:00,5.14,5.23,5.27,5.05,77247761.0,399547150.0,0.896,0.07,,1.3566
688009,2026-07-22 00:00:00,5.2,5.13,5.22,5.08,42022328.0,215236350.0,0.487,-0.1,,-1.912
688009,2026-07-23 00:00:00,5.14,5.17,5.18,5.1,29704644.0,152686750.0,0.345,0.04,,0.7797
688009,2026-07-24 00:00:00,5.17,5.07,5.17,5.06,25149400.0,128460936.0,0.292,-0.1,,-1.9342
688012,2026-07-10 00:00:00,471.59,434.51,492.05,434.0,37994710.0,17798377000.0,4.033,-37.08,,-7.8628
688012,2026-07-13 00:00:00,421.47,408.6,443.6,402.03,36380764.0,15345631000.0,3.861,-25.91,,-5.963
688012,2026-07-14 00:00:00,400.43,405.3,415.0,379.0,35642993.0,14227169000.0,3.783,-3.3,,-0.8076
688012,2026-07-15 00:00:00,414.0,391.29,414.8,385.85,26111292.0,10383998100.0,2.771,-14.01,,-3.4567
688012,2026-07-16 00:00:00,383.18,361.42,391.0,359.09,31869135.0,11893783000.0,3.382,-29.87,,-7.6337
688012,2026-07-17 00:00:00,364.62,350.69,368.04,341.86,37124423.0,13191835600.0,3.94,-10.73,,-2.9688
688012,2026-07-20 00:00:00,355.0,342.5,361.97,332.99,36684652.0,12719411200.0,3.894,-8.19,,-2.3354
688012,2026-07-21 00:00:00,352.97,407.89,409.0,341.02,44991412.0,16645556000.0,4.775,65.39,,19.092
688012,2026-07-22 00:00:00,395.34,392.99,408.0,381.2,34705494.0,13733988000.0,3.684,-14.9,,-3.6529
688012,2026-07-23 00:00:00,398.97,375.2,399.0,367.0,26321332.0,9961174700.0,2.794,-17.79,,-4.5268
688012,2026-07-24 00:00:00,370.0,388.5,396.0,363.56,26443325.0,10162906800.0,2.807,13.3,,3.5448
688036,2026-07-10 00:00:00,66.4,68.5,71.58,64.66,35608504.0,2431228800.0,3.093,2.1,,3.1627
688036,2026-07-13 00:00:00,66.7,64.43,67.5,63.93,20781054.0,1360150400.0,1.805,-4.07,,-5.9416
688036,2026-07-14 00:00:00,64.43,62.4,65.12,61.38,17388710.0,1085696250.0,1.511,-2.03,,-3.1507
688036,2026-07-15 00:00:00,62.38,61.4,63.4,61.01,18287239.0,1128933860.0,1.589,-1.0,,-1.6026
688036,2026-07-16 00:00:00,62.0,65.43,68.51,61.41,33491527.0,2210873700.0,2.909,4.03,,6.5635
688036,2026-07-17 00:00:00,66.0,62.28,67.99,61.66,28637231.0,1842055000.0,2.488,-3.15,,-4.8143
688036,2026-07-20 00:00:00,64.78,61.05,64.96,58.61,33151178.0,2025637900.0,2.88,-1.23,,-1.975
688036,2026-07-21 00:00:00,61.9,59.96,62.0,58.3,24724842.0,1478944600.0,2.148,-1.09,,-1.7854
688036,2026-07-22 00:00:00,59.21,60.05,62.66,58.9,24080426.0,1464770800.0,2.092,0.09,,0.1501
688036,2026-07-23 00:00:00,60.5,61.78,63.27,59.69,19866057.0,1234008850.0,1.726,1.73,,2.8809
688036,2026-07-24 00:00:00,61.5,59.96,62.33,59.8,10752351.0,652797900.0,0.934,-1.82,,-2.9459
688041,2026-07-10 00:00:00,366.0,353.0,395.17,352.51,51342374.0,19281653000.0,2.209,-13.0,,-3.5519
688041,2026-07-13 00:00:00,347.0,345.0,370.3,339.1,36402947.0,12969860100.0,1.566,-8.0,,-2.2663
688041,2026-07-14 00:00:00,347.9,340.85,351.01,319.09,39988017.0,13460353000.0,1.72,-4.15,,-1.2029
688041,2026-07-15 00:00:00,346.0,324.11,347.5,320.51,26855813.0,8875621600.0,1.155,-16.74,,-4.9113
688041,2026-07-16 00:00:00,319.78,320.4,337.5,315.0,27996349.0,9141122200.0,1.205,-3.71,,-1.1447
688041,2026-07-17 00:00:00,317.0,304.88,323.62,298.0,35790245.0,11054575500.0,1.54,-15.52,,-4.8439
688041,2026-07-20 00:00:00,311.0,320.12,320.99,299.92,36494316.0,11296798600.0,1.57,15.24,,4.9987
688041,2026-07-21 00:00:00,326.2,344.53,344.53,306.23,41679318.0,13621516000.0,1.793,24.41,,7.6253
688041,2026-07-22 00:00:00,338.0,331.6,349.0,324.69,32887927.0,11088525200.0,1.415,-12.93,,-3.7529
688041,2026-07-23 00:00:00,334.82,312.0,335.35,310.18,25653351.0,8187111700.0,1.104,-19.6,,-5.9107
688041,2026-07-24 00:00:00,311.0,314.28,319.36,303.0,19810487.0,6207368100.0,0.852,2.28,,0.7308
688047,2026-07-10 00:00:00,149.0,147.1,153.89,147.03,11516490.0,1738182300.0,2.872,-1.9,,-1.2752
688047,2026-07-13 00:00:00,146.03,138.5,149.4,138.23,9234855.0,1329460020.0,2.303,-8.6,,-5.8464
688047,2026-07-14 00:00:00,140.5,133.84,141.0,127.0,10820433.0,1437505800.0,2.698,-4.66,,-3.3646
688047,2026-07-15 00:00:00,133.83,129.0,135.68,128.04,6635351.0,870264060.0,1.655,-4.84,,-3.6163
688047,2026-07-16 00:00:00,127.36,126.48,132.05,125.52,7117428.0,913005250.0,1.775,-2.52,,-1.9535
688047,2026-07-17 00:00:00,125.6,114.3,126.2,113.9,9336288.0,1121633950.0,2.328,-12.18,,-9.63
688047,2026-07-20 00:00:00,115.51,114.11,116.8,106.61,8087539.0,906564570.0,2.017,-0.19,,-0.1662
688047,2026-07-21 00:00:00,114.0,117.47,118.48,108.0,8790519.0,1000880470.0,2.192,3.36,,2.9445
688047,2026-07-22 00:00:00,115.0,114.03,117.98,113.0,6548945.0,757605200.0,1.633,-3.44,,-2.9284
688047,2026-07-23 00:00:00,114.32,110.77,114.61,110.6,4933814.0,552812960.0,1.23,-3.26,,-2.8589
688047,2026-07-24 00:00:00,109.02,106.92,110.51,106.92,4714273.0,513322230.0,1.176,-3.85,,-3.4757
688082,2026-07-10 00:00:00,432.5,392.89,445.65,385.0,9495597.0,3964806000.0,1.989,-39.61,,-9.1584
688082,2026-07-13 00:00:00,380.0,399.06,419.0,372.0,8912683.0,3492724100.0,1.867,6.17,,1.5704
688082,2026-07-14 00:00:00,393.86,387.88,413.88,360.0,8622159.0,3352136600.0,1.806,-11.18,,-2.8016
688082,2026-07-15 00:00:00,400.37,352.37,404.0,348.0,9037643.0,3284822200.0,1.893,-35.51,,-9.1549
688082,2026-07-16 00:00:00,329.93,322.47,351.99,320.5,7627196.0,2547453100.0,1.598,-29.9,,-8.4854
688082,2026-07-17 00:00:00,328.23,300.5,330.0,300.0,9044827.0,2826255000.0,1.895,-21.97,,-6.813
688082,2026-07-20 00:00:00,309.52,282.45,315.0,272.0,9226994.0,2702368400.0,1.933,-18.05,,-6.0067
688082,2026-07-21 00:00:00,288.0,326.0,328.65,267.0,11419556.0,3428532900.0,2.392,43.55,,15.4187
688082,2026-07-22 00:00:00,320.0,310.62,332.9,303.05,9369065.0,2993193500.0,1.963,-15.38,,-4.7178
688082,2026-07-23 00:00:00,315.67,292.15,315.89,289.0,6920428.0,2061273000.0,1.45,-18.47,,-5.9462
688082,2026-07-24 00:00:00,287.97,299.99,308.68,285.37,7610020.0,2265817300.0,1.594,7.84,,2.6836
688111,2026-07-10 00:00:00,225.0,233.76,242.8,222.68,14520676.0,3396556500.0,3.129,8.76,,3.8933
688111,2026-07-13 00:00:00,230.55,226.55,233.16,223.9,9525569.0,2165070600.0,2.053,-7.21,,-3.0844
688111,2026-07-14 00:00:00,225.5,222.63,228.83,215.68,8796340.0,1942023600.0,1.896,-3.92,,-1.7303
688111,2026-07-15 00:00:00,222.88,236.71,239.5,222.85,13139462.0,3076761100.0,2.832,14.08,,6.3244
688111,2026-07-16 00:00:00,234.0,238.12,241.0,228.0,12344368.0,2905577900.0,2.66,1.41,,0.5957
688111,2026-07-17 00:00:00,234.0,223.5,240.0,223.5,11962261.0,2757160200.0,2.578,-14.62,,-6.1398
688111,2026-07-20 00:00:00,229.95,244.27,245.0,223.96,16367883.0,3851884700.0,3.528,20.77,,9.2931
688111,2026-07-21 00:00:00,240.98,247.55,249.37,240.0,16421644.0,4026813300.0,3.539,3.28,,1.3428
688111,2026-07-22 00:00:00,242.6,239.92,244.3,237.65,10825989.0,2602072100.0,2.333,-7.63,,-3.0822
688111,2026-07-23 00:00:00,239.7,238.39,239.7,230.01,7604688.0,1796273500.0,1.639,-1.53,,-0.6377
688111,2026-07-24 00:00:00,236.05,226.93,236.25,226.8,8236546.0,1890536300.0,1.775,-11.46,,-4.8072
688126,2026-07-10 00:00:00,38.23,36.4,40.35,36.28,212238710.0,8166724700.0,7.468,-1.83,,-4.7868
688126,2026-07-13 00:00:00,35.7,35.86,37.85,35.27,160262380.0,5856752000.0,5.639,-0.54,,-1.4835
688126,2026-07-14 00:00:00,35.54,34.58,36.09,32.01,165679340.0,5638161400.0,5.83,-1.28,,-3.5694
688126,2026-07-15 00:00:00,35.5,31.04,35.9,30.88,158416220.0,5154280800.0,5.574,-3.54,,-10.2371
688126,2026-07-16 00:00:00,29.8,28.9,31.65,28.7,132664649.0,3978037600.0,4.668,-2.14,,-6.8943
688126,2026-07-17 00:00:00,28.88,26.66,29.4,26.35,150092320.0,4181184000.0,5.281,-2.24,,-7.7509
688126,2026-07-20 00:00:00,27.62,25.3,27.94,24.25,153200680.0,3987452600.0,5.39,-1.36,,-5.1013
688126,2026-07-21 00:00:00,25.8,27.68,27.89,23.33,178312780.0,4583831200.0,6.274,2.38,,9.4071
688126,2026-07-22 00:00:00,27.58,26.6,27.97,26.3,136372980.0,3705044100.0,4.798,-1.08,,-3.9017
688126,2026-07-23 00:00:00,26.71,25.86,27.02,25.34,93112219.0,2422100600.0,3.276,-0.74,,-2.782
688126,2026-07-24 00:00:00,25.3,25.82,26.4,25.29,85350078.0,2207451500.0,3.003,-0.04,,-0.1547
688169,2026-07-10 00:00:00,96.21,99.49,101.05,95.17,7727941.0,768385020.0,2.981,3.28,,3.4092
688169,2026-07-13 00:00:00,98.77,98.57,99.55,97.65,5729050.0,567847090.0,2.21,-0.92,,-0.9247
688169,2026-07-14 00:00:00,98.48,99.17,101.75,97.57,5618656.0,561438850.0,2.167,0.6,,0.6087
688169,2026-07-15 00:00:00,98.46,102.39,104.34,97.55,7656518.0,778553830.0,2.953,3.22,,3.2469
688169,2026-07-16 00:00:00,101.47,105.47,106.9,101.05,10951638.0,1152925030.0,4.224,3.08,,3.0081
688169,2026-07-17 00:00:00,105.47,98.64,105.47,98.15,9780292.0,993697410.0,3.772,-6.83,,-6.4758
688169,2026-07-20 00:00:00,99.13,101.67,103.88,96.54,9740428.0,973192130.0,3.757,3.03,,3.0718
688169,2026-07-21 00:00:00,100.98,103.29,106.96,100.98,10488638.0,1097641480.0,4.046,1.62,,1.5934
688169,2026-07-22 00:00:00,102.32,100.8,102.92,99.42,6611242.0,665235870.0,2.55,-2.49,,-2.4107
688169,2026-07-23 00:00:00,99.76,100.34,101.2,99.23,3577019.0,358776690.0,1.38,-0.46,,-0.4563
688169,2026-07-24 00:00:00,99.3,97.06,99.86,96.83,3750557.0,368480060.0,1.447,-3.28,,-3.2689
688187,2026-07-10 00:00:00,54.78,50.92,55.5,50.91,21882162.0,1164220230.0,2.518,-3.86,,-7.0464
688187,2026-07-13 00:00:00,50.7,49.1,51.03,48.98,13406317.0,666998750.0,1.543,-1.82,,-3.5742
688187,2026-07-14 00:00:00,49.53,48.18,49.53,47.04,12910804.0,623935770.0,1.486,-0.92,,-1.8737
688187,2026-07-15 00:00:00,48.26,47.5,48.38,46.84,10278553.0,488039780.0,1.183,-0.68,,-1.4114
688187,2026-07-16 00:00:00,47.5,47.6,48.4,47.0,8481056.0,405944230.0,0.976,0.1,,0.2105
688187,2026-07-17 00:00:00,47.2,45.73,47.6,44.22,13502096.0,618872120.0,1.554,-1.87,,-3.9286
688187,2026-07-20 00:00:00,45.99,48.08,48.3,44.44,13618969.0,627414580.0,1.567,2.35,,5.1389
688187,2026-07-21 00:00:00,47.2,49.29,49.62,47.2,12615178.0,612035320.0,1.452,1.21,,2.5166
688187,2026-07-22 00:00:00,48.77,47.0,49.0,46.78,9001779.0,432784600.0,1.036,-2.29,,-4.646
688187,2026-07-23 00:00:00,47.15,47.61,47.65,46.81,5505042.0,260412250.0,0.634,0.61,,1.2979
688187,2026-07-24 00:00:00,47.06,45.5,47.06,45.48,6844548.0,316355080.0,0.788,-2.11,,-4.4318
688223,2026-07-10 00:00:00,4.3,4.39,4.55,4.26,145614440.0,645156860.0,1.418,0.09,,2.093
688223,2026-07-13 00:00:00,4.37,4.06,4.39,4.05,146444160.0,608448140.0,1.426,-0.33,,-7.5171
688223,2026-07-14 00:00:00,4.05,4.08,4.1,3.98,93597063.0,379000950.0,0.911,0.02,,0.4926
688223,2026-07-15 00:00:00,4.05,4.15,4.23,4.02,95322885.0,396395950.0,0.928,0.07,,1.7157
688223,2026-07-16 00:00:00,4.13,4.09,4.17,4.06,76470106.0,314198680.0,0.745,-0.06,,-1.4458
688223,2026-07-17 00:00:00,4.09,4.01,4.15,3.99,105714317.0,429933070.0,1.029,-0.08,,-1.956
688223,2026-07-20 00:00:00,4.03,4.17,4.19,3.92,150228470.0,607203030.0,1.463,0.16,,3.99
688223,2026-07-21 00:00:00,4.13,4.18,4.19,4.06,130612768.0,538666840.0,1.272,0.01,,0.2398
688223,2026-07-22 00:00:00,4.14,4.16,4.28,4.12,108449963.0,454603080.0,1.056,-0.02,,-0.4785
688223,2026-07-23 00:00:00,4.15,4.29,4.3,4.13,117306545.0,495108630.0,1.142,0.13,,3.125
688223,2026-07-24 00:00:00,4.24,4.05,4.26,4.05,97856800.0,405625240.0,0.953,-0.24,,-5.5944
688256,2026-07-10 00:00:00,1542.98,1400.0,1569.97,1400.0,13195045.0,19901971000.0,2.1,-142.98,,-9.2665
688256,2026-07-13 00:00:00,1421.4,1390.0,1504.96,1363.0,16476372.0,23601714000.0,2.622,-10.0,,-0.7143
688256,2026-07-14 00:00:00,1410.0,1411.0,1425.98,1315.0,13659840.0,18832581000.0,2.174,21.0,,1.5108
688256,2026-07-15 00:00:00,1420.0,1347.46,1425.0,1334.0,9470250.0,12981052500.0,1.507,-63.54,,-4.5032
688256,2026-07-16 00:00:00,1305.9,1279.22,1357.77,1261.0,13208718.0,17259534000.0,2.102,-68.24,,-5.0643
688256,2026-07-17 00:00:00,1268.0,1190.58,1278.0,1156.0,16650126.0,20207710000.0,2.65,-88.64,,-6.9292
688256,2026-07-20 00:00:00,1240.0,1209.0,1278.53,1167.0,16139997.0,19752324000.0,2.569,18.42,,1.5471
688256,2026-07-21 00:00:00,1260.0,1350.02,1357.46,1208.0,17184383.0,22090558000.0,2.735,141.02,,11.6642
688256,2026-07-22 00:00:00,1320.66,1310.0,1382.8,1285.0,13275708.0,17766966000.0,2.113,-40.02,,-2.9644
688256,2026-07-23 00:00:00,1336.0,1249.0,1336.0,1233.0,10861225.0,13758461000.0,1.729,-61.0,,-4.6565
688256,2026-07-24 00:00:00,1235.98,1225.0,1265.0,1210.0,8586383.0,10630781300.0,1.367,-24.0,,-1.9215
688271,2026-07-10 00:00:00,107.25,108.82,110.25,106.22,8279965.0,902197750.0,1.005,1.57,,1.4639
688271,2026-07-13 00:00:00,108.82,108.21,109.32,107.02,5842757.0,635174640.0,0.709,-0.61,,-0.5606
688271,2026-07-14 00:00:00,107.45,110.03,110.32,107.45,7176231.0,788280210.0,0.871,1.82,,1.6819
688271,2026-07-15 00:00:00,109.72,108.82,112.81,108.12,10561228.0,1171220810.0,1.282,-1.21,,-1.0997
688271,2026-07-16 00:00:00,107.83,111.54,112.27,107.78,8726471.0,964308980.0,1.059,2.72,,2.4995
688271,2026-07-17 00:00:00,112.12,110.19,113.25,109.68,8809320.0,979133770.0,1.069,-1.35,,-1.2103
688271,2026-07-20 00:00:00,109.09,118.0,119.85,107.89,13911975.0,1586829800.0,1.688,7.81,,7.0878
688271,2026-07-21 00:00:00,116.82,114.52,118.05,113.23,11734830.0,1352517900.0,1.424,-3.48,,-2.9492
688271,2026-07-22 00:00:00,113.77,113.84,114.76,112.28,7114791.0,806369770.0,0.863,-0.68,,-0.5938
688271,2026-07-23 00:00:00,113.68,113.85,114.6,112.19,5181826.0,588290210.0,0.629,0.01,,0.0088
688271,2026-07-24 00:00:00,113.5,109.77,113.96,109.77,5679467.0,631811550.0,0.689,-4.08,,-3.5837
688303,2026-07-10 00:00:00,16.37,16.52,17.0,16.3,14221572.0,237778660.0,0.663,0.15,,0.9163
688303,2026-07-13 00:00:00,16.5,15.54,16.5,15.39,13545971.0,214017220.0,0.632,-0.98,,-5.9322
688303,2026-07-14 00:00:00,15.54,15.63,15.74,15.41,9218897.0,143309930.0,0.43,0.09,,0.5792
688303,2026-07-15 00:00:00,15.59,15.81,16.11,15.5,8645926.0,137216640.0,0.403,0.18,,1.1516
688303,2026-07-16 00:00:00,15.96,15.8,15.98,15.64,7952398.0,125732445.0,0.371,-0.01,,-0.0633
688303,2026-07-17 00:00:00,15.85,15.8,16.1,15.65,11250854.0,178341300.0,0.525,0.0,,0.0
688303,2026-07-20 00:00:00,15.73,16.61,16.85,15.72,13763794.0,222350900.0,0.642,0.81,,5.1266
688303,2026-07-21 00:00:00,16.45,16.59,16.75,16.37,11679481.0,193362690.0,0.544,-0.02,,-0.1204
688303,2026-07-22 00:00:00,16.56,16.82,16.85,16.3,10792921.0,179355500.0,0.503,0.23,,1.3864
688303,2026-07-23 00:00:00,16.71,17.45,17.56,16.65,13808967.0,237355600.0,0.644,0.63,,3.7455
688303,2026-07-24 00:00:00,17.27,16.72,17.38,16.72,9132547.0,155529240.0,0.426,-0.73,,-4.1834
688396,2026-07-10 00:00:00,92.9,79.1,94.6,78.98,59051334.0,5095354500.0,4.446,-13.8,,-14.8547
688396,2026-07-13 00:00:00,77.91,77.6,80.95,77.0,33194885.0,2623154200.0,2.499,-1.5,,-1.8963
688396,2026-07-14 00:00:00,77.6,75.88,78.58,72.19,35129830.0,2640683600.0,2.645,-1.72,,-2.2165
688396,2026-07-15 00:00:00,77.18,70.17,77.24,69.6,32125067.0,2312003800.0,2.419,-5.71,,-7.525
688396,2026-07-16 00:00:00,69.0,65.5,70.8,64.98,32548099.0,2196135400.0,2.451,-4.67,,-6.6553
688396,2026-07-17 00:00:00,64.89,62.01,65.88,61.1,33348549.0,2116908500.0,2.511,-3.49,,-5.3282
688396,2026-07-20 00:00:00,63.85,59.53,63.9,57.2,34491475.0,2069160800.0,2.597,-2.48,,-3.9994
688396,2026-07-21 00:00:00,60.0,65.28,65.38,55.0,43794010.0,2666622600.0,3.297,5.75,,9.659
688396,2026-07-22 00:00:00,63.35,63.1,66.64,62.6,33712389.0,2177551000.0,2.538,-2.18,,-3.3395
688396,2026-07-23 00:00:00,63.96,61.12,63.96,60.4,20010573.0,1232331080.0,1.507,-1.98,,-3.1379
688396,2026-07-24 00:00:00,59.9,60.4,61.5,59.39,18448474.0,1116297030.0,1.389,-0.72,,-1.178
688472,2026-07-10 00:00:00,9.84,10.01,10.38,9.8,57162260.0,582304070.0,1.569,0.17,,1.7276
688472,2026-07-13 00:00:00,9.96,9.17,9.99,9.14,64201070.0,611005470.0,1.762,-0.84,,-8.3916
688472,2026-07-14 00:00:00,9.15,9.22,9.22,8.98,47638865.0,439076820.0,1.308,0.05,,0.5453
688472,2026-07-15 00:00:00,9.22,9.38,9.62,9.2,44392779.0,419039560.0,1.219,0.16,,1.7354
688472,2026-07-16 00:00:00,9.35,9.23,9.46,9.19,34642570.0,322091820.0,0.951,-0.15,,-1.5991
688472,2026-07-17 00:00:00,9.23,9.02,9.31,8.98,50884304.0,464556010.0,1.397,-0.21,,-2.2752
688472,2026-07-20 00:00:00,9.12,9.47,9.49,9.0,59859039.0,550122100.0,1.643,0.45,,4.9889
688472,2026-07-21 00:00:00,9.38,10.03,10.05,9.31,88702910.0,852535840.0,2.435,0.56,,5.9134
688472,2026-07-22 00:00:00,9.7,9.56,9.84,9.52,71841219.0,693139000.0,1.972,-0.47,,-4.6859
688472,2026-07-23 00:00:00,9.5,9.82,9.87,9.42,52362590.0,505752870.0,1.437,0.26,,2.7197
688472,2026-07-24 00:00:00,9.69,9.3,9.74,9.3,39765346.0,377875440.0,1.092,-0.52,,-5.2953
688506,2026-07-10 00:00:00,307.0,310.9,316.5,297.1,2815922.0,871600980.0,0.682,3.9,,1.2704
688506,2026-07-13 00:00:00,307.5,299.59,312.5,297.02,2065871.0,627109350.0,0.5,-11.31,,-3.6378
688506,2026-07-14 00:00:00,298.0,304.1,305.87,292.12,1976105.0,594296280.0,0.479,4.51,,1.5054
688506,2026-07-15 00:00:00,303.64,333.58,343.0,300.07,4085629.0,1341799620.0,0.99,29.48,,9.6942
688506,2026-07-16 00:00:00,325.0,332.83,347.99,321.05,2943526.0,983672050.0,0.713,-0.75,,-0.2248
688506,2026-07-17 00:00:00,333.57,313.0,339.0,301.11,3708220.0,1169006250.0,0.898,-19.83,,-5.958
688506,2026-07-20 00:00:00,308.0,336.2,340.0,303.01,3181293.0,1032652800.0,0.771,23.2,,7.4121
688506,2026-07-21 00:00:00,332.2,341.7,344.6,324.0,2820361.0,945210380.0,0.683,5.5,,1.6359
688506,2026-07-22 00:00:00,337.0,330.99,353.0,325.52,2851448.0,965328980.0,0.691,-10.71,,-3.1343
688506,2026-07-23 00:00:00,327.01,331.8,335.7,322.51,1592189.0,524990840.0,0.386,0.81,,0.2447
688506,2026-07-24 00:00:00,325.88,311.0,331.56,307.0,2260495.0,714549930.0,0.548,-20.8,,-6.2688
688981,2026-07-10 00:00:00,173.0,163.02,176.34,162.58,112708895.0,19217465000.0,5.637,-9.98,,-5.7688
688981,2026-07-13 00:00:00,160.01,163.58,172.44,160.01,108133330.0,17953926000.0,5.408,0.56,,0.3435
688981,2026-07-14 00:00:00,165.66,160.99,166.88,150.2,116279416.0,18261642000.0,5.815,-2.59,,-1.5833
688981,2026-07-15 00:00:00,160.0,153.64,162.78,150.25,83488259.0,12924378100.0,4.175,-7.35,,-4.5655
688981,2026-07-16 00:00:00,146.0,151.8,160.47,145.99,84258615.0,13055294800.0,4.214,-1.84,,-1.1976
688981,2026-07-17 00:00:00,150.01,139.88,155.51,139.02,102952043.0,15171663000.0,5.149,-11.92,,-7.8524
688981,2026-07-20 00:00:00,145.0,144.0,147.47,138.11,93942500.0,13464938000.0,4.698,4.12,,2.9454
688981,2026-07-21 00:00:00,148.0,160.0,161.4,140.58,113980756.0,17265065000.0,5.7,16.0,,11.1111
688981,2026-07-22 00:00:00,156.0,155.59,160.4,153.38,79970452.0,12542088800.0,3.999,-4.41,,-2.7562
688981,2026-07-23 00:00:00,157.0,145.09,157.49,143.56,74815163.0,11094557900.0,3.742,-10.5,,-6.7485
688981,2026-07-24 00:00:00,145.31,143.73,148.6,142.56,47743275.0,6943302000.0,2.388,-1.36,,-0.9373
